31 31 31
-25.0 0.0 4.0
0.0 50.0 8.0
-12.070774200387321
-12.070774270163405
-12.070774348337181
-12.07077443792648
-12.070774543033584
-12.070774669234972
-12.07077482411104
-12.070775017966263
-12.070775264808052
-12.070775587969795
-12.070776027778217
-12.070776630792293
-12.070777448015964
-12.070778552986676
-12.070780050206647
-12.070782109939694
-12.070784902486377
-12.07078868013944
-12.070793777129916
-12.07080081176148
-12.070810352734462
-12.070823265170601
-12.07084069511987
-12.070864635469313
-12.070897222863303
-12.070941340980143
-12.071000918676361
-12.071082346737025
-12.071193554668454
-12.071344121377505
-12.071547456190016
-12.059328518049643
-12.059328653333008
-12.059328791656322
-12.059328934112047
-12.059329082185185
-12.059329237894394
-12.059329403983755
-12.059329584183455
-12.059329783564122
-12.059330020749288
-12.059330344581511
-12.059330798883845
-12.05933140965068
-12.059332223711296
-12.059333317131122
-12.059334870414418
-12.05933696182114
-12.059339754586313
-12.059343446794962
-12.059348756017895
-12.059355914915134
-12.059365491639388
-12.059378177049076
-12.059396101104449
-12.059420595923132
-12.059453418409758
-12.059496986347899
-12.059557475834904
-12.059641233795602
-12.059753633676308
-12.059903105296364
-12.401898406502049
-12.401898548469369
-12.401898692679067
-12.401898839936974
-12.40189899133849
-12.40189914837265
-12.401899313063575
-12.401899488162792
-12.401899677410563
-12.401899898445548
-12.401900200423189
-12.401900626007308
-12.401901197259269
-12.401901956468995
-12.401902974402539
-12.401904429773879
-12.401906386677982
-12.40190899308693
-12.401912424668318
-12.401917399998204
-12.401924100961086
-12.40193304438409
-12.401944845658798
-12.40196161582449
-12.401984551590076
-12.402015222145238
-12.402055792435467
-12.402112298395018
-12.40219075346676
-12.40229585076323
-12.40243517738168
-12.92115782515256
-12.921157948077573
-12.921158072982355
-12.921158200578379
-12.92115833183276
-12.92115846806019
-12.921158611047764
-12.9211587632248
-12.921158927893618
-12.921159120403697
-12.921159383401735
-12.921159753962774
-12.92116025139917
-12.92116091260433
-12.921161799216815
-12.921163066409038
-12.921164770403722
-12.92116704026203
-12.921170029382399
-12.921174361321684
-12.921180196057133
-12.921187984253233
-12.921198263119793
-12.921212865308682
-12.92123283482589
-12.921259540991255
-12.92129487267693
-12.921344071872399
-12.921412367403233
-12.921503855745453
-12.921625148525239
-13.62055142983069
-13.620551527400417
-13.620551626818878
-13.620551728750447
-13.620551834098244
-13.620551944089925
-13.620552060394308
-13.62055218527992
-13.6205523218305
-13.62055248278687
-13.620552702613729
-13.620553011711596
-13.62055342693601
-13.620553979575886
-13.620554721206364
-13.620555778126898
-13.620557200240292
-13.620559096814155
-13.620561599031872
-13.620565211917185
-13.620570080679563
-13.620576586276146
-13.620585187210134
-13.62059737451538
-13.620614035847867
-13.620636338614283
-13.620665891386158
-13.620706985968273
-13.620763963356946
-13.62084035420558
-13.620941779219915
-14.582296788722633
-14.582296927134651
-14.582297067175318
-14.582297209429932
-14.582297354694083
-14.582297504049297
-14.582297658965725
-14.582297821441845
-14.582297994194288
-14.5822981932993
-14.582298465445714
-14.582298850273208
-14.58229936622138
-14.582300050489499
-14.582300966742862
-14.58230228291971
-14.582304050901673
-14.582306401230635
-14.582309486227835
-14.582313986201177
-14.582320041840044
-14.5823281103059
-14.58233872707756
-14.582353877207941
-14.582374608951984
-14.5824022905258
-14.582438813329771
-14.582489799328364
-14.582560729279447
-14.582655620227584
-14.582781124711499
-15.631171114376276
-15.631171280528347
-15.631171448199048
-15.631171617934116
-15.631171790475394
-15.63117196683133
-15.631172148372745
-15.631172336963091
-15.631172535135457
-15.631172761310745
-15.631173070567886
-15.63117350896011
-15.631174096220088
-15.631174873846618
-15.63117591409369
-15.631177413626466
-15.631179426421376
-15.631182098441275
-15.631185597705873
-15.631190725012653
-15.631197620576973
-15.63120679663137
-15.631218845514843
-15.631236093019938
-15.631259704911182
-15.631291197324746
-15.631332669454
-15.63139066564791
-15.63147146840029
-15.631579465713486
-15.631722065704594
-16.108583221200078
-16.10858348845965
-16.10858375777695
-16.108584029891446
-16.10858430580831
-16.108584586893972
-16.108584875005853
-16.108585172668878
-16.10858548331532
-16.108585835801705
-16.10858631787054
-16.108587002248967
-16.108587918557742
-16.10858913076445
-16.108590751411423
-16.10859309248815
-16.1085962334905
-16.10860039972449
-16.108605848368605
-16.108613853519543
-16.108624615408324
-16.108638925698216
-16.108657692629883
-16.10868460674968
-16.108721461317547
-16.10877058332221
-16.10883519779914
-16.1089256495507
-16.109051779182852
-16.109220258028845
-16.1094424866134
-17.352826788319007
-17.352827088554886
-17.352827390787617
-17.352827695734764
-17.352828004371798
-17.35282831802469
-17.35282863849594
-17.35282896823577
-17.3528293105749
-17.352829697297697
-17.352830226275348
-17.3528309781044
-17.352831984327626
-17.352833314529242
-17.352835092129375
-17.352837664055905
-17.352841113624144
-17.352845686190832
-17.352851659968696
-17.352860454814216
-17.352872274974438
-17.352887983407722
-17.352908563988432
-17.352938121325142
-17.352978603004594
-17.35303253176729
-17.353103406567616
-17.35320269996098
-17.353341250546453
-17.35352623641834
-17.353770042348167
-18.805760107215377
-18.805760460932046
-18.805760816649713
-18.805761175087447
-18.80576153722272
-18.805761904384273
-18.80576227837831
-18.805762661660125
-18.805763057567372
-18.8057635028395
-18.805764112002443
-18.805764978776327
-18.8057661383875
-18.805767670273315
-18.805769716479357
-18.805772681761024
-18.805776657587504
-18.805781924370326
-18.805788797937524
-18.80579893830742
-18.805812563028052
-18.8058306593577
-18.805854345813362
-18.80588841231248
-18.805935078980504
-18.805997216479454
-18.80607880945531
-18.806193210881275
-18.806352953694255
-18.806565894626925
-18.806846111029163
-20.500856223700602
-20.500856585516722
-20.500856949175446
-20.500857315338965
-20.50085768490744
-20.500858059104438
-20.500858439593255
-20.500858828634904
-20.500859229302964
-20.500859678767767
-20.500860293725157
-20.50086116932494
-20.50086234047602
-20.500863886958165
-20.50086595211769
-20.500868947668817
-20.500872963288376
-20.500878280778856
-20.50088521625589
-20.500895460294956
-20.500909221980148
-20.500927494011957
-20.50095139681993
-20.500985802914414
-20.50103293945873
-20.5010956829962
-20.5011780280917
-20.50129353413493
-20.501454875492453
-20.501669979603996
-20.50195298265701
-22.35424447955489
-22.35424490085953
-22.35424532393002
-22.354245749400945
-22.354246178134915
-22.354246611304543
-22.35424705050382
-22.354247497899514
-22.354247956437106
-22.354248468635085
-22.354249169534476
-22.354250168597463
-22.3542515043821
-22.354253267039468
-22.35425561985551
-22.354259037947273
-22.35426361851188
-22.35426968033914
-22.35427757861744
-22.354289268089257
-22.35430496727349
-22.3543258002907
-22.354353027893325
-22.354392274072936
-22.354446051675346
-22.35451760038614
-22.354611422630885
-22.354743129769094
-22.35492722259503
-22.355172737258464
-22.355495671031594
-24.442391772048957
-24.442392238167695
-24.442392705957577
-24.442393176019113
-24.44239364916867
-24.44239412651591
-24.442394609569313
-24.44239510037945
-24.442395601733725
-24.44239616010542
-24.442396924273687
-24.442398014353
-24.442399471447438
-24.44240139325435
-24.442403957728025
-24.442407687331453
-24.44241268422504
-24.442419294153762
-24.442427900486546
-24.442440655626925
-24.442457782775833
-24.44248050196212
-24.442510175375105
-24.44255298826694
-24.442611660840214
-24.4426896956202
-24.442791963055644
-24.442935602801704
-24.44313646607085
-24.443404269115007
-24.44375633670559
-26.49802311225863
-26.498023624086528
-26.498024137601522
-26.498024653409896
-26.49802517233578
-26.49802569549947
-26.498026224423853
-26.498026761179055
-26.498027308579147
-26.49802791735741
-26.498028750555076
-26.498029939546804
-26.49803152865337
-26.498033624083494
-26.498036419829177
-26.498040487918875
-26.49804593771911
-26.498053145242817
-26.498062526431735
-26.498076439414113
-26.49809511958399
-26.498119894264633
-26.498152242178445
-26.49819893603292
-26.49826293173399
-26.498348032957995
-26.498459530402556
-26.49861617771316
-26.49883528457846
-26.49912737850937
-26.499511296067443
-28.16230028281459
-28.16230088575054
-28.16230149050414
-28.162302097728613
-28.16230270831187
-28.162303323460932
-28.16230394481653
-28.16230457460902
-28.16230521587028
-28.162305928023187
-28.16230690275487
-28.16230829422983
-28.16231015372351
-28.162312605122416
-28.162315875327224
-28.162320636269065
-28.162327013549408
-28.16233544592927
-28.162346417614838
-28.16236270027598
-28.162384560014914
-28.162413546126817
-28.162451380821686
-28.162506019669713
-28.162580908092224
-28.162680476751525
-28.162810890102104
-28.162994155663544
-28.16325053986477
-28.163592264072143
-28.16404127545107
-29.937031642397226
-29.937032313384393
-29.93703298631052
-29.93703366187246
-29.93703434101737
-29.937035025032856
-29.93703571566921
-29.93703641530566
-29.937037127176506
-29.937037917242993
-29.937038998641544
-29.937040542642567
-29.937042605847456
-29.937045325519296
-29.93704895336713
-29.937054236213662
-29.937061312241926
-29.937070667671062
-29.937082838508587
-29.937100906209405
-29.937125161401664
-29.937157321220194
-29.937199292548613
-29.93725991791572
-29.937343013826997
-29.937453486712702
-29.937598163729692
-29.937801497009644
-29.93808598347533
-29.938465139900067
-29.93896327790757
-29.937031642397226
-29.937032313384393
-29.93703298631052
-29.93703366187246
-29.93703434101737
-29.937035025032856
-29.93703571566921
-29.93703641530566
-29.937037127176506
-29.937037917242993
-29.937038998641544
-29.937040542642567
-29.937042605847456
-29.937045325519296
-29.93704895336713
-29.937054236213662
-29.937061312241926
-29.937070667671062
-29.937082838508587
-29.937100906209405
-29.937125161401664
-29.937157321220194
-29.937199292548613
-29.93725991791572
-29.937343013826997
-29.937453486712702
-29.937598163729692
-29.937801497009644
-29.93808598347533
-29.938465139900067
-29.93896327790757
-29.937031642397226
-29.937032313384393
-29.93703298631052
-29.93703366187246
-29.93703434101737
-29.937035025032856
-29.93703571566921
-29.93703641530566
-29.937037127176506
-29.937037917242993
-29.937038998641544
-29.937040542642567
-29.937042605847456
-29.937045325519296
-29.93704895336713
-29.937054236213662
-29.937061312241926
-29.937070667671062
-29.937082838508587
-29.937100906209405
-29.937125161401664
-29.937157321220194
-29.937199292548613
-29.93725991791572
-29.937343013826997
-29.937453486712702
-29.937598163729692
-29.937801497009644
-29.93808598347533
-29.938465139900067
-29.93896327790757
-29.937031642397226
-29.937032313384393
-29.93703298631052
-29.93703366187246
-29.93703434101737
-29.937035025032856
-29.93703571566921
-29.93703641530566
-29.937037127176506
-29.937037917242993
-29.937038998641544
-29.937040542642567
-29.937042605847456
-29.937045325519296
-29.93704895336713
-29.937054236213662
-29.937061312241926
-29.937070667671062
-29.937082838508587
-29.937100906209405
-29.937125161401664
-29.937157321220194
-29.937199292548613
-29.93725991791572
-29.937343013826997
-29.937453486712702
-29.937598163729692
-29.937801497009644
-29.93808598347533
-29.938465139900067
-29.93896327790757
-29.937031642397226
-29.937032313384393
-29.93703298631052
-29.93703366187246
-29.93703434101737
-29.937035025032856
-29.93703571566921
-29.93703641530566
-29.937037127176506
-29.937037917242993
-29.937038998641544
-29.937040542642567
-29.937042605847456
-29.937045325519296
-29.93704895336713
-29.937054236213662
-29.937061312241926
-29.937070667671062
-29.937082838508587
-29.937100906209405
-29.937125161401664
-29.937157321220194
-29.937199292548613
-29.93725991791572
-29.937343013826997
-29.937453486712702
-29.937598163729692
-29.937801497009644
-29.93808598347533
-29.938465139900067
-29.93896327790757
-29.937031642397226
-29.937032313384393
-29.93703298631052
-29.93703366187246
-29.93703434101737
-29.937035025032856
-29.93703571566921
-29.93703641530566
-29.937037127176506
-29.937037917242993
-29.937038998641544
-29.937040542642567
-29.937042605847456
-29.937045325519296
-29.93704895336713
-29.937054236213662
-29.937061312241926
-29.937070667671062
-29.937082838508587
-29.937100906209405
-29.937125161401664
-29.937157321220194
-29.937199292548613
-29.93725991791572
-29.937343013826997
-29.937453486712702
-29.937598163729692
-29.937801497009644
-29.93808598347533
-29.938465139900067
-29.93896327790757
-29.937031642397226
-29.937032313384393
-29.93703298631052
-29.93703366187246
-29.93703434101737
-29.937035025032856
-29.93703571566921
-29.93703641530566
-29.937037127176506
-29.937037917242993
-29.937038998641544
-29.937040542642567
-29.937042605847456
-29.937045325519296
-29.93704895336713
-29.937054236213662
-29.937061312241926
-29.937070667671062
-29.937082838508587
-29.937100906209405
-29.937125161401664
-29.937157321220194
-29.937199292548613
-29.93725991791572
-29.937343013826997
-29.937453486712702
-29.937598163729692
-29.937801497009644
-29.93808598347533
-29.938465139900067
-29.93896327790757
-29.937031642397226
-29.937032313384393
-29.93703298631052
-29.93703366187246
-29.93703434101737
-29.937035025032856
-29.93703571566921
-29.93703641530566
-29.937037127176506
-29.937037917242993
-29.937038998641544
-29.937040542642567
-29.937042605847456
-29.937045325519296
-29.93704895336713
-29.937054236213662
-29.937061312241926
-29.937070667671062
-29.937082838508587
-29.937100906209405
-29.937125161401664
-29.937157321220194
-29.937199292548613
-29.93725991791572
-29.937343013826997
-29.937453486712702
-29.937598163729692
-29.937801497009644
-29.93808598347533
-29.938465139900067
-29.93896327790757
-29.937031642397226
-29.937032313384393
-29.93703298631052
-29.93703366187246
-29.93703434101737
-29.937035025032856
-29.93703571566921
-29.93703641530566
-29.937037127176506
-29.937037917242993
-29.937038998641544
-29.937040542642567
-29.937042605847456
-29.937045325519296
-29.93704895336713
-29.937054236213662
-29.937061312241926
-29.937070667671062
-29.937082838508587
-29.937100906209405
-29.937125161401664
-29.937157321220194
-29.937199292548613
-29.93725991791572
-29.937343013826997
-29.937453486712702
-29.937598163729692
-29.937801497009644
-29.93808598347533
-29.938465139900067
-29.93896327790757
-29.937031642397226
-29.937032313384393
-29.93703298631052
-29.93703366187246
-29.93703434101737
-29.937035025032856
-29.93703571566921
-29.93703641530566
-29.937037127176506
-29.937037917242993
-29.937038998641544
-29.937040542642567
-29.937042605847456
-29.937045325519296
-29.93704895336713
-29.937054236213662
-29.937061312241926
-29.937070667671062
-29.937082838508587
-29.937100906209405
-29.937125161401664
-29.937157321220194
-29.937199292548613
-29.93725991791572
-29.937343013826997
-29.937453486712702
-29.937598163729692
-29.937801497009644
-29.93808598347533
-29.938465139900067
-29.93896327790757
-29.937031642397226
-29.937032313384393
-29.93703298631052
-29.93703366187246
-29.93703434101737
-29.937035025032856
-29.93703571566921
-29.93703641530566
-29.937037127176506
-29.937037917242993
-29.937038998641544
-29.937040542642567
-29.937042605847456
-29.937045325519296
-29.93704895336713
-29.937054236213662
-29.937061312241926
-29.937070667671062
-29.937082838508587
-29.937100906209405
-29.937125161401664
-29.937157321220194
-29.937199292548613
-29.93725991791572
-29.937343013826997
-29.937453486712702
-29.937598163729692
-29.937801497009644
-29.93808598347533
-29.938465139900067
-29.93896327790757
-29.937031642397226
-29.937032313384393
-29.93703298631052
-29.93703366187246
-29.93703434101737
-29.937035025032856
-29.93703571566921
-29.93703641530566
-29.937037127176506
-29.937037917242993
-29.937038998641544
-29.937040542642567
-29.937042605847456
-29.937045325519296
-29.93704895336713
-29.937054236213662
-29.937061312241926
-29.937070667671062
-29.937082838508587
-29.937100906209405
-29.937125161401664
-29.937157321220194
-29.937199292548613
-29.93725991791572
-29.937343013826997
-29.937453486712702
-29.937598163729692
-29.937801497009644
-29.93808598347533
-29.938465139900067
-29.93896327790757
-29.937031642397226
-29.937032313384393
-29.93703298631052
-29.93703366187246
-29.93703434101737
-29.937035025032856
-29.93703571566921
-29.93703641530566
-29.937037127176506
-29.937037917242993
-29.937038998641544
-29.937040542642567
-29.937042605847456
-29.937045325519296
-29.93704895336713
-29.937054236213662
-29.937061312241926
-29.937070667671062
-29.937082838508587
-29.937100906209405
-29.937125161401664
-29.937157321220194
-29.937199292548613
-29.93725991791572
-29.937343013826997
-29.937453486712702
-29.937598163729692
-29.937801497009644
-29.93808598347533
-29.938465139900067
-29.93896327790757
-29.937031642397226
-29.937032313384393
-29.93703298631052
-29.93703366187246
-29.93703434101737
-29.937035025032856
-29.93703571566921
-29.93703641530566
-29.937037127176506
-29.937037917242993
-29.937038998641544
-29.937040542642567
-29.937042605847456
-29.937045325519296
-29.93704895336713
-29.937054236213662
-29.937061312241926
-29.937070667671062
-29.937082838508587
-29.937100906209405
-29.937125161401664
-29.937157321220194
-29.937199292548613
-29.93725991791572
-29.937343013826997
-29.937453486712702
-29.937598163729692
-29.937801497009644
-29.93808598347533
-29.938465139900067
-29.93896327790757
-29.937031642397226
-29.937032313384393
-29.93703298631052
-29.93703366187246
-29.93703434101737
-29.937035025032856
-29.93703571566921
-29.93703641530566
-29.937037127176506
-29.937037917242993
-29.937038998641544
-29.937040542642567
-29.937042605847456
-29.937045325519296
-29.93704895336713
-29.937054236213662
-29.937061312241926
-29.937070667671062
-29.937082838508587
-29.937100906209405
-29.937125161401664
-29.937157321220194
-29.937199292548613
-29.93725991791572
-29.937343013826997
-29.937453486712702
-29.937598163729692
-29.937801497009644
-29.93808598347533
-29.938465139900067
-29.93896327790757
-29.937031642397226
-29.937032313384393
-29.93703298631052
-29.93703366187246
-29.93703434101737
-29.937035025032856
-29.93703571566921
-29.93703641530566
-29.937037127176506
-29.937037917242993
-29.937038998641544
-29.937040542642567
-29.937042605847456
-29.937045325519296
-29.93704895336713
-29.937054236213662
-29.937061312241926
-29.937070667671062
-29.937082838508587
-29.937100906209405
-29.937125161401664
-29.937157321220194
-29.937199292548613
-29.93725991791572
-29.937343013826997
-29.937453486712702
-29.937598163729692
-29.937801497009644
-29.93808598347533
-29.938465139900067
-29.93896327790757
-11.805506988455042
-11.80550719575551
-11.80550741961632
-11.805507665988623
-11.805507942962139
-11.805508261533685
-11.805508636651831
-11.805509088636942
-11.805509645111588
-11.805510358536104
-11.805511330128178
-11.805512668785466
-11.805514479855953
-11.805516921152792
-11.805520222967068
-11.805524796339085
-11.805530987588254
-11.80553933972026
-11.805550560561503
-11.805566181883755
-11.805587341693602
-11.805615906711994
-11.805654310371112
-11.805707371483187
-11.805779651830814
-11.80587727999331
-11.806008617401547
-11.806188675898747
-11.806435225441438
-11.80676825020125
-11.807216258547003
-11.782021126130104
-11.782021177034599
-11.78202123324855
-11.7820212966801
-11.782021369923093
-11.78202145650349
-11.78202156121432
-11.782021690571018
-11.782021853430372
-11.782022065173297
-11.782022353408943
-11.782022749237917
-11.782023285372487
-11.782024009553263
-11.782024990208784
-11.782026342309994
-11.782028174543926
-11.78203065083578
-11.782033987223034
-11.782038604908118
-11.78204486493306
-11.782053329656073
-11.782064740153555
-11.782080441390182
-11.782101816131131
-11.782130727343285
-11.782169713554227
-11.782223033688823
-11.782295880292962
-11.782394377534306
-11.782527139242447
-12.055009132937798
-12.055009322390587
-12.055009515442
-12.055009713385251
-12.055009917978271
-12.05501013161071
-12.05501035753095
-12.055010600154706
-12.055010865484498
-12.055011178277226
-12.055011605473178
-12.055012206132487
-12.055013013032386
-12.055014086990726
-12.055015528235652
-12.055017582102412
-12.05502034565313
-12.055024031265978
-12.055028893952409
-12.055035914611459
-12.05504537573627
-12.055058017695709
-12.055074731662884
-12.055098413573086
-12.055130788289402
-12.055174124155815
-12.055231546389805
-12.055311388519787
-12.055422077920467
-12.055570467373824
-12.055767462546921
-12.503749160386446
-12.503749351772813
-12.503749546232298
-12.503749744869264
-12.503749949184922
-12.503750161219955
-12.503750383748374
-12.503750620541059
-12.503750876723945
-12.50375117617654
-12.50375158527644
-12.503752161714585
-12.503752935507842
-12.50375396402968
-12.50375534315858
-12.503757314383224
-12.503759965061748
-12.50376349590527
-12.503768145429575
-12.503774884135906
-12.503783960486638
-12.503796075357979
-12.503812064077334
-12.503834778754744
-12.503865842857817
-12.50390738562673
-12.503962344268412
-12.504038875928137
-12.50414511512259
-12.504287430403792
-12.504476103307947
-13.165681360789327
-13.165681529844713
-13.165681701514922
-13.165681876739631
-13.165682056796207
-13.165682243421028
-13.165682438974464
-13.165682646665088
-13.165682870854504
-13.165683132435552
-13.165683489819898
-13.16568399361735
-13.16568466979358
-13.16568556830678
-13.165686772895327
-13.165688495743803
-13.16569081212006
-13.165693896860969
-13.165697957262125
-13.165703846954006
-13.165711778849278
-13.165722363675755
-13.165736327732873
-13.16575617719217
-13.165783324803076
-13.165819622270543
-13.16586762452943
-13.16593448909734
-13.16602733165509
-13.166151675623265
-13.166316465725085
-14.034609543709509
-14.034609720157741
-14.03460989887459
-14.034610080675327
-14.034610266668183
-14.034610458359644
-14.034610657797556
-14.034610867765686
-14.034611092048136
-14.034611351525697
-14.034611706143833
-14.034612207110165
-14.034612878990625
-14.034613770598048
-14.034614964931619
-14.034616678252258
-14.034618980358058
-14.034622042397555
-14.034626065084707
-14.034631922654002
-14.03463980708145
-14.034650317244155
-14.034664157976705
-14.034683884854042
-14.03471087480267
-14.034746927380482
-14.034794528753356
-14.034860934413949
-14.034953259275868
-14.035076811892433
-14.035240321411028
-15.007288531926331
-15.007288726609918
-15.007288923377809
-15.007289122979014
-15.007289326431739
-15.00728953512005
-15.007289750925422
-15.007289976405424
-15.007290215036726
-15.007290489016311
-15.007290863556792
-15.007291393689023
-15.007292104212437
-15.007293045956434
-15.007294306495778
-15.007296119709874
-15.00729855464299
-15.007301789823977
-15.007306032480516
-15.007312231979112
-15.007320572623371
-15.007331680105226
-15.007346283679377
-15.007367148208319
-15.00739570404729
-15.00743381549197
-15.007484061221396
-15.007554250140325
-15.007651947165972
-15.007782592228049
-15.007955261225442
-15.497574740598271
-15.497575066761998
-15.49757539567483
-15.497575728324664
-15.49757606605444
-15.497576410689677
-15.497576764711901
-15.497577131494397
-15.497577515622648
-15.497577952791273
-15.497578550608218
-15.497579398663769
-15.497580534416233
-15.497582037651044
-15.497584047987091
-15.497586948860421
-15.497590841809584
-15.497596007646075
-15.497602768303926
-15.497612687290543
-15.49762602455344
-15.497643766083398
-15.497667047689665
-15.497700404011857
-15.497746073435241
-15.497806963766338
-15.497887102838643
-15.497999222652894
-15.498155486698076
-15.498364263084268
-15.49863976325518
-16.592565442250773
-16.592565806166952
-16.592566172865727
-16.592566543347054
-16.592566918970245
-16.59256730158308
-16.592567693697347
-16.592568098727472
-16.592568521314867
-16.59256900071347
-16.592569656355586
-16.592570587202662
-16.592571833481443
-16.59257348215365
-16.592575686277602
-16.59257887045315
-16.592583142554112
-16.592588808885374
-16.592596218966175
-16.59260710691291
-16.592621744040134
-16.592641206582865
-16.592666728840904
-16.592703332873132
-16.59275345548305
-16.5928202582049
-16.592908122591428
-16.59303111890325
-16.593202621235758
-16.593431677717376
-16.593733758578274
-17.868152334787442
-17.868152782120735
-17.8681532322821
-17.868153686287854
-17.868154145519508
-17.86815461185502
-17.868155087847203
-17.86815557696624
-17.86815608392934
-17.868156655797645
-17.86815743806726
-17.86815855030609
-17.868160038701042
-17.868162005864427
-17.868164634278575
-17.86816843918104
-17.86817354190586
-17.86818030439527
-17.868189136165757
-17.868202147345308
-17.868219632559196
-17.868242865191654
-17.868273294075816
-17.86831701529583
-17.868376899042723
-17.868456660868194
-17.868561455344366
-17.868708304142963
-17.868913250764976
-17.869186836706728
-17.869547308271546
-19.325713087522377
-19.325713559708547
-19.325714034650215
-19.325714513337612
-19.325714997116837
-19.325715487817707
-19.32571598792756
-19.32571650082764
-19.325717031114213
-19.32571762800141
-19.325718444559683
-19.32571960619411
-19.32572116039322
-19.325723213809272
-19.325725956867192
-19.325729930832367
-19.325735259407598
-19.325742318985263
-19.325751534020423
-19.325765123492268
-19.32578338326817
-19.325807638166008
-19.325839390833295
-19.32588504558233
-19.325947582789965
-19.326030857048682
-19.326140217617432
-19.32629352006525
-19.326507535677216
-19.32679310499532
-19.327169155319552
-20.939828908665834
-20.939829485917954
-20.939830065872894
-20.939830649501946
-20.939831238125468
-20.939831833538257
-20.939832438180083
-20.93983305536749
-20.93983368960885
-20.939834399730483
-20.939835371387
-20.939836755551717
-20.93983860661422
-20.9398410501431
-20.939844312570987
-20.939849048074354
-20.939855395210902
-20.939863797731302
-20.939874751908167
-20.939890946226882
-20.939912698613803
-20.939941572841985
-20.939979328865675
-20.940033708433155
-20.940108213278982
-20.940207362226676
-20.94033743254731
-20.94051993673142
-20.940774916801566
-20.94111501198074
-20.94156247905126
-22.590151371306373
-22.590152044950138
-22.59015272139466
-22.590153401646358
-22.590154087073383
-22.590154779535514
-22.590155481560863
-22.590156196586065
-22.590156929282635
-22.59015774758961
-22.59015886737977
-22.59016046359701
-22.590162597767794
-22.590165413873528
-22.590169172780797
-22.590174633914753
-22.59018195225034
-22.590191636946695
-22.59020425514712
-22.59022293149613
-22.59024801384576
-22.590281297600253
-22.590324795875837
-22.590387497586747
-22.5904734150643
-22.590587720684972
-22.59073760304489
-22.590948007748562
-22.59124209500385
-22.59163427761923
-22.592150084115644
-23.874128711275954
-23.8741295562976
-23.87413040452789
-23.87413125711984
-23.874132115640847
-23.87413298222156
-23.874133859758306
-23.8741347521882
-23.87413566486318
-23.874136682393903
-23.87413807489692
-23.87414006075372
-23.874142715466046
-23.874146217441368
-23.87415089099921
-23.874157685317925
-23.87416678899731
-23.874178833220157
-23.87419451904916
-23.87421775489859
-23.87424895703023
-23.87429035195185
-23.874344429517254
-23.87442242473884
-23.87452930497351
-23.874671468645047
-23.874857811171786
-23.875119473408088
-23.875485284965855
-23.875973002879565
-23.87661421628175
-25.195709256660912
-25.19571027625511
-25.195711299486604
-25.195712327662424
-25.195713362559474
-25.195714406593027
-25.19571546304637
-25.195716536382598
-25.19571763266874
-25.19571885352435
-25.195720524350044
-25.19572290782094
-25.195726093747073
-25.195730295699068
-25.19573590275815
-25.19574405754249
-25.19575498315461
-25.195769435400624
-25.19578825220668
-25.19581614085441
-25.195853588160848
-25.195903260885927
-25.195968136035273
-25.196061738394523
-25.19619001103301
-25.196360605194652
-25.196584160191023
-25.196898134485625
-25.197337143162628
-25.197922364166264
-25.19869157905328
-26.666595145093087
-26.666596337633553
-26.666597534123103
-26.66659873598088
-26.666599945136095
-26.66660116421116
-26.666602396770852
-26.666603647661063
-26.666604923468956
-26.666606342437795
-26.66660828448717
-26.666611055777228
-26.666614759672054
-26.666619643761795
-26.666626160207553
-26.666635641989625
-26.666648344244393
-26.666665143461117
-26.666687009315932
-26.666719436406883
-26.666762974022877
-26.666820715596515
-26.666896107643268
-26.667004928516565
-26.667154063798236
-26.667352372888633
-26.66761217778268
-26.667977141528368
-26.668487532005944
-26.669167800004022
-26.670061704671397
-26.666595145093087
-26.666596337633553
-26.666597534123103
-26.66659873598088
-26.666599945136095
-26.66660116421116
-26.666602396770852
-26.666603647661063
-26.666604923468956
-26.666606342437795
-26.66660828448717
-26.666611055777228
-26.666614759672054
-26.666619643761795
-26.666626160207553
-26.666635641989625
-26.666648344244393
-26.666665143461117
-26.666687009315932
-26.666719436406883
-26.666762974022877
-26.666820715596515
-26.666896107643268
-26.667004928516565
-26.667154063798236
-26.667352372888633
-26.66761217778268
-26.667977141528368
-26.668487532005944
-26.669167800004022
-26.670061704671397
-26.666595145093087
-26.666596337633553
-26.666597534123103
-26.66659873598088
-26.666599945136095
-26.66660116421116
-26.666602396770852
-26.666603647661063
-26.666604923468956
-26.666606342437795
-26.66660828448717
-26.666611055777228
-26.666614759672054
-26.666619643761795
-26.666626160207553
-26.666635641989625
-26.666648344244393
-26.666665143461117
-26.666687009315932
-26.666719436406883
-26.666762974022877
-26.666820715596515
-26.666896107643268
-26.667004928516565
-26.667154063798236
-26.667352372888633
-26.66761217778268
-26.667977141528368
-26.668487532005944
-26.669167800004022
-26.670061704671397
-26.666595145093087
-26.666596337633553
-26.666597534123103
-26.66659873598088
-26.666599945136095
-26.66660116421116
-26.666602396770852
-26.666603647661063
-26.666604923468956
-26.666606342437795
-26.66660828448717
-26.666611055777228
-26.666614759672054
-26.666619643761795
-26.666626160207553
-26.666635641989625
-26.666648344244393
-26.666665143461117
-26.666687009315932
-26.666719436406883
-26.666762974022877
-26.666820715596515
-26.666896107643268
-26.667004928516565
-26.667154063798236
-26.667352372888633
-26.66761217778268
-26.667977141528368
-26.668487532005944
-26.669167800004022
-26.670061704671397
-26.666595145093087
-26.666596337633553
-26.666597534123103
-26.66659873598088
-26.666599945136095
-26.66660116421116
-26.666602396770852
-26.666603647661063
-26.666604923468956
-26.666606342437795
-26.66660828448717
-26.666611055777228
-26.666614759672054
-26.666619643761795
-26.666626160207553
-26.666635641989625
-26.666648344244393
-26.666665143461117
-26.666687009315932
-26.666719436406883
-26.666762974022877
-26.666820715596515
-26.666896107643268
-26.667004928516565
-26.667154063798236
-26.667352372888633
-26.66761217778268
-26.667977141528368
-26.668487532005944
-26.669167800004022
-26.670061704671397
-26.666595145093087
-26.666596337633553
-26.666597534123103
-26.66659873598088
-26.666599945136095
-26.66660116421116
-26.666602396770852
-26.666603647661063
-26.666604923468956
-26.666606342437795
-26.66660828448717
-26.666611055777228
-26.666614759672054
-26.666619643761795
-26.666626160207553
-26.666635641989625
-26.666648344244393
-26.666665143461117
-26.666687009315932
-26.666719436406883
-26.666762974022877
-26.666820715596515
-26.666896107643268
-26.667004928516565
-26.667154063798236
-26.667352372888633
-26.66761217778268
-26.667977141528368
-26.668487532005944
-26.669167800004022
-26.670061704671397
-26.666595145093087
-26.666596337633553
-26.666597534123103
-26.66659873598088
-26.666599945136095
-26.66660116421116
-26.666602396770852
-26.666603647661063
-26.666604923468956
-26.666606342437795
-26.66660828448717
-26.666611055777228
-26.666614759672054
-26.666619643761795
-26.666626160207553
-26.666635641989625
-26.666648344244393
-26.666665143461117
-26.666687009315932
-26.666719436406883
-26.666762974022877
-26.666820715596515
-26.666896107643268
-26.667004928516565
-26.667154063798236
-26.667352372888633
-26.66761217778268
-26.667977141528368
-26.668487532005944
-26.669167800004022
-26.670061704671397
-26.666595145093087
-26.666596337633553
-26.666597534123103
-26.66659873598088
-26.666599945136095
-26.66660116421116
-26.666602396770852
-26.666603647661063
-26.666604923468956
-26.666606342437795
-26.66660828448717
-26.666611055777228
-26.666614759672054
-26.666619643761795
-26.666626160207553
-26.666635641989625
-26.666648344244393
-26.666665143461117
-26.666687009315932
-26.666719436406883
-26.666762974022877
-26.666820715596515
-26.666896107643268
-26.667004928516565
-26.667154063798236
-26.667352372888633
-26.66761217778268
-26.667977141528368
-26.668487532005944
-26.669167800004022
-26.670061704671397
-26.666595145093087
-26.666596337633553
-26.666597534123103
-26.66659873598088
-26.666599945136095
-26.66660116421116
-26.666602396770852
-26.666603647661063
-26.666604923468956
-26.666606342437795
-26.66660828448717
-26.666611055777228
-26.666614759672054
-26.666619643761795
-26.666626160207553
-26.666635641989625
-26.666648344244393
-26.666665143461117
-26.666687009315932
-26.666719436406883
-26.666762974022877
-26.666820715596515
-26.666896107643268
-26.667004928516565
-26.667154063798236
-26.667352372888633
-26.66761217778268
-26.667977141528368
-26.668487532005944
-26.669167800004022
-26.670061704671397
-26.666595145093087
-26.666596337633553
-26.666597534123103
-26.66659873598088
-26.666599945136095
-26.66660116421116
-26.666602396770852
-26.666603647661063
-26.666604923468956
-26.666606342437795
-26.66660828448717
-26.666611055777228
-26.666614759672054
-26.666619643761795
-26.666626160207553
-26.666635641989625
-26.666648344244393
-26.666665143461117
-26.666687009315932
-26.666719436406883
-26.666762974022877
-26.666820715596515
-26.666896107643268
-26.667004928516565
-26.667154063798236
-26.667352372888633
-26.66761217778268
-26.667977141528368
-26.668487532005944
-26.669167800004022
-26.670061704671397
-26.666595145093087
-26.666596337633553
-26.666597534123103
-26.66659873598088
-26.666599945136095
-26.66660116421116
-26.666602396770852
-26.666603647661063
-26.666604923468956
-26.666606342437795
-26.66660828448717
-26.666611055777228
-26.666614759672054
-26.666619643761795
-26.666626160207553
-26.666635641989625
-26.666648344244393
-26.666665143461117
-26.666687009315932
-26.666719436406883
-26.666762974022877
-26.666820715596515
-26.666896107643268
-26.667004928516565
-26.667154063798236
-26.667352372888633
-26.66761217778268
-26.667977141528368
-26.668487532005944
-26.669167800004022
-26.670061704671397
-26.666595145093087
-26.666596337633553
-26.666597534123103
-26.66659873598088
-26.666599945136095
-26.66660116421116
-26.666602396770852
-26.666603647661063
-26.666604923468956
-26.666606342437795
-26.66660828448717
-26.666611055777228
-26.666614759672054
-26.666619643761795
-26.666626160207553
-26.666635641989625
-26.666648344244393
-26.666665143461117
-26.666687009315932
-26.666719436406883
-26.666762974022877
-26.666820715596515
-26.666896107643268
-26.667004928516565
-26.667154063798236
-26.667352372888633
-26.66761217778268
-26.667977141528368
-26.668487532005944
-26.669167800004022
-26.670061704671397
-26.666595145093087
-26.666596337633553
-26.666597534123103
-26.66659873598088
-26.666599945136095
-26.66660116421116
-26.666602396770852
-26.666603647661063
-26.666604923468956
-26.666606342437795
-26.66660828448717
-26.666611055777228
-26.666614759672054
-26.666619643761795
-26.666626160207553
-26.666635641989625
-26.666648344244393
-26.666665143461117
-26.666687009315932
-26.666719436406883
-26.666762974022877
-26.666820715596515
-26.666896107643268
-26.667004928516565
-26.667154063798236
-26.667352372888633
-26.66761217778268
-26.667977141528368
-26.668487532005944
-26.669167800004022
-26.670061704671397
-26.666595145093087
-26.666596337633553
-26.666597534123103
-26.66659873598088
-26.666599945136095
-26.66660116421116
-26.666602396770852
-26.666603647661063
-26.666604923468956
-26.666606342437795
-26.66660828448717
-26.666611055777228
-26.666614759672054
-26.666619643761795
-26.666626160207553
-26.666635641989625
-26.666648344244393
-26.666665143461117
-26.666687009315932
-26.666719436406883
-26.666762974022877
-26.666820715596515
-26.666896107643268
-26.667004928516565
-26.667154063798236
-26.667352372888633
-26.66761217778268
-26.667977141528368
-26.668487532005944
-26.669167800004022
-26.670061704671397
-26.666595145093087
-26.666596337633553
-26.666597534123103
-26.66659873598088
-26.666599945136095
-26.66660116421116
-26.666602396770852
-26.666603647661063
-26.666604923468956
-26.666606342437795
-26.66660828448717
-26.666611055777228
-26.666614759672054
-26.666619643761795
-26.666626160207553
-26.666635641989625
-26.666648344244393
-26.666665143461117
-26.666687009315932
-26.666719436406883
-26.666762974022877
-26.666820715596515
-26.666896107643268
-26.667004928516565
-26.667154063798236
-26.667352372888633
-26.66761217778268
-26.667977141528368
-26.668487532005944
-26.669167800004022
-26.670061704671397
-26.666595145093087
-26.666596337633553
-26.666597534123103
-26.66659873598088
-26.666599945136095
-26.66660116421116
-26.666602396770852
-26.666603647661063
-26.666604923468956
-26.666606342437795
-26.66660828448717
-26.666611055777228
-26.666614759672054
-26.666619643761795
-26.666626160207553
-26.666635641989625
-26.666648344244393
-26.666665143461117
-26.666687009315932
-26.666719436406883
-26.666762974022877
-26.666820715596515
-26.666896107643268
-26.667004928516565
-26.667154063798236
-26.667352372888633
-26.66761217778268
-26.667977141528368
-26.668487532005944
-26.669167800004022
-26.670061704671397
-11.618398577154297
-11.61839877329473
-11.618398996809885
-11.618399257537277
-11.61839956884957
-11.61839994892496
-11.618400422474027
-11.618401023087147
-11.618401796425426
-11.618402815653523
-11.618404202479164
-11.618406100994939
-11.618408675312654
-11.618412159383892
-11.618416882955607
-11.618423367164
-11.618432162335232
-11.618444070255842
-11.61846015820206
-11.618482300500595
-11.618512342285891
-11.61855302907147
-11.618608014550722
-11.618683386484555
-11.618785937684462
-11.618924841654524
-11.619112579454175
-11.619368797421929
-11.619718196061084
-11.620191182916626
-11.620829952399738
-11.568370044070695
-11.5683702759943
-11.568370516146823
-11.568370767485472
-11.568371034030127
-11.56837132124525
-11.568371636558973
-11.568371990068764
-11.568372395500667
-11.568372890846875
-11.568373566526757
-11.568374508251225
-11.568375777192664
-11.568377475448193
-11.568379762251308
-11.568382981123575
-11.56838732361528
-11.568393143796257
-11.568400883717802
-11.568411882974209
-11.568426738405847
-11.568446676281035
-11.568473229089964
-11.568510441021903
-11.568561232732467
-11.568629484055643
-11.568720515163434
-11.568846305083287
-11.569019746127086
-11.569252990586138
-11.569564377863907
-11.817984008479423
-11.817984154196964
-11.817984305023495
-11.81798446279511
-11.817984630007704
-11.817984810054101
-11.817985007546348
-11.81798522875385
-11.817985482198967
-11.817985791629459
-11.817986213719958
-11.817986802107765
-11.817987594890914
-11.81798865577453
-11.817990084219316
-11.817992095361225
-11.817994808382585
-11.817998444228602
-11.818003278546158
-11.818010150673759
-11.818019431506373
-11.818031886217348
-11.818048470359262
-11.818071715816918
-11.818103443345374
-11.818146070906085
-11.81820291402832
-11.818281459860687
-11.818389748338921
-11.818535330004446
-11.818729607245675
-12.210277393800267
-12.210277644396912
-12.210277899259697
-12.210278159921694
-12.21027842846691
-12.21027870772824
-12.210279001556593
-12.210279315186733
-12.210279655734556
-12.210280054954191
-12.21028060029557
-12.210281368147264
-12.210282399145836
-12.210283770165724
-12.210285609061778
-12.210288234765839
-12.210291766266444
-12.210296472323355
-12.210302673462111
-12.210311649175345
-12.210323740649356
-12.210339885771953
-12.210361206148272
-12.210391467352325
-12.210432845675268
-12.210488197893632
-12.210561462977608
-12.210663429126727
-12.210804901018397
-12.210994443386058
-12.211245814587231
-12.809870300026509
-12.80987049692106
-12.809870697400914
-12.809870902754527
-12.809871114733378
-12.80987133571833
-12.809871568945846
-12.809871818815422
-12.809872091307525
-12.809872411840765
-12.809872849642012
-12.80987346554877
-12.809874292774499
-12.809875393407646
-12.809876870134838
-12.80987897617807
-12.8098818094676
-12.80988558691229
-12.809890568277282
-12.809897767332266
-12.80990746746975
-12.809920425111493
-12.809937548433231
-12.809961826460766
-12.80999501843654
-12.810039436118467
-12.810098265237372
-12.81018008981394
-12.810293555383735
-12.810445619082552
-12.810647391243535
-13.582660810821933
-13.582661077473661
-13.582661347323876
-13.582661621521973
-13.582661901630395
-13.58266218977305
-13.582662488837098
-13.582662802747203
-13.582663136838383
-13.582663522203836
-13.582664048924755
-13.582664793580475
-13.582665792029639
-13.58266711637639
-13.582668889853212
-13.582671436680037
-13.582674857962418
-13.582679406684147
-13.582685378356357
-13.582694085787239
-13.58270580399168
-13.582721418753126
-13.58274196866515
-13.582771285708077
-13.582811401979793
-13.582864970554938
-13.582935658554765
-13.583034323368466
-13.583171561299107
-13.583355167069861
-13.583598030419314
-14.495553684560083
-14.495553970995683
-14.49555426028294
-14.495554553446611
-14.495554851879728
-14.495555157475891
-14.495555472809196
-14.49555580137875
-14.495556147941079
-14.495556544722193
-14.495557087192292
-14.495557855563492
-14.495558885139358
-14.495560249150005
-14.49556207438854
-14.495564702529817
-14.495568231067235
-14.495572917376235
-14.495579059043584
-14.495588045044776
-14.495600132415861
-14.495616223717064
-14.495637367033567
-14.495667602092169
-14.495708987678979
-14.49576420440882
-14.495836961827663
-14.495938647957205
-14.496080245695449
-14.496269543868799
-14.496519610104528
-14.969877842653293
-14.96987820824821
-14.969878577565764
-14.969878951943771
-14.96987933320079
-14.969879723808898
-14.969880127128507
-14.969880547727632
-14.96988099181582
-14.969881500691866
-14.969882196393563
-14.969883181590896
-14.96988450180015
-14.969886251088107
-14.969888592078942
-14.969891961801288
-14.96989648626151
-14.96990249598835
-14.96991037360364
-14.969921894839405
-14.969937393105358
-14.96995802712536
-14.969985143899626
-14.970023909250445
-14.970076966942173
-14.970147759867396
-14.970241051242171
-14.970371403256626
-14.970552869025843
-14.970795442855984
-14.97111586392647
-15.921549272453332
-15.921549779766032
-15.921550291074736
-15.921550807815448
-15.921551331940174
-15.921551866102416
-15.921552413909218
-15.921552980263838
-15.921553571831513
-15.921554243568679
-15.921555162227524
-15.921556466173953
-15.921558212128923
-15.921560522165324
-15.921563610769029
-15.921568071167082
-15.921574055961635
-15.921581995027124
-15.92159237957549
-15.921607631251492
-15.921628135934919
-15.921655403687671
-15.921691168642674
-15.921742446780968
-15.921812659561006
-15.92190624763646
-15.922029364345462
-15.922201676588454
-15.92244190309415
-15.922762768152111
-15.92318598487872
-17.07966208943939
-17.079662652281854
-17.079663219058723
-17.0796637911839
-17.079664370579366
-17.079664959857777
-17.079665562570646
-17.079666183545754
-17.07966682934575
-17.079667559939697
-17.079668559226402
-17.079669978966894
-17.07967187934402
-17.079674392184604
-17.07967775068286
-17.079682607359704
-17.07968912202577
-17.079697759322894
-17.079709047267794
-17.07972565440678
-17.079747976040355
-17.079777645651866
-17.079816529374575
-17.079872345433227
-17.0799487833666
-17.08005062454112
-17.08018449840285
-17.080371986399253
-17.08063350904759
-17.08098267572913
-17.081442896096757
-18.316804808647056
-18.31680551572935
-18.31680622698253
-18.316806943905434
-18.316807668535503
-18.31680840364237
-18.31680915299092
-18.316809921698987
-18.316810716723495
-18.316811611850326
-18.316812836395865
-18.31681457830583
-18.316816908937373
-18.316819988319917
-18.316824102032985
-18.316830061102234
-18.316838051611576
-18.316848638285474
-18.316862458238607
-18.31688283588317
-18.31691021715548
-18.31694658958115
-18.31699420840178
-18.31706266919638
-18.317156443810326
-18.31728131641595
-18.317445313850282
-18.317675190727748
-18.31799608291218
-18.318424329438695
-18.31898833409586
-19.702852850750592
-19.702853631471434
-19.702854416313734
-19.702855206758606
-19.702856004819424
-19.702856813233055
-19.70285763571989
-19.702858477337266
-19.70285934495994
-19.702860319085783
-19.70286165184078
-19.70286354904664
-19.702866086828358
-19.70286943838246
-19.702873914404183
-19.70288040490618
-19.702889106138215
-19.702900629711092
-19.702915662627174
-19.70293785778779
-19.702967675657256
-19.70300726997174
-19.70305907454267
-19.703133619418708
-19.703235737527773
-19.703371672319392
-19.703550091988014
-19.7038002955655
-19.70414967977417
-19.704615767733504
-19.705229221880025
-20.69827686433608
-20.69827790095727
-20.698278942561537
-20.698279990939643
-20.698281048525818
-20.69828211862914
-20.698283205747735
-20.698284315996208
-20.698285457686442
-20.698286736717954
-20.698288486772718
-20.698290979418815
-20.69829431303903
-20.698298714060314
-20.698304590338186
-20.69831311807418
-20.698324548528227
-20.698339681726594
-20.698359413212657
-20.69838857535084
-20.698427747311225
-20.69847974763893
-20.698547751112862
-20.698645674356285
-20.698779829450224
-20.698958362924966
-20.699192589567087
-20.699521174136677
-20.699980144554853
-20.700592260466202
-20.70139755464694
-21.700909922685995
-21.700911291005998
-21.700912665379022
-21.700914047980383
-21.70091544176699
-21.700916850758418
-21.70091828041865
-21.700919738175205
-21.700921234124717
-21.70092290699797
-21.700925196085805
-21.700928458011617
-21.700932819749532
-21.700938576383194
-21.700946261256068
-21.70095742098331
-21.70097237722273
-21.7009921730453
-21.70101797268237
-21.70105613540689
-21.701107391002495
-21.701175415481597
-21.701264338228633
-21.701392457322598
-21.701567989541182
-21.701801530727156
-21.702107802318025
-21.70253756704181
-21.703137971404256
-21.703938471069865
-21.704991113316712
-22.739551843275745
-22.739553601524964
-22.739555367009864
-22.73955714233067
-22.739558931022138
-22.739560737889096
-22.739562569463175
-22.739564434623013
-22.739566345437936
-22.73956847908263
-22.739571398829987
-22.73957556102657
-22.73958112584335
-22.739588468529824
-22.739598269228292
-22.739612509144564
-22.73963159126152
-22.739656842509167
-22.739689740415933
-22.739738436475776
-22.739803832571486
-22.73989060638482
-22.74000400073103
-22.7401674543755
-22.740391407025477
-22.740689311681756
-22.741079864209755
-22.741628012620122
-22.742393920708476
-22.743414836662517
-22.744756823642533
-23.983226039822565
-23.98322811308623
-23.983230194324474
-23.98323228640321
-23.983234393218265
-23.983236520065415
-23.983238674143557
-23.98324086523844
-23.983243106652477
-23.98324560618322
-23.983249026784843
-23.98325390460631
-23.98326042544386
-23.983269027741713
-23.983280508160153
-23.983297196514638
-23.983319557334404
-23.98334914147679
-23.983387672135517
-23.98344474028505
-23.983521372166166
-23.983623035666366
-23.98375584690917
-23.983947363894323
-23.984209769310983
-23.984558751258234
-23.985016116196856
-23.985658117722444
-23.986555191151613
-23.987750543162505
-23.989321081027295
-23.983226039822565
-23.98322811308623
-23.983230194324474
-23.98323228640321
-23.983234393218265
-23.983236520065415
-23.983238674143557
-23.98324086523844
-23.983243106652477
-23.98324560618322
-23.983249026784843
-23.98325390460631
-23.98326042544386
-23.983269027741713
-23.983280508160153
-23.983297196514638
-23.983319557334404
-23.98334914147679
-23.983387672135517
-23.98344474028505
-23.983521372166166
-23.983623035666366
-23.98375584690917
-23.983947363894323
-23.984209769310983
-23.984558751258234
-23.985016116196856
-23.985658117722444
-23.986555191151613
-23.987750543162505
-23.989321081027295
-23.983226039822565
-23.98322811308623
-23.983230194324474
-23.98323228640321
-23.983234393218265
-23.983236520065415
-23.983238674143557
-23.98324086523844
-23.983243106652477
-23.98324560618322
-23.983249026784843
-23.98325390460631
-23.98326042544386
-23.983269027741713
-23.983280508160153
-23.983297196514638
-23.983319557334404
-23.98334914147679
-23.983387672135517
-23.98344474028505
-23.983521372166166
-23.983623035666366
-23.98375584690917
-23.983947363894323
-23.984209769310983
-23.984558751258234
-23.985016116196856
-23.985658117722444
-23.986555191151613
-23.987750543162505
-23.989321081027295
-23.983226039822565
-23.98322811308623
-23.983230194324474
-23.98323228640321
-23.983234393218265
-23.983236520065415
-23.983238674143557
-23.98324086523844
-23.983243106652477
-23.98324560618322
-23.983249026784843
-23.98325390460631
-23.98326042544386
-23.983269027741713
-23.983280508160153
-23.983297196514638
-23.983319557334404
-23.98334914147679
-23.983387672135517
-23.98344474028505
-23.983521372166166
-23.983623035666366
-23.98375584690917
-23.983947363894323
-23.984209769310983
-23.984558751258234
-23.985016116196856
-23.985658117722444
-23.986555191151613
-23.987750543162505
-23.989321081027295
-23.983226039822565
-23.98322811308623
-23.983230194324474
-23.98323228640321
-23.983234393218265
-23.983236520065415
-23.983238674143557
-23.98324086523844
-23.983243106652477
-23.98324560618322
-23.983249026784843
-23.98325390460631
-23.98326042544386
-23.983269027741713
-23.983280508160153
-23.983297196514638
-23.983319557334404
-23.98334914147679
-23.983387672135517
-23.98344474028505
-23.983521372166166
-23.983623035666366
-23.98375584690917
-23.983947363894323
-23.984209769310983
-23.984558751258234
-23.985016116196856
-23.985658117722444
-23.986555191151613
-23.987750543162505
-23.989321081027295
-23.983226039822565
-23.98322811308623
-23.983230194324474
-23.98323228640321
-23.983234393218265
-23.983236520065415
-23.983238674143557
-23.98324086523844
-23.983243106652477
-23.98324560618322
-23.983249026784843
-23.98325390460631
-23.98326042544386
-23.983269027741713
-23.983280508160153
-23.983297196514638
-23.983319557334404
-23.98334914147679
-23.983387672135517
-23.98344474028505
-23.983521372166166
-23.983623035666366
-23.98375584690917
-23.983947363894323
-23.984209769310983
-23.984558751258234
-23.985016116196856
-23.985658117722444
-23.986555191151613
-23.987750543162505
-23.989321081027295
-23.983226039822565
-23.98322811308623
-23.983230194324474
-23.98323228640321
-23.983234393218265
-23.983236520065415
-23.983238674143557
-23.98324086523844
-23.983243106652477
-23.98324560618322
-23.983249026784843
-23.98325390460631
-23.98326042544386
-23.983269027741713
-23.983280508160153
-23.983297196514638
-23.983319557334404
-23.98334914147679
-23.983387672135517
-23.98344474028505
-23.983521372166166
-23.983623035666366
-23.98375584690917
-23.983947363894323
-23.984209769310983
-23.984558751258234
-23.985016116196856
-23.985658117722444
-23.986555191151613
-23.987750543162505
-23.989321081027295
-23.983226039822565
-23.98322811308623
-23.983230194324474
-23.98323228640321
-23.983234393218265
-23.983236520065415
-23.983238674143557
-23.98324086523844
-23.983243106652477
-23.98324560618322
-23.983249026784843
-23.98325390460631
-23.98326042544386
-23.983269027741713
-23.983280508160153
-23.983297196514638
-23.983319557334404
-23.98334914147679
-23.983387672135517
-23.98344474028505
-23.983521372166166
-23.983623035666366
-23.98375584690917
-23.983947363894323
-23.984209769310983
-23.984558751258234
-23.985016116196856
-23.985658117722444
-23.986555191151613
-23.987750543162505
-23.989321081027295
-23.983226039822565
-23.98322811308623
-23.983230194324474
-23.98323228640321
-23.983234393218265
-23.983236520065415
-23.983238674143557
-23.98324086523844
-23.983243106652477
-23.98324560618322
-23.983249026784843
-23.98325390460631
-23.98326042544386
-23.983269027741713
-23.983280508160153
-23.983297196514638
-23.983319557334404
-23.98334914147679
-23.983387672135517
-23.98344474028505
-23.983521372166166
-23.983623035666366
-23.98375584690917
-23.983947363894323
-23.984209769310983
-23.984558751258234
-23.985016116196856
-23.985658117722444
-23.986555191151613
-23.987750543162505
-23.989321081027295
-23.983226039822565
-23.98322811308623
-23.983230194324474
-23.98323228640321
-23.983234393218265
-23.983236520065415
-23.983238674143557
-23.98324086523844
-23.983243106652477
-23.98324560618322
-23.983249026784843
-23.98325390460631
-23.98326042544386
-23.983269027741713
-23.983280508160153
-23.983297196514638
-23.983319557334404
-23.98334914147679
-23.983387672135517
-23.98344474028505
-23.983521372166166
-23.983623035666366
-23.98375584690917
-23.983947363894323
-23.984209769310983
-23.984558751258234
-23.985016116196856
-23.985658117722444
-23.986555191151613
-23.987750543162505
-23.989321081027295
-23.983226039822565
-23.98322811308623
-23.983230194324474
-23.98323228640321
-23.983234393218265
-23.983236520065415
-23.983238674143557
-23.98324086523844
-23.983243106652477
-23.98324560618322
-23.983249026784843
-23.98325390460631
-23.98326042544386
-23.983269027741713
-23.983280508160153
-23.983297196514638
-23.983319557334404
-23.98334914147679
-23.983387672135517
-23.98344474028505
-23.983521372166166
-23.983623035666366
-23.98375584690917
-23.983947363894323
-23.984209769310983
-23.984558751258234
-23.985016116196856
-23.985658117722444
-23.986555191151613
-23.987750543162505
-23.989321081027295
-23.983226039822565
-23.98322811308623
-23.983230194324474
-23.98323228640321
-23.983234393218265
-23.983236520065415
-23.983238674143557
-23.98324086523844
-23.983243106652477
-23.98324560618322
-23.983249026784843
-23.98325390460631
-23.98326042544386
-23.983269027741713
-23.983280508160153
-23.983297196514638
-23.983319557334404
-23.98334914147679
-23.983387672135517
-23.98344474028505
-23.983521372166166
-23.983623035666366
-23.98375584690917
-23.983947363894323
-23.984209769310983
-23.984558751258234
-23.985016116196856
-23.985658117722444
-23.986555191151613
-23.987750543162505
-23.989321081027295
-23.983226039822565
-23.98322811308623
-23.983230194324474
-23.98323228640321
-23.983234393218265
-23.983236520065415
-23.983238674143557
-23.98324086523844
-23.983243106652477
-23.98324560618322
-23.983249026784843
-23.98325390460631
-23.98326042544386
-23.983269027741713
-23.983280508160153
-23.983297196514638
-23.983319557334404
-23.98334914147679
-23.983387672135517
-23.98344474028505
-23.983521372166166
-23.983623035666366
-23.98375584690917
-23.983947363894323
-23.984209769310983
-23.984558751258234
-23.985016116196856
-23.985658117722444
-23.986555191151613
-23.987750543162505
-23.989321081027295
-23.983226039822565
-23.98322811308623
-23.983230194324474
-23.98323228640321
-23.983234393218265
-23.983236520065415
-23.983238674143557
-23.98324086523844
-23.983243106652477
-23.98324560618322
-23.983249026784843
-23.98325390460631
-23.98326042544386
-23.983269027741713
-23.983280508160153
-23.983297196514638
-23.983319557334404
-23.98334914147679
-23.983387672135517
-23.98344474028505
-23.983521372166166
-23.983623035666366
-23.98375584690917
-23.983947363894323
-23.984209769310983
-23.984558751258234
-23.985016116196856
-23.985658117722444
-23.986555191151613
-23.987750543162505
-23.989321081027295
-23.983226039822565
-23.98322811308623
-23.983230194324474
-23.98323228640321
-23.983234393218265
-23.983236520065415
-23.983238674143557
-23.98324086523844
-23.983243106652477
-23.98324560618322
-23.983249026784843
-23.98325390460631
-23.98326042544386
-23.983269027741713
-23.983280508160153
-23.983297196514638
-23.983319557334404
-23.98334914147679
-23.983387672135517
-23.98344474028505
-23.983521372166166
-23.983623035666366
-23.98375584690917
-23.983947363894323
-23.984209769310983
-23.984558751258234
-23.985016116196856
-23.985658117722444
-23.986555191151613
-23.987750543162505
-23.989321081027295
-23.983226039822565
-23.98322811308623
-23.983230194324474
-23.98323228640321
-23.983234393218265
-23.983236520065415
-23.983238674143557
-23.98324086523844
-23.983243106652477
-23.98324560618322
-23.983249026784843
-23.98325390460631
-23.98326042544386
-23.983269027741713
-23.983280508160153
-23.983297196514638
-23.983319557334404
-23.98334914147679
-23.983387672135517
-23.98344474028505
-23.983521372166166
-23.983623035666366
-23.98375584690917
-23.983947363894323
-23.984209769310983
-23.984558751258234
-23.985016116196856
-23.985658117722444
-23.986555191151613
-23.987750543162505
-23.989321081027295
-11.480194680014954
-11.480195023021475
-11.480195405694664
-11.480195842289234
-11.480196352182354
-11.480196961714446
-11.480197706691389
-11.48019863578591
-11.480199815161178
-11.480201356271479
-11.480203453771358
-11.480206330861632
-11.480210229360711
-11.480215499054937
-11.480222638161964
-11.480232465293245
-11.480245786673889
-11.480263802376255
-11.480288099814056
-11.480321658218024
-11.480367164548438
-11.480428731528782
-11.480511797551463
-11.48062593017342
-11.480781259212922
-11.48099143694556
-11.481275041544793
-11.481662531283819
-11.48219141998956
-11.482906541846097
-11.48387049906444
-11.401509299631494
-11.401509612417724
-11.401509937034719
-11.401510277734026
-11.401510640294989
-11.401511032573818
-11.401511465249861
-11.401511952840142
-11.401512515078428
-11.401513204675874
-11.401514145201098
-11.401515454818869
-11.401517220062676
-11.401519583923669
-11.401522768153976
-11.401527244324688
-11.40153328470565
-11.401541384839925
-11.40155216577683
-11.401567460795516
-11.401588122903023
-11.40161586717783
-11.40165284489553
-11.401704606081593
-11.401775244630398
-11.401870203957861
-11.401996944070987
-11.402171961666552
-11.402413138412964
-11.40273757882332
-11.403170957780471
-11.616707963178017
-11.616708151558939
-11.616708347012548
-11.61670855208068
-11.61670877021859
-11.616709006123209
-11.61670926617932
-11.616709559066118
-11.616709896581717
-11.616710310367296
-11.616710874727422
-11.616711660644349
-11.616712719945946
-11.616714138371538
-11.616716048971933
-11.616718735152597
-11.616722359885973
-11.616727220310068
-11.616733688652566
-11.61674286693754
-11.616755265310424
-11.616771912009664
-11.61679409618284
-11.616825151597423
-11.616867530350982
-11.6169244919606
-11.617000503093179
-11.61710545516135
-11.61725004786619
-11.61744448703768
-11.617704094873032
-11.97931431730392
-11.979314620885386
-11.979314930106245
-11.979315246993108
-11.979315574300854
-11.979315915774336
-11.979316276504152
-11.979316663410229
-11.979317085899194
-11.979317583386365
-11.979318262855667
-11.97931921849937
-11.979320502139737
-11.979322210311626
-11.979324502404204
-11.979327770098447
-11.979332166497963
-11.979338028769318
-11.979345761194583
-11.979356930807848
-11.979371981778938
-11.979392089547394
-11.979418667011588
-11.979456336444716
-11.979507832668052
-11.979576750276362
-11.979668041839165
-11.979794985688908
-11.979970970411932
-11.980206810499235
-11.980519746400553
-12.502022079599076
-12.5020224022492
-12.502022729816227
-12.5020230640671
-12.502023407403719
-12.502023763091103
-12.502024135567606
-12.502024530866505
-12.502024957189164
-12.502025454262412
-12.502026133404362
-12.502027090947534
-12.502028376042615
-12.502030083503666
-12.502032372444042
-12.502035646991684
-12.50204004939197
-12.5020459115069
-12.50205362645369
-12.502064820696505
-12.502079895689707
-12.502100010755195
-12.502126543390572
-12.502164266549094
-12.50221586009345
-12.502284835481248
-12.50237603801253
-12.50250308808385
-12.502679505550809
-12.502915743944355
-12.50322875272374
-13.240275799317407
-13.240276113050488
-13.240276430909699
-13.240276754377795
-13.240277085470407
-13.24027742692748
-13.240277782473564
-13.240278157171653
-13.240278557904153
-13.240279021983705
-13.240279656200716
-13.240280551928397
-13.240281753354234
-13.240283347936925
-13.2402854841343
-13.2402885475072
-13.240292663911939
-13.240298139922343
-13.24030533554219
-13.240315808494596
-13.240329906126258
-13.240348700884239
-13.240373456502867
-13.24040872835856
-13.240456983393834
-13.240521446627481
-13.240606572652087
-13.240725298946503
-13.240890326984081
-13.241111171178042
-13.241403447861193
-14.082076761272699
-14.082077085740572
-14.08207741392069
-14.082077747147107
-14.082078087233285
-14.082078436644355
-14.082078798731308
-14.082079178049351
-14.082079580790595
-14.082080044428778
-14.082080678178245
-14.082081574591761
-14.082082776313344
-14.082084369780805
-14.08208650322718
-14.082089569133784
-14.08209368710291
-14.082099160535407
-14.08210634289128
-14.082116825008931
-14.082130929643531
-14.082149719421885
-14.082174437104168
-14.082209721116431
-14.082258004829239
-14.082322462618372
-14.082407483098041
-14.082526184521054
-14.082691322110282
-14.082912179285756
-14.083204164728233
-14.498361621802575
-14.498362146473344
-14.498362676198914
-14.498363212795812
-14.498363758733316
-14.498364317368058
-14.498364893262892
-14.498365492620357
-14.498366123871914
-14.498366845707741
-14.498367832628716
-14.498369230968912
-14.498371104465473
-14.498373586034562
-14.49837690631089
-14.498381689229545
-14.498388110148996
-14.498396636332535
-14.498407807108842
-14.49842416038877
-14.498446155735989
-14.498475431926698
-14.498513888766857
-14.498568901991701
-14.49864420442408
-14.498744653396464
-14.498876971326297
-14.499061920317164
-14.499319469098293
-14.499663670349213
-14.500118160170576
-15.369448942356595
-15.369449548569552
-15.369450160112544
-15.369450778901012
-15.369451407538698
-15.369452049565032
-15.369452709791377
-15.369453394758033
-15.369454113355626
-15.369454932369951
-15.369456052290989
-15.369457640405166
-15.369459767545864
-15.369462583595922
-15.369466350156324
-15.369471782362334
-15.369479073113427
-15.36948874972572
-15.369501417998208
-15.369519991684946
-15.369544968203696
-15.36957819819483
-15.36962181759318
-15.369684281181309
-15.369769793021288
-15.369883816648867
-15.370033917360143
-15.370243840133563
-15.370536301367581
-15.370927018182526
-15.371442604690746
-16.384760255553193
-16.384760912775732
-16.384761575556052
-16.38476224589151
-16.384762926497224
-16.384763621064042
-16.38476433460909
-16.38476507395245
-16.384765848365028
-16.38476672980887
-16.384767935154663
-16.38476964499048
-16.38477193489481
-16.38477496576573
-16.384779019105007
-16.38478486771845
-16.384792716528445
-16.384803131769782
-16.3848167626868
-16.38483676004183
-16.384863648469274
-16.384899415568484
-16.384946351060798
-16.38501359071772
-16.38510564345899
-16.385228365341654
-16.385389866259704
-16.38561577003
-16.385930526216406
-16.38635091591822
-16.386905434708964
-17.480735022909926
-17.48073592923099
-17.480736841405594
-17.480737761537313
-17.480738692485605
-17.48073963813751
-17.48074060377689
-17.480741596586405
-17.480742626329796
-17.480743788603856
-17.48074537846467
-17.480747638595084
-17.480750663250788
-17.480754661220082
-17.480760003395964
-17.480767735043816
-17.480778104314545
-17.480791847509078
-17.480809798455542
-17.480836236467756
-17.480871766219245
-17.480918977287704
-17.48098081837997
-17.481069652510747
-17.48119131558007
-17.481353362797424
-17.481566273379194
-17.481864551298266
-17.482280710127622
-17.48283613237171
-17.48356779142422
-18.284842300230604
-18.284843545027716
-18.284844797205633
-18.28484605941672
-18.284847335266445
-18.28484862965596
-18.28484994924763
-18.28485130309799
-18.284852703518098
-18.284854280481934
-18.284856437777304
-18.284859506407845
-18.284863612201825
-18.28486903715589
-18.284876284377365
-18.28488678204128
-18.284900858424894
-18.284919508568958
-18.28494385528819
-18.2849797519441
-18.28502798559469
-18.285092057451465
-18.28517594089578
-18.285296528107683
-18.285461692438126
-18.285681616615516
-18.285970430015986
-18.286375197300604
-18.286940095177506
-18.28769379732165
-18.2886861524486
-19.092079801382052
-19.092081308836367
-19.09208282530423
-19.09208435402508
-19.092085899402473
-19.092087467422427
-19.092089066222055
-19.09209070686257
-19.092092404380058
-19.092094316326133
-19.092096931854638
-19.092100652073864
-19.0921056297759
-19.092112206999794
-19.09212099371727
-19.09213372024178
-19.09215078549411
-19.092173396209436
-19.092202914510782
-19.09224643069086
-19.092304902011033
-19.092382573145297
-19.09248426219155
-19.092630426322195
-19.092830603997257
-19.09309712899295
-19.093447111138218
-19.09393748905145
-19.09462164572067
-19.095534154919182
-19.096735108816414
-19.884007938258012
-19.88401013270456
-19.884012338492315
-19.884014559697228
-19.884016801859932
-19.884019072512107
-19.884021381892016
-19.88402374391704
-19.884026177505824
-19.884028908431695
-19.884032644823794
-19.88403796433784
-19.884045079591107
-19.88405447561714
-19.884067023338762
-19.88408522143526
-19.8841096166837
-19.884141921817825
-19.884184059084603
-19.884246284317395
-19.884329873228204
-19.884440854197795
-19.88458603328559
-19.884794947434955
-19.88508109154461
-19.88546188632185
-19.885961514713397
-19.88666193388294
-19.887639462864662
-19.888942446615882
-19.89065568230232
-20.70146710965402
-20.701470094256177
-20.70147309304139
-20.701476111106878
-20.701479155381556
-20.701482235284253
-20.701485363618474
-20.701488557788732
-20.701491841453862
-20.70149551918419
-20.701500551330447
-20.70150771918178
-20.701517305067036
-20.70152995967159
-20.70154685561759
-20.701571377147726
-20.701604244185443
-20.701647755417998
-20.70170448282018
-20.701788328501742
-20.701900944731637
-20.702050424227245
-20.70224587723128
-20.702527299452314
-20.702912763500944
-20.70342557682097
-20.704098105205258
-20.705041100695034
-20.706357267676626
-20.708110821339936
-20.71041498325376
-21.686035902888616
-21.68603953464956
-21.68604318275878
-21.68604685309191
-21.686050553635983
-21.686054295248173
-21.686058092687233
-21.68606196601551
-21.686065942504797
-21.686070390937196
-21.68607647787995
-21.686085150835098
-21.68609674833631
-21.68611205557067
-21.686132490709333
-21.686162161458526
-21.686201926464033
-21.686254560315945
-21.68632316157525
-21.68642461278595
-21.686560863835776
-21.68674168431057
-21.686978052215
-21.687318507052574
-21.68778483453596
-21.68840511286146
-21.68921833820125
-21.69035875743816
-21.69195055634734
-21.694070745163707
-21.696855524881705
-21.686035902888616
-21.68603953464956
-21.68604318275878
-21.68604685309191
-21.686050553635983
-21.686054295248173
-21.686058092687233
-21.68606196601551
-21.686065942504797
-21.686070390937196
-21.68607647787995
-21.686085150835098
-21.68609674833631
-21.68611205557067
-21.686132490709333
-21.686162161458526
-21.686201926464033
-21.686254560315945
-21.68632316157525
-21.68642461278595
-21.686560863835776
-21.68674168431057
-21.686978052215
-21.687318507052574
-21.68778483453596
-21.68840511286146
-21.68921833820125
-21.69035875743816
-21.69195055634734
-21.694070745163707
-21.696855524881705
-21.686035902888616
-21.68603953464956
-21.68604318275878
-21.68604685309191
-21.686050553635983
-21.686054295248173
-21.686058092687233
-21.68606196601551
-21.686065942504797
-21.686070390937196
-21.68607647787995
-21.686085150835098
-21.68609674833631
-21.68611205557067
-21.686132490709333
-21.686162161458526
-21.686201926464033
-21.686254560315945
-21.68632316157525
-21.68642461278595
-21.686560863835776
-21.68674168431057
-21.686978052215
-21.687318507052574
-21.68778483453596
-21.68840511286146
-21.68921833820125
-21.69035875743816
-21.69195055634734
-21.694070745163707
-21.696855524881705
-21.686035902888616
-21.68603953464956
-21.68604318275878
-21.68604685309191
-21.686050553635983
-21.686054295248173
-21.686058092687233
-21.68606196601551
-21.686065942504797
-21.686070390937196
-21.68607647787995
-21.686085150835098
-21.68609674833631
-21.68611205557067
-21.686132490709333
-21.686162161458526
-21.686201926464033
-21.686254560315945
-21.68632316157525
-21.68642461278595
-21.686560863835776
-21.68674168431057
-21.686978052215
-21.687318507052574
-21.68778483453596
-21.68840511286146
-21.68921833820125
-21.69035875743816
-21.69195055634734
-21.694070745163707
-21.696855524881705
-21.686035902888616
-21.68603953464956
-21.68604318275878
-21.68604685309191
-21.686050553635983
-21.686054295248173
-21.686058092687233
-21.68606196601551
-21.686065942504797
-21.686070390937196
-21.68607647787995
-21.686085150835098
-21.68609674833631
-21.68611205557067
-21.686132490709333
-21.686162161458526
-21.686201926464033
-21.686254560315945
-21.68632316157525
-21.68642461278595
-21.686560863835776
-21.68674168431057
-21.686978052215
-21.687318507052574
-21.68778483453596
-21.68840511286146
-21.68921833820125
-21.69035875743816
-21.69195055634734
-21.694070745163707
-21.696855524881705
-21.686035902888616
-21.68603953464956
-21.68604318275878
-21.68604685309191
-21.686050553635983
-21.686054295248173
-21.686058092687233
-21.68606196601551
-21.686065942504797
-21.686070390937196
-21.68607647787995
-21.686085150835098
-21.68609674833631
-21.68611205557067
-21.686132490709333
-21.686162161458526
-21.686201926464033
-21.686254560315945
-21.68632316157525
-21.68642461278595
-21.686560863835776
-21.68674168431057
-21.686978052215
-21.687318507052574
-21.68778483453596
-21.68840511286146
-21.68921833820125
-21.69035875743816
-21.69195055634734
-21.694070745163707
-21.696855524881705
-21.686035902888616
-21.68603953464956
-21.68604318275878
-21.68604685309191
-21.686050553635983
-21.686054295248173
-21.686058092687233
-21.68606196601551
-21.686065942504797
-21.686070390937196
-21.68607647787995
-21.686085150835098
-21.68609674833631
-21.68611205557067
-21.686132490709333
-21.686162161458526
-21.686201926464033
-21.686254560315945
-21.68632316157525
-21.68642461278595
-21.686560863835776
-21.68674168431057
-21.686978052215
-21.687318507052574
-21.68778483453596
-21.68840511286146
-21.68921833820125
-21.69035875743816
-21.69195055634734
-21.694070745163707
-21.696855524881705
-21.686035902888616
-21.68603953464956
-21.68604318275878
-21.68604685309191
-21.686050553635983
-21.686054295248173
-21.686058092687233
-21.68606196601551
-21.686065942504797
-21.686070390937196
-21.68607647787995
-21.686085150835098
-21.68609674833631
-21.68611205557067
-21.686132490709333
-21.686162161458526
-21.686201926464033
-21.686254560315945
-21.68632316157525
-21.68642461278595
-21.686560863835776
-21.68674168431057
-21.686978052215
-21.687318507052574
-21.68778483453596
-21.68840511286146
-21.68921833820125
-21.69035875743816
-21.69195055634734
-21.694070745163707
-21.696855524881705
-21.686035902888616
-21.68603953464956
-21.68604318275878
-21.68604685309191
-21.686050553635983
-21.686054295248173
-21.686058092687233
-21.68606196601551
-21.686065942504797
-21.686070390937196
-21.68607647787995
-21.686085150835098
-21.68609674833631
-21.68611205557067
-21.686132490709333
-21.686162161458526
-21.686201926464033
-21.686254560315945
-21.68632316157525
-21.68642461278595
-21.686560863835776
-21.68674168431057
-21.686978052215
-21.687318507052574
-21.68778483453596
-21.68840511286146
-21.68921833820125
-21.69035875743816
-21.69195055634734
-21.694070745163707
-21.696855524881705
-21.686035902888616
-21.68603953464956
-21.68604318275878
-21.68604685309191
-21.686050553635983
-21.686054295248173
-21.686058092687233
-21.68606196601551
-21.686065942504797
-21.686070390937196
-21.68607647787995
-21.686085150835098
-21.68609674833631
-21.68611205557067
-21.686132490709333
-21.686162161458526
-21.686201926464033
-21.686254560315945
-21.68632316157525
-21.68642461278595
-21.686560863835776
-21.68674168431057
-21.686978052215
-21.687318507052574
-21.68778483453596
-21.68840511286146
-21.68921833820125
-21.69035875743816
-21.69195055634734
-21.694070745163707
-21.696855524881705
-21.686035902888616
-21.68603953464956
-21.68604318275878
-21.68604685309191
-21.686050553635983
-21.686054295248173
-21.686058092687233
-21.68606196601551
-21.686065942504797
-21.686070390937196
-21.68607647787995
-21.686085150835098
-21.68609674833631
-21.68611205557067
-21.686132490709333
-21.686162161458526
-21.686201926464033
-21.686254560315945
-21.68632316157525
-21.68642461278595
-21.686560863835776
-21.68674168431057
-21.686978052215
-21.687318507052574
-21.68778483453596
-21.68840511286146
-21.68921833820125
-21.69035875743816
-21.69195055634734
-21.694070745163707
-21.696855524881705
-21.686035902888616
-21.68603953464956
-21.68604318275878
-21.68604685309191
-21.686050553635983
-21.686054295248173
-21.686058092687233
-21.68606196601551
-21.686065942504797
-21.686070390937196
-21.68607647787995
-21.686085150835098
-21.68609674833631
-21.68611205557067
-21.686132490709333
-21.686162161458526
-21.686201926464033
-21.686254560315945
-21.68632316157525
-21.68642461278595
-21.686560863835776
-21.68674168431057
-21.686978052215
-21.687318507052574
-21.68778483453596
-21.68840511286146
-21.68921833820125
-21.69035875743816
-21.69195055634734
-21.694070745163707
-21.696855524881705
-21.686035902888616
-21.68603953464956
-21.68604318275878
-21.68604685309191
-21.686050553635983
-21.686054295248173
-21.686058092687233
-21.68606196601551
-21.686065942504797
-21.686070390937196
-21.68607647787995
-21.686085150835098
-21.68609674833631
-21.68611205557067
-21.686132490709333
-21.686162161458526
-21.686201926464033
-21.686254560315945
-21.68632316157525
-21.68642461278595
-21.686560863835776
-21.68674168431057
-21.686978052215
-21.687318507052574
-21.68778483453596
-21.68840511286146
-21.68921833820125
-21.69035875743816
-21.69195055634734
-21.694070745163707
-21.696855524881705
-21.686035902888616
-21.68603953464956
-21.68604318275878
-21.68604685309191
-21.686050553635983
-21.686054295248173
-21.686058092687233
-21.68606196601551
-21.686065942504797
-21.686070390937196
-21.68607647787995
-21.686085150835098
-21.68609674833631
-21.68611205557067
-21.686132490709333
-21.686162161458526
-21.686201926464033
-21.686254560315945
-21.68632316157525
-21.68642461278595
-21.686560863835776
-21.68674168431057
-21.686978052215
-21.687318507052574
-21.68778483453596
-21.68840511286146
-21.68921833820125
-21.69035875743816
-21.69195055634734
-21.694070745163707
-21.696855524881705
-21.686035902888616
-21.68603953464956
-21.68604318275878
-21.68604685309191
-21.686050553635983
-21.686054295248173
-21.686058092687233
-21.68606196601551
-21.686065942504797
-21.686070390937196
-21.68607647787995
-21.686085150835098
-21.68609674833631
-21.68611205557067
-21.686132490709333
-21.686162161458526
-21.686201926464033
-21.686254560315945
-21.68632316157525
-21.68642461278595
-21.686560863835776
-21.68674168431057
-21.686978052215
-21.687318507052574
-21.68778483453596
-21.68840511286146
-21.68921833820125
-21.69035875743816
-21.69195055634734
-21.694070745163707
-21.696855524881705
-21.686035902888616
-21.68603953464956
-21.68604318275878
-21.68604685309191
-21.686050553635983
-21.686054295248173
-21.686058092687233
-21.68606196601551
-21.686065942504797
-21.686070390937196
-21.68607647787995
-21.686085150835098
-21.68609674833631
-21.68611205557067
-21.686132490709333
-21.686162161458526
-21.686201926464033
-21.686254560315945
-21.68632316157525
-21.68642461278595
-21.686560863835776
-21.68674168431057
-21.686978052215
-21.687318507052574
-21.68778483453596
-21.68840511286146
-21.68921833820125
-21.69035875743816
-21.69195055634734
-21.694070745163707
-21.696855524881705
-11.377467348859748
-11.377467704518576
-11.37746811301785
-11.377468593346848
-11.377469171318676
-11.377469882022435
-11.377470773156492
-11.377471909559533
-11.37747337936973
-11.377475321690392
-11.377477964301777
-11.377481579704849
-11.377486483090072
-11.377493121795418
-11.377502124274985
-11.377514471502238
-11.377531222034223
-11.377553908056106
-11.377584572773065
-11.377626729056555
-11.377683929821526
-11.377761415637934
-11.37786617134453
-11.378009630753754
-11.378204750765802
-11.378469021880267
-11.378826207549963
-11.379313167564813
-11.379976387038644
-11.380873380406033
-11.382083449171583
-11.281401640663557
-11.281402009357505
-11.281402393604175
-11.281402798992803
-11.281403233121125
-11.281403706317159
-11.281404232620337
-11.281404831115214
-11.28140552774441
-11.28140638787172
-11.281407560713282
-11.281409191190802
-11.281411390151183
-11.28141433776175
-11.281418310761637
-11.281423883137192
-11.281431406365314
-11.281441504048765
-11.28145496273722
-11.281474001350938
-11.281499730458656
-11.281534305353583
-11.281580446115301
-11.281644900448223
-11.281732828211522
-11.281851099611341
-11.282009119889139
-11.282227038604455
-11.282526938834623
-11.282930449934458
-11.283469736005719
-11.436599407195787
-11.436599812106941
-11.436600226661135
-11.43660065432374
-11.436601099805415
-11.43660156950962
-11.436602072140916
-11.436602619531895
-11.43660322776723
-11.436603953681981
-11.436604944669726
-11.436606333802288
-11.43660820187543
-11.436610692981779
-11.436614039979812
-11.436618789243832
-11.43662518532354
-11.436633730109246
-11.436645034854124
-11.436661266615353
-11.436683157009671
-11.436712451178254
-11.43675127832543
-11.43680608005765
-11.436880952147023
-11.436981299422289
-11.437114553695803
-11.437299406851887
-11.43755513696625
-11.437898238854805
-11.43835444269231
-11.77656594060417
-11.776566250895627
-11.776566568631472
-11.776566896487115
-11.776567238099387
-11.776567598412035
-11.776567984145368
-11.776568404434661
-11.776568871698004
-11.776569429599864
-11.776570191211842
-11.77657125870121
-11.776572694285377
-11.77657460878124
-11.776577181154241
-11.776580830705266
-11.776585745868886
-11.776592312577115
-11.776601001071919
-11.776613473777768
-11.776630294763255
-11.776652805579436
-11.776682643671325
-11.776724750229402
-11.776782272638252
-11.776859364029585
-11.776961733983144
-11.777103709112106
-11.777300058943487
-11.777563424843482
-11.777913508516605
-12.259861679380432
-12.259862032189826
-12.259862391371499
-12.259862759215498
-12.259863138834794
-12.259863534461022
-12.259863951846492
-12.25986439881062
-12.259864885982763
-12.259865458804951
-12.259866241206817
-12.259867342017573
-12.259868820463465
-12.259870787420068
-12.259873426386411
-12.259877190501307
-12.259882254236365
-12.259889004952981
-12.259897906303056
-12.259910772761943
-12.259928108523034
-12.2599512642764
-12.259981860786858
-12.260025245364606
-12.260084556727112
-12.26016391800384
-12.260269010460688
-12.260415172645738
-12.260617826874135
-12.260889339370665
-12.261249468094823
-12.915643092288212
-12.915643522228233
-12.91564395778531
-12.915644400977987
-12.915644854550163
-12.915645322231784
-12.915645809093153
-12.915646322026635
-12.915646870401375
-12.915647505275327
-12.915648372911155
-12.915649598395204
-12.915651242075501
-12.915653423534131
-12.915656345858924
-12.9156605369959
-12.915666168701621
-12.915673660175456
-12.915683503484113
-12.915697831919598
-12.915717118972939
-12.915742831091224
-12.915776695632713
-12.91582494985194
-12.915890965755983
-12.915979150920508
-12.916095593515532
-12.916258000275104
-12.91648374170506
-12.916785805778108
-12.917185522351057
-13.699423871456025
-13.699424320538386
-13.699424774606976
-13.699425235453655
-13.699425705514189
-13.699426188099661
-13.699426687710988
-13.699427210466531
-13.699427764683314
-13.699428401922006
-13.699429273005245
-13.699430505498833
-13.699432157588667
-13.699434347811664
-13.69943727987957
-13.69944149529166
-13.699447156693203
-13.699454680266866
-13.699464550057238
-13.699478962323022
-13.699498353766002
-13.699524182339438
-13.699558150454374
-13.699606657701775
-13.699673039257991
-13.699761643887625
-13.69987848493555
-13.700041643887918
-13.700268663967307
-13.700572233404746
-13.700973462951778
-14.088155137638449
-14.08815567885519
-14.088156226852318
-14.088156784066662
-14.088157353810717
-14.088157940587342
-14.08815855051753
-14.08815919192189
-14.088159876111064
-14.08816066677472
-14.08816174738664
-14.088163274388128
-14.08816532214762
-14.088168039095478
-14.088171678101034
-14.088176900442953
-14.088183916780295
-14.088193247605737
-14.088205502388204
-14.088223355599924
-14.088247383811218
-14.088279407912232
-14.088321567545613
-14.088381672034693
-14.088463898763914
-14.08857370265396
-14.088718618340021
-14.088920755799874
-14.089201706125102
-14.089577420231663
-14.07252868168587
-14.85350009790724
-14.85350093469727
-14.853501778956547
-14.85350263336917
-14.85350350158384
-14.853504388560397
-14.853505301041046
-14.853506248190813
-14.853507242468236
-14.853508376286031
-14.853509926639468
-14.853512124835019
-14.853515069262372
-14.853518967620102
-14.853524182076708
-14.853531701029228
-14.853541792864695
-14.853555188202451
-14.853572727038088
-14.853598435352088
-14.853633006997741
-14.853679005689482
-14.853739392442831
-14.853825851480547
-14.853944208194026
-14.85410203436118
-14.85430981341062
-14.85460036432364
-14.855005100727677
-14.855545803954355
-14.856259319131665
-15.767587925571377
-15.767588908159025
-15.767589898490618
-15.767590899349056
-15.767591914517308
-15.767592949137752
-15.767594010200714
-15.76759510720854
-15.767596253078247
-15.767597554260568
-15.767599333737397
-15.767601859514883
-15.76760524147343
-15.767609716075134
-15.767615698776236
-15.767624338572752
-15.767635931068925
-15.76765130888873
-15.767671423465368
-15.767700964736823
-15.767740679827265
-15.767793492802355
-15.767862761396858
-15.767962069187739
-15.768098036048036
-15.768279251722625
-15.768517616932304
-15.768851167248398
-15.76931605375028
-15.769936782675906
-15.770755180419606
-16.453416989785175
-16.453418358981846
-16.453419737985815
-16.45342113032141
-16.453422540779435
-16.453423975872298
-16.453425444452694
-16.45342695855451
-16.453428534536084
-16.453430318754723
-16.453432759092465
-16.45343622555332
-16.45344086583403
-16.45344700231899
-16.45345520452368
-16.45346706239316
-16.4534829691031
-16.453504060632138
-16.45353162929597
-16.45357217430576
-16.4536266718765
-16.453699113718297
-16.453794064384848
-16.453930320448496
-16.454116894044635
-16.454365464498455
-16.454692221349443
-16.455149677587496
-16.455787487381816
-16.456638758018702
-16.457760375249027
-17.129616776391025
-17.129618502761183
-17.129620241262852
-17.12962199625605
-17.129623773667568
-17.129625581554016
-17.129627430867192
-17.129629336494446
-17.12963131867293
-17.12963356146978
-17.12963662908152
-17.12964098720662
-17.129646820778266
-17.129654534577316
-17.12966484442573
-17.129679752282332
-17.12969974934095
-17.12972626196956
-17.1297609113883
-17.12981188232905
-17.129880389025526
-17.12997144239936
-17.13009076707821
-17.130262018182332
-17.1304964904298
-17.130808812707063
-17.13121926032252
-17.131793794456517
-17.132594607170923
-17.133662868526706
-17.135069432461258
-17.735827893684537
-17.735830556944048
-17.73583323647776
-17.735835938134176
-17.735838669863448
-17.735841442472697
-17.735844270652564
-17.735847174372772
-17.73585018077927
-17.73585356892166
-17.73585820376915
-17.73586479517928
-17.73587361499508
-17.735885269997567
-17.73590084111891
-17.735923389065366
-17.735953625030007
-17.73599368916795
-17.736045999348715
-17.736123091813862
-17.736226678065588
-17.736364281499917
-17.736544448331653
-17.73680333619037
-17.737157831974947
-17.737629769063616
-17.738249430606952
-17.73911728706942
-17.740327347805028
-17.741940381657837
-17.74406199559935
-18.33581422390531
-18.33581759742858
-18.335820992276155
-18.33582441611331
-18.33582787935987
-18.33583139618004
-18.33583498582797
-18.335838674476868
-18.335842497705226
-18.335846810415113
-18.335852709819058
-18.335861097564383
-18.335872321895454
-18.335887156526706
-18.335906977384028
-18.335935669157035
-18.335974145936106
-18.336025135534925
-18.33609172389944
-18.33618981220525
-18.33632161104327
-18.336496701792814
-18.336725979862592
-18.33705529541599
-18.337506131129967
-18.3381062542769
-18.33889415087882
-18.339996980533314
-18.341533523748417
-18.343580374943247
-18.346270410418224
-18.944450840012806
-18.944455894969053
-18.94446097797948
-18.94446609912733
-18.944471272119348
-18.944476515587727
-18.94448185486021
-18.944487324365987
-18.944492970906314
-18.944499318429305
-18.944508002376054
-18.94452036010112
-18.94453689192962
-18.944558728981782
-18.944587895661137
-18.94463016865981
-18.944686843307643
-18.944761910773305
-18.944859862343634
-18.945004381084217
-18.945198521629912
-18.945456311483547
-18.94579362278392
-18.946278630077995
-18.946942673679878
-18.947826201436527
-18.9489853145077
-18.95060856769446
-18.952870987208257
-18.955883149461837
-18.95983857850186
-19.733317725121477
-19.73332424604875
-19.733330800610567
-19.733337400896275
-19.733344063339644
-19.733350810279784
-19.73335767208343
-19.73336469002947
-19.7333719202302
-19.73338003344411
-19.7333911337294
-19.73340693729943
-19.733428075487094
-19.73345598892729
-19.733493264615984
-19.73354732535665
-19.733619793214647
-19.733715753374987
-19.733840912062572
-19.73402572379305
-19.734273957575205
-19.734603488029876
-19.735034485274458
-19.735654520876494
-19.73650342995399
-19.737632571216867
-19.73911319312786
-19.741186955329347
-19.744077215735107
-19.747923204629522
-19.75296979737559
-19.733317725121477
-19.73332424604875
-19.733330800610567
-19.733337400896275
-19.733344063339644
-19.733350810279784
-19.73335767208343
-19.73336469002947
-19.7333719202302
-19.73338003344411
-19.7333911337294
-19.73340693729943
-19.733428075487094
-19.73345598892729
-19.733493264615984
-19.73354732535665
-19.733619793214647
-19.733715753374987
-19.733840912062572
-19.73402572379305
-19.734273957575205
-19.734603488029876
-19.735034485274458
-19.735654520876494
-19.73650342995399
-19.737632571216867
-19.73911319312786
-19.741186955329347
-19.744077215735107
-19.747923204629522
-19.75296979737559
-19.733317725121477
-19.73332424604875
-19.733330800610567
-19.733337400896275
-19.733344063339644
-19.733350810279784
-19.73335767208343
-19.73336469002947
-19.7333719202302
-19.73338003344411
-19.7333911337294
-19.73340693729943
-19.733428075487094
-19.73345598892729
-19.733493264615984
-19.73354732535665
-19.733619793214647
-19.733715753374987
-19.733840912062572
-19.73402572379305
-19.734273957575205
-19.734603488029876
-19.735034485274458
-19.735654520876494
-19.73650342995399
-19.737632571216867
-19.73911319312786
-19.741186955329347
-19.744077215735107
-19.747923204629522
-19.75296979737559
-19.733317725121477
-19.73332424604875
-19.733330800610567
-19.733337400896275
-19.733344063339644
-19.733350810279784
-19.73335767208343
-19.73336469002947
-19.7333719202302
-19.73338003344411
-19.7333911337294
-19.73340693729943
-19.733428075487094
-19.73345598892729
-19.733493264615984
-19.73354732535665
-19.733619793214647
-19.733715753374987
-19.733840912062572
-19.73402572379305
-19.734273957575205
-19.734603488029876
-19.735034485274458
-19.735654520876494
-19.73650342995399
-19.737632571216867
-19.73911319312786
-19.741186955329347
-19.744077215735107
-19.747923204629522
-19.75296979737559
-19.733317725121477
-19.73332424604875
-19.733330800610567
-19.733337400896275
-19.733344063339644
-19.733350810279784
-19.73335767208343
-19.73336469002947
-19.7333719202302
-19.73338003344411
-19.7333911337294
-19.73340693729943
-19.733428075487094
-19.73345598892729
-19.733493264615984
-19.73354732535665
-19.733619793214647
-19.733715753374987
-19.733840912062572
-19.73402572379305
-19.734273957575205
-19.734603488029876
-19.735034485274458
-19.735654520876494
-19.73650342995399
-19.737632571216867
-19.73911319312786
-19.741186955329347
-19.744077215735107
-19.747923204629522
-19.75296979737559
-19.733317725121477
-19.73332424604875
-19.733330800610567
-19.733337400896275
-19.733344063339644
-19.733350810279784
-19.73335767208343
-19.73336469002947
-19.7333719202302
-19.73338003344411
-19.7333911337294
-19.73340693729943
-19.733428075487094
-19.73345598892729
-19.733493264615984
-19.73354732535665
-19.733619793214647
-19.733715753374987
-19.733840912062572
-19.73402572379305
-19.734273957575205
-19.734603488029876
-19.735034485274458
-19.735654520876494
-19.73650342995399
-19.737632571216867
-19.73911319312786
-19.741186955329347
-19.744077215735107
-19.747923204629522
-19.75296979737559
-19.733317725121477
-19.73332424604875
-19.733330800610567
-19.733337400896275
-19.733344063339644
-19.733350810279784
-19.73335767208343
-19.73336469002947
-19.7333719202302
-19.73338003344411
-19.7333911337294
-19.73340693729943
-19.733428075487094
-19.73345598892729
-19.733493264615984
-19.73354732535665
-19.733619793214647
-19.733715753374987
-19.733840912062572
-19.73402572379305
-19.734273957575205
-19.734603488029876
-19.735034485274458
-19.735654520876494
-19.73650342995399
-19.737632571216867
-19.73911319312786
-19.741186955329347
-19.744077215735107
-19.747923204629522
-19.75296979737559
-19.733317725121477
-19.73332424604875
-19.733330800610567
-19.733337400896275
-19.733344063339644
-19.733350810279784
-19.73335767208343
-19.73336469002947
-19.7333719202302
-19.73338003344411
-19.7333911337294
-19.73340693729943
-19.733428075487094
-19.73345598892729
-19.733493264615984
-19.73354732535665
-19.733619793214647
-19.733715753374987
-19.733840912062572
-19.73402572379305
-19.734273957575205
-19.734603488029876
-19.735034485274458
-19.735654520876494
-19.73650342995399
-19.737632571216867
-19.73911319312786
-19.741186955329347
-19.744077215735107
-19.747923204629522
-19.75296979737559
-19.733317725121477
-19.73332424604875
-19.733330800610567
-19.733337400896275
-19.733344063339644
-19.733350810279784
-19.73335767208343
-19.73336469002947
-19.7333719202302
-19.73338003344411
-19.7333911337294
-19.73340693729943
-19.733428075487094
-19.73345598892729
-19.733493264615984
-19.73354732535665
-19.733619793214647
-19.733715753374987
-19.733840912062572
-19.73402572379305
-19.734273957575205
-19.734603488029876
-19.735034485274458
-19.735654520876494
-19.73650342995399
-19.737632571216867
-19.73911319312786
-19.741186955329347
-19.744077215735107
-19.747923204629522
-19.75296979737559
-19.733317725121477
-19.73332424604875
-19.733330800610567
-19.733337400896275
-19.733344063339644
-19.733350810279784
-19.73335767208343
-19.73336469002947
-19.7333719202302
-19.73338003344411
-19.7333911337294
-19.73340693729943
-19.733428075487094
-19.73345598892729
-19.733493264615984
-19.73354732535665
-19.733619793214647
-19.733715753374987
-19.733840912062572
-19.73402572379305
-19.734273957575205
-19.734603488029876
-19.735034485274458
-19.735654520876494
-19.73650342995399
-19.737632571216867
-19.73911319312786
-19.741186955329347
-19.744077215735107
-19.747923204629522
-19.75296979737559
-19.733317725121477
-19.73332424604875
-19.733330800610567
-19.733337400896275
-19.733344063339644
-19.733350810279784
-19.73335767208343
-19.73336469002947
-19.7333719202302
-19.73338003344411
-19.7333911337294
-19.73340693729943
-19.733428075487094
-19.73345598892729
-19.733493264615984
-19.73354732535665
-19.733619793214647
-19.733715753374987
-19.733840912062572
-19.73402572379305
-19.734273957575205
-19.734603488029876
-19.735034485274458
-19.735654520876494
-19.73650342995399
-19.737632571216867
-19.73911319312786
-19.741186955329347
-19.744077215735107
-19.747923204629522
-19.75296979737559
-19.733317725121477
-19.73332424604875
-19.733330800610567
-19.733337400896275
-19.733344063339644
-19.733350810279784
-19.73335767208343
-19.73336469002947
-19.7333719202302
-19.73338003344411
-19.7333911337294
-19.73340693729943
-19.733428075487094
-19.73345598892729
-19.733493264615984
-19.73354732535665
-19.733619793214647
-19.733715753374987
-19.733840912062572
-19.73402572379305
-19.734273957575205
-19.734603488029876
-19.735034485274458
-19.735654520876494
-19.73650342995399
-19.737632571216867
-19.73911319312786
-19.741186955329347
-19.744077215735107
-19.747923204629522
-19.75296979737559
-19.733317725121477
-19.73332424604875
-19.733330800610567
-19.733337400896275
-19.733344063339644
-19.733350810279784
-19.73335767208343
-19.73336469002947
-19.7333719202302
-19.73338003344411
-19.7333911337294
-19.73340693729943
-19.733428075487094
-19.73345598892729
-19.733493264615984
-19.73354732535665
-19.733619793214647
-19.733715753374987
-19.733840912062572
-19.73402572379305
-19.734273957575205
-19.734603488029876
-19.735034485274458
-19.735654520876494
-19.73650342995399
-19.737632571216867
-19.73911319312786
-19.741186955329347
-19.744077215735107
-19.747923204629522
-19.75296979737559
-19.733317725121477
-19.73332424604875
-19.733330800610567
-19.733337400896275
-19.733344063339644
-19.733350810279784
-19.73335767208343
-19.73336469002947
-19.7333719202302
-19.73338003344411
-19.7333911337294
-19.73340693729943
-19.733428075487094
-19.73345598892729
-19.733493264615984
-19.73354732535665
-19.733619793214647
-19.733715753374987
-19.733840912062572
-19.73402572379305
-19.734273957575205
-19.734603488029876
-19.735034485274458
-19.735654520876494
-19.73650342995399
-19.737632571216867
-19.73911319312786
-19.741186955329347
-19.744077215735107
-19.747923204629522
-19.75296979737559
-19.733317725121477
-19.73332424604875
-19.733330800610567
-19.733337400896275
-19.733344063339644
-19.733350810279784
-19.73335767208343
-19.73336469002947
-19.7333719202302
-19.73338003344411
-19.7333911337294
-19.73340693729943
-19.733428075487094
-19.73345598892729
-19.733493264615984
-19.73354732535665
-19.733619793214647
-19.733715753374987
-19.733840912062572
-19.73402572379305
-19.734273957575205
-19.734603488029876
-19.735034485274458
-19.735654520876494
-19.73650342995399
-19.737632571216867
-19.73911319312786
-19.741186955329347
-19.744077215735107
-19.747923204629522
-19.75296979737559
-19.733317725121477
-19.73332424604875
-19.733330800610567
-19.733337400896275
-19.733344063339644
-19.733350810279784
-19.73335767208343
-19.73336469002947
-19.7333719202302
-19.73338003344411
-19.7333911337294
-19.73340693729943
-19.733428075487094
-19.73345598892729
-19.733493264615984
-19.73354732535665
-19.733619793214647
-19.733715753374987
-19.733840912062572
-19.73402572379305
-19.734273957575205
-19.734603488029876
-19.735034485274458
-19.735654520876494
-19.73650342995399
-19.737632571216867
-19.73911319312786
-19.741186955329347
-19.744077215735107
-19.747923204629522
-19.75296979737559
-11.273132492197492
-11.273133206282354
-11.273133989739993
-11.273134867500154
-11.2731358734511
-11.273137053658816
-11.273138470742984
-11.273140209825323
-11.273142386615303
-11.273145206592082
-11.27314904571761
-11.273154322313673
-11.273161467070329
-11.273171112627754
-11.273184169864146
-11.273202193504622
-11.273226610305617
-11.273259592806044
-11.273303995715949
-11.273365537932207
-11.273448940801169
-11.273561651120282
-11.273713448386264
-11.273922483990917
-11.274206983565755
-11.274591441093063
-11.275109167495952
-11.275816973446084
-11.276783220209708
-11.278086901493348
-11.27983875296105
-11.173577831447199
-11.173578068808974
-11.17357832628946
-11.17357861111981
-11.173578933129718
-11.173579305681232
-11.17357974693809
-11.173580281591233
-11.173580943204342
-11.173581794174561
-11.173582952956362
-11.173584548290917
-11.173586707170461
-11.173589618646359
-11.173593557423294
-11.173599007054005
-11.173606385928515
-11.173616343931544
-11.173629730298389
-11.173648338656932
-11.173673545672873
-11.173707580970701
-11.173753357108705
-11.173816518620741
-11.17390250020994
-11.174018597609034
-11.174174745044585
-11.174388419546165
-11.174680302876192
-11.175073770965522
-11.15629023209328
-11.30375510125322
-11.303755521905194
-11.303755954863327
-11.30375640455038
-11.303756876978454
-11.303757380320121
-11.30375792568481
-11.303758528174157
-11.303759208316631
-11.303760029757116
-11.303761150687897
-11.30376271737711
-11.303764826355936
-11.303767643858029
-11.303771433646125
-11.303776789120459
-11.30378400780508
-11.303793667287401
-11.303806480129039
-11.303824779857617
-11.303849475942279
-11.303882571226897
-11.30392653948782
-11.303988362654623
-11.304072768078578
-11.304186011636837
-11.304336677587997
-11.304545159183334
-11.304832865147239
-11.305218960680653
-11.30573278595769
-11.581381718234667
-11.581382222179176
-11.581382736038286
-11.581383263374994
-11.581383809032703
-11.581384379595288
-11.581384984012585
-11.58138563445058
-11.58138634744716
-11.581387189543454
-11.581388339557428
-11.581389955786419
-11.581392127298063
-11.581395018335265
-11.581398898760998
-11.581404424983695
-11.58141186164379
-11.581421781985744
-11.581434875812425
-11.58145376408939
-11.581479220042814
-11.581513240398834
-11.581558233244902
-11.581621939701751
-11.581709010934865
-11.581825564308781
-11.581980022442242
-11.58219464337973
-11.582491949423929
-11.582890330316282
-11.58341894727372
-12.02862651550636
-12.02862702835011
-12.028627549630436
-12.028628082379162
-12.028628630717598
-12.028629200248098
-12.02862979858621
-12.028630436084192
-12.028631126814405
-12.028631935170282
-12.028633039464705
-12.02863459499273
-12.028636683295666
-12.028639459565596
-12.028643182637023
-12.028648501845938
-12.028655655071232
-12.028665185022573
-12.028677737562813
-12.028695920038887
-12.028720410923343
-12.028753104113049
-12.028796259688587
-12.02885754084288
-12.02894133268581
-12.029053386440994
-12.029201631863065
-12.029407963383083
-12.029694208671714
-12.03007748641437
-12.030585369520846
-12.65803675142661
-12.658037226254216
-12.658037708198977
-12.658038199818632
-12.65803870459005
-12.65803922723953
-12.65803977419181
-12.65804035418035
-12.658040979077057
-12.658041707107325
-12.658042701828197
-12.658044104589132
-12.658045987067492
-12.658048487934309
-12.658051840206351
-12.658056637247201
-12.658063086103777
-12.658071672181197
-12.658082969893256
-12.658099368115533
-12.658121449468625
-12.658150909385716
-12.658189760238397
-12.65824500654427
-12.658320561464164
-12.658421549560968
-12.658555041088794
-12.658740984147379
-12.658999120392693
-12.65934461447523
-12.659802084477295
-13.372798446360148
-13.372798893624102
-13.372799347421202
-13.372799810099375
-13.372800284850282
-13.37280077601253
-13.372801289483823
-13.372801833281232
-13.372802418302808
-13.372803099050834
-13.372804029209298
-13.372805341323321
-13.372807101969569
-13.372809440534553
-13.372812574876276
-13.37281706198292
-13.37282309363308
-13.372831122848915
-13.372841684892007
-13.37285702374116
-13.372877676961087
-13.37290522722486
-13.372941550265717
-13.372993221441666
-13.373063890268517
-13.37315833392761
-13.37328314428243
-13.37345702915814
-13.37369846461855
-13.374021559313398
-13.374449264911375
-13.722801271485025
-13.722802049928692
-13.722802837295623
-13.722803636792662
-13.722804452779048
-13.72280529118055
-13.722806160052354
-13.722807070344354
-13.722808036941295
-13.722809149782158
-13.722810670923307
-13.722812822467741
-13.722815706814165
-13.722819531454219
-13.722824652166143
-13.722832010696703
-13.722841894247464
-13.722855031016028
-13.722872269408645
-13.722897425836848
-13.722931274939016
-13.722976365959703
-13.723035680145673
-13.723120339246394
-13.723236173133575
-13.723390784004422
-13.723594678765112
-13.723879251198417
-13.724274955093014
-13.72480386529235
-13.72550261937791
-14.4250102731596
-14.425011246116247
-14.425012228860513
-14.425013224909936
-14.425014239046073
-14.425015277768784
-14.42501634991367
-14.425017467491445
-14.425018646828901
-14.425019997594141
-14.425021844298744
-14.425024459753747
-14.42502796442804
-14.425032607786402
-14.425038821456146
-14.425047767064441
-14.425059777590295
-14.425075729562899
-14.425096636963724
-14.425127220047095
-14.425168357170692
-14.425223119927189
-14.4252950762477
-14.425397946497007
-14.425538725365776
-14.425726516056555
-14.425973909900488
-14.42631948841116
-14.42680035477117
-14.427442701322013
-14.428290448829417
-15.013355555111557
-15.013356992696819
-15.013358442480559
-15.013359908846512
-15.013361397753778
-15.013362917302832
-15.013364478505109
-15.01336609632904
-15.013367791122
-15.013369720373221
-15.013372358547183
-15.013376100794538
-15.01338111265202
-15.013387746347261
-15.013396617997328
-15.013409418386196
-15.013426596441777
-15.013449391568484
-15.013479225076665
-15.013522989128704
-15.013581832874678
-15.013660105239842
-15.013762816540813
-15.013909943310686
-15.014111340775763
-15.014379805396011
-15.014733055869765
-15.015227042179145
-15.015915051541759
-15.01683354674982
-15.01804445879453
-15.583602631815685
-15.583604367985027
-15.583606119691794
-15.583607892520464
-15.58360969406234
-15.583611534636688
-15.58361342827104
-15.583615394033751
-15.583617457845444
-15.583619811526816
-15.583623029868793
-15.583627592913418
-15.583633705010087
-15.58364179735647
-15.58365262170365
-15.583668228974553
-15.583689176536067
-15.583716980781599
-15.583753385207318
-15.58380674087181
-15.583878486734516
-15.583973938933934
-15.584099236213413
-15.584278590274183
-15.584524048080445
-15.584851255061759
-15.58528185895739
-15.585883612139853
-15.586721065584406
-15.587838569876736
-15.589311165955142
-16.102586305350414
-16.10258912655924
-16.10259196856823
-16.102594838852543
-16.102597747573572
-16.102600708544248
-16.102603740541184
-16.102606869088383
-16.102610128881906
-16.102613822677583
-16.102618874629478
-16.10262604917523
-16.102635653870884
-16.10264835721069
-16.10266533822283
-16.102689879221785
-16.10272280116917
-16.102766458499936
-16.102823533056704
-16.10290743207151
-16.10302020060268
-16.103170102886402
-16.103366598396793
-16.103648435972573
-16.104034233210236
-16.104548107145124
-16.105223468971747
-16.106168224995773
-16.107484032508648
-16.109238330114852
-16.111546913142956
-16.581537329458786
-16.581541207833354
-16.581545114405483
-16.58154905931118
-16.581553056328858
-16.58155712418821
-16.581561288349466
-16.58156558342198
-16.581570056451937
-16.581575122851365
-16.581582052177367
-16.581591893894153
-16.581605068594598
-16.581622492340685
-16.581645782033313
-16.58167944483477
-16.581724601198243
-16.581784476898132
-16.581862743630452
-16.581977809665798
-16.582132452512564
-16.582337984712428
-16.582607342559708
-16.582993655984716
-16.583522319967077
-16.58422619389732
-16.585150775231455
-16.58644336019049
-16.58824187207069
-16.590636568682957
-16.59378274212345
-16.985047026757464
-16.98505337770913
-16.98505977002222
-16.985066218560974
-16.985072743531028
-16.985079372398886
-16.98508614250102
-16.98509310459059
-16.98510032765849
-16.98510848225803
-16.98511963664851
-16.98513549243404
-16.98515671177636
-16.98518475985386
-16.98522223826151
-16.985276472883534
-16.98534920647962
-16.985445602234588
-16.985571508464016
-16.985756890317028
-16.986005976258195
-16.986336881588052
-16.98677022714558
-16.987392347444857
-16.988243758935482
-16.98937681317246
-16.99086405118143
-16.99294410432376
-16.995838935238936
-16.99969094583854
-17.004747298926805
-17.45290041189246
-17.452909111523493
-17.452917865948923
-17.45292669486814
-17.45293562505944
-17.452944692923772
-17.45295394794259
-17.452963457378083
-17.452973312662376
-17.45298442859537
-17.452999634105314
-17.453021253387426
-17.453050183083093
-17.453088416451894
-17.453139498765317
-17.45321344133693
-17.453312593375557
-17.453443976673473
-17.45361553238739
-17.453868202139002
-17.45420762241328
-17.45465838702896
-17.455248436942
-17.456095413006516
-17.45725392913814
-17.45879440215173
-17.460814328547517
-17.463636062896448
-17.46755577908172
-17.472758265680795
-17.479566097180534
-18.074044896770488
-18.074056831686143
-18.074068835321704
-18.074080932382003
-18.07409315644938
-18.07410555317372
-18.074118184608704
-18.07413113510624
-18.07414451932871
-18.07415957928331
-18.074180181582328
-18.074209491975093
-18.074248704839203
-18.074300507737895
-18.0743697021773
-18.074469947502905
-18.07460434165903
-18.074782355160444
-18.07501465858347
-18.07535715639762
-18.07581713306956
-18.076427742113005
-18.077226510694388
-18.078373706055086
-18.07994253114854
-18.08202720385891
-18.084758216117926
-18.088572217153214
-18.093866481852327
-18.100882681372532
-18.110046629905668
-18.074044896770488
-18.074056831686143
-18.074068835321704
-18.074080932382003
-18.07409315644938
-18.07410555317372
-18.074118184608704
-18.07413113510624
-18.07414451932871
-18.07415957928331
-18.074180181582328
-18.074209491975093
-18.074248704839203
-18.074300507737895
-18.0743697021773
-18.074469947502905
-18.07460434165903
-18.074782355160444
-18.07501465858347
-18.07535715639762
-18.07581713306956
-18.076427742113005
-18.077226510694388
-18.078373706055086
-18.07994253114854
-18.08202720385891
-18.084758216117926
-18.088572217153214
-18.093866481852327
-18.100882681372532
-18.110046629905668
-18.074044896770488
-18.074056831686143
-18.074068835321704
-18.074080932382003
-18.07409315644938
-18.07410555317372
-18.074118184608704
-18.07413113510624
-18.07414451932871
-18.07415957928331
-18.074180181582328
-18.074209491975093
-18.074248704839203
-18.074300507737895
-18.0743697021773
-18.074469947502905
-18.07460434165903
-18.074782355160444
-18.07501465858347
-18.07535715639762
-18.07581713306956
-18.076427742113005
-18.077226510694388
-18.078373706055086
-18.07994253114854
-18.08202720385891
-18.084758216117926
-18.088572217153214
-18.093866481852327
-18.100882681372532
-18.110046629905668
-18.074044896770488
-18.074056831686143
-18.074068835321704
-18.074080932382003
-18.07409315644938
-18.07410555317372
-18.074118184608704
-18.07413113510624
-18.07414451932871
-18.07415957928331
-18.074180181582328
-18.074209491975093
-18.074248704839203
-18.074300507737895
-18.0743697021773
-18.074469947502905
-18.07460434165903
-18.074782355160444
-18.07501465858347
-18.07535715639762
-18.07581713306956
-18.076427742113005
-18.077226510694388
-18.078373706055086
-18.07994253114854
-18.08202720385891
-18.084758216117926
-18.088572217153214
-18.093866481852327
-18.100882681372532
-18.110046629905668
-18.074044896770488
-18.074056831686143
-18.074068835321704
-18.074080932382003
-18.07409315644938
-18.07410555317372
-18.074118184608704
-18.07413113510624
-18.07414451932871
-18.07415957928331
-18.074180181582328
-18.074209491975093
-18.074248704839203
-18.074300507737895
-18.0743697021773
-18.074469947502905
-18.07460434165903
-18.074782355160444
-18.07501465858347
-18.07535715639762
-18.07581713306956
-18.076427742113005
-18.077226510694388
-18.078373706055086
-18.07994253114854
-18.08202720385891
-18.084758216117926
-18.088572217153214
-18.093866481852327
-18.100882681372532
-18.110046629905668
-18.074044896770488
-18.074056831686143
-18.074068835321704
-18.074080932382003
-18.07409315644938
-18.07410555317372
-18.074118184608704
-18.07413113510624
-18.07414451932871
-18.07415957928331
-18.074180181582328
-18.074209491975093
-18.074248704839203
-18.074300507737895
-18.0743697021773
-18.074469947502905
-18.07460434165903
-18.074782355160444
-18.07501465858347
-18.07535715639762
-18.07581713306956
-18.076427742113005
-18.077226510694388
-18.078373706055086
-18.07994253114854
-18.08202720385891
-18.084758216117926
-18.088572217153214
-18.093866481852327
-18.100882681372532
-18.110046629905668
-18.074044896770488
-18.074056831686143
-18.074068835321704
-18.074080932382003
-18.07409315644938
-18.07410555317372
-18.074118184608704
-18.07413113510624
-18.07414451932871
-18.07415957928331
-18.074180181582328
-18.074209491975093
-18.074248704839203
-18.074300507737895
-18.0743697021773
-18.074469947502905
-18.07460434165903
-18.074782355160444
-18.07501465858347
-18.07535715639762
-18.07581713306956
-18.076427742113005
-18.077226510694388
-18.078373706055086
-18.07994253114854
-18.08202720385891
-18.084758216117926
-18.088572217153214
-18.093866481852327
-18.100882681372532
-18.110046629905668
-18.074044896770488
-18.074056831686143
-18.074068835321704
-18.074080932382003
-18.07409315644938
-18.07410555317372
-18.074118184608704
-18.07413113510624
-18.07414451932871
-18.07415957928331
-18.074180181582328
-18.074209491975093
-18.074248704839203
-18.074300507737895
-18.0743697021773
-18.074469947502905
-18.07460434165903
-18.074782355160444
-18.07501465858347
-18.07535715639762
-18.07581713306956
-18.076427742113005
-18.077226510694388
-18.078373706055086
-18.07994253114854
-18.08202720385891
-18.084758216117926
-18.088572217153214
-18.093866481852327
-18.100882681372532
-18.110046629905668
-18.074044896770488
-18.074056831686143
-18.074068835321704
-18.074080932382003
-18.07409315644938
-18.07410555317372
-18.074118184608704
-18.07413113510624
-18.07414451932871
-18.07415957928331
-18.074180181582328
-18.074209491975093
-18.074248704839203
-18.074300507737895
-18.0743697021773
-18.074469947502905
-18.07460434165903
-18.074782355160444
-18.07501465858347
-18.07535715639762
-18.07581713306956
-18.076427742113005
-18.077226510694388
-18.078373706055086
-18.07994253114854
-18.08202720385891
-18.084758216117926
-18.088572217153214
-18.093866481852327
-18.100882681372532
-18.110046629905668
-18.074044896770488
-18.074056831686143
-18.074068835321704
-18.074080932382003
-18.07409315644938
-18.07410555317372
-18.074118184608704
-18.07413113510624
-18.07414451932871
-18.07415957928331
-18.074180181582328
-18.074209491975093
-18.074248704839203
-18.074300507737895
-18.0743697021773
-18.074469947502905
-18.07460434165903
-18.074782355160444
-18.07501465858347
-18.07535715639762
-18.07581713306956
-18.076427742113005
-18.077226510694388
-18.078373706055086
-18.07994253114854
-18.08202720385891
-18.084758216117926
-18.088572217153214
-18.093866481852327
-18.100882681372532
-18.110046629905668
-18.074044896770488
-18.074056831686143
-18.074068835321704
-18.074080932382003
-18.07409315644938
-18.07410555317372
-18.074118184608704
-18.07413113510624
-18.07414451932871
-18.07415957928331
-18.074180181582328
-18.074209491975093
-18.074248704839203
-18.074300507737895
-18.0743697021773
-18.074469947502905
-18.07460434165903
-18.074782355160444
-18.07501465858347
-18.07535715639762
-18.07581713306956
-18.076427742113005
-18.077226510694388
-18.078373706055086
-18.07994253114854
-18.08202720385891
-18.084758216117926
-18.088572217153214
-18.093866481852327
-18.100882681372532
-18.110046629905668
-18.074044896770488
-18.074056831686143
-18.074068835321704
-18.074080932382003
-18.07409315644938
-18.07410555317372
-18.074118184608704
-18.07413113510624
-18.07414451932871
-18.07415957928331
-18.074180181582328
-18.074209491975093
-18.074248704839203
-18.074300507737895
-18.0743697021773
-18.074469947502905
-18.07460434165903
-18.074782355160444
-18.07501465858347
-18.07535715639762
-18.07581713306956
-18.076427742113005
-18.077226510694388
-18.078373706055086
-18.07994253114854
-18.08202720385891
-18.084758216117926
-18.088572217153214
-18.093866481852327
-18.100882681372532
-18.110046629905668
-18.074044896770488
-18.074056831686143
-18.074068835321704
-18.074080932382003
-18.07409315644938
-18.07410555317372
-18.074118184608704
-18.07413113510624
-18.07414451932871
-18.07415957928331
-18.074180181582328
-18.074209491975093
-18.074248704839203
-18.074300507737895
-18.0743697021773
-18.074469947502905
-18.07460434165903
-18.074782355160444
-18.07501465858347
-18.07535715639762
-18.07581713306956
-18.076427742113005
-18.077226510694388
-18.078373706055086
-18.07994253114854
-18.08202720385891
-18.084758216117926
-18.088572217153214
-18.093866481852327
-18.100882681372532
-18.110046629905668
-18.074044896770488
-18.074056831686143
-18.074068835321704
-18.074080932382003
-18.07409315644938
-18.07410555317372
-18.074118184608704
-18.07413113510624
-18.07414451932871
-18.07415957928331
-18.074180181582328
-18.074209491975093
-18.074248704839203
-18.074300507737895
-18.0743697021773
-18.074469947502905
-18.07460434165903
-18.074782355160444
-18.07501465858347
-18.07535715639762
-18.07581713306956
-18.076427742113005
-18.077226510694388
-18.078373706055086
-18.07994253114854
-18.08202720385891
-18.084758216117926
-18.088572217153214
-18.093866481852327
-18.100882681372532
-18.110046629905668
-18.074044896770488
-18.074056831686143
-18.074068835321704
-18.074080932382003
-18.07409315644938
-18.07410555317372
-18.074118184608704
-18.07413113510624
-18.07414451932871
-18.07415957928331
-18.074180181582328
-18.074209491975093
-18.074248704839203
-18.074300507737895
-18.0743697021773
-18.074469947502905
-18.07460434165903
-18.074782355160444
-18.07501465858347
-18.07535715639762
-18.07581713306956
-18.076427742113005
-18.077226510694388
-18.078373706055086
-18.07994253114854
-18.08202720385891
-18.084758216117926
-18.088572217153214
-18.093866481852327
-18.100882681372532
-18.110046629905668
-18.074044896770488
-18.074056831686143
-18.074068835321704
-18.074080932382003
-18.07409315644938
-18.07410555317372
-18.074118184608704
-18.07413113510624
-18.07414451932871
-18.07415957928331
-18.074180181582328
-18.074209491975093
-18.074248704839203
-18.074300507737895
-18.0743697021773
-18.074469947502905
-18.07460434165903
-18.074782355160444
-18.07501465858347
-18.07535715639762
-18.07581713306956
-18.076427742113005
-18.077226510694388
-18.078373706055086
-18.07994253114854
-18.08202720385891
-18.084758216117926
-18.088572217153214
-18.093866481852327
-18.100882681372532
-18.110046629905668
-11.187041854069555
-11.187042500429921
-11.187043235502232
-11.187044091166939
-11.187045110760726
-11.187046353193232
-11.187047898543033
-11.187049855664334
-11.18705237252674
-11.187055687216029
-11.18706019746086
-11.187066372800292
-11.187074745722475
-11.187086076208827
-11.187101436304273
-11.187122525805533
-11.187151128760123
-11.187189848642149
-11.1872421483497
-11.187314142428372
-11.187411801075458
-11.18754402423677
-11.187722639839249
-11.187967427652714
-11.188300310553643
-11.188750827939732
-11.189359061939998
-11.190188104928666
-11.191316609729787
-11.192840352192157
-11.194891126242585
-11.06201894009265
-11.062019537448307
-11.062020160753521
-11.062020819334233
-11.062021525867685
-11.06202229758674
-11.062023157916911
-11.06202413870171
-11.062025283227602
-11.0620266989065
-11.062028629157297
-11.062031311407283
-11.062034929374978
-11.062039780376983
-11.062046319919322
-11.062055486314442
-11.062067863148053
-11.062084478948247
-11.062106633103554
-11.062137946096652
-11.062180264519501
-11.062237139263125
-11.062313057880344
-11.062419031363365
-11.062563550480954
-11.062757916492144
-11.063017584742786
-11.063375348274787
-11.06386712437523
-11.064528159795804
-11.06541063087931
-11.158529637306486
-11.158530304532064
-11.158530987951677
-11.158531693385074
-11.158532428743362
-11.158533204780518
-11.15853403611501
-11.158534942618477
-11.158535951303476
-11.158537156435333
-11.158538801564081
-11.158541107029123
-11.158544207633765
-11.158548343001272
-11.15855389971794
-11.15856178144398
-11.158572396822652
-11.158586580147556
-11.158605348669447
-11.158632282962158
-11.158668607140447
-11.158717219607968
-11.158781659959434
-11.158872568049372
-11.158996737363221
-11.159163129837713
-11.159384060001727
-11.159690324393631
-11.16011362775201
-11.160681080754614
-11.16143486408399
-11.39789285418662
-11.397893535265819
-11.397894229627747
-11.397894942045696
-11.39789567900825
-11.397896449335713
-11.39789726501797
-11.397898142353519
-11.397899103497764
-11.397900238145276
-11.397901787708424
-11.397903965714063
-11.397906891890734
-11.397910787363099
-11.39791601572689
-11.397923462780458
-11.397933483939203
-11.397946851028378
-11.397964492290837
-11.397989945526446
-11.398024247852222
-11.398070087653883
-11.398130705354287
-11.398216545915838
-11.398333867819431
-11.398490900393385
-11.398698973915451
-11.39898809685868
-11.399388593232866
-11.39992515008896
-11.400636940946121
-11.810756724137518
-11.810757404450028
-11.810758096008275
-11.810758802853519
-11.810759530479276
-11.810760286353181
-11.810761080626373
-11.810761927097863
-11.810762844525359
-11.810763918438363
-11.810765385497255
-11.810767451897288
-11.81077022610306
-11.810773914372884
-11.810778860575683
-11.810785926684767
-11.81079542926917
-11.810808089559645
-11.810824766117593
-11.810848919500486
-11.810881453086752
-11.810924883378457
-11.81098221418399
-11.811063616304104
-11.811174915566028
-11.811323752567478
-11.81152066096161
-11.811794691299548
-11.812174800301486
-11.812683700957807
-11.81335795998465
-12.400551365058037
-12.400552012835481
-12.40055266997239
-12.400553339832257
-12.400554026987276
-12.400554737652676
-12.400555480277173
-12.400556266345525
-12.400557111469613
-12.400558094378706
-12.400559437427317
-12.400561332220754
-12.400563874615232
-12.400567251257272
-12.400571776687695
-12.4005782564291
-12.400586966268573
-12.400598559774267
-12.40061380865679
-12.400635959051042
-12.400665782647426
-12.400705562833046
-12.400758004116838
-12.400832615112176
-12.400934658075231
-12.40107101977949
-12.401251203796809
-12.40150224639652
-12.401850815659381
-12.402317216855492
-12.402934516028267
-13.075333299584848
-13.075333922954236
-13.07533455477332
-13.075335198078742
-13.075335856998374
-13.075336537143471
-13.075337246141725
-13.075337994361853
-13.075338795898633
-13.075339725395423
-13.075340995594015
-13.075342788926399
-13.075345194571222
-13.075348388115138
-13.075352666924408
-13.075358799875842
-13.075367041769239
-13.075378007837523
-13.075392421786999
-13.07541338718516
-13.075441610050632
-13.075479241065718
-13.075528818400473
-13.07559941932459
-13.075695989496753
-13.075824994741001
-13.075995361424503
-13.076232844278094
-13.076562725111614
-13.077003986451077
-13.077587704217073
-13.378361659843694
-13.378362713681632
-13.378363779397349
-13.378364861259408
-13.37836596507028
-13.378367098717565
-13.37836827292332
-13.378369502262606
-13.378370806548084
-13.37837230712958
-13.378374358323452
-13.378377260095489
-13.378381149953492
-13.378386307326618
-13.378393211917048
-13.378403136328059
-13.378416465487236
-13.378434180180443
-13.378457422017332
-13.378491349901946
-13.378536998916811
-13.378597802642604
-13.378677772825167
-13.37879193623558
-13.378948138023144
-13.379156604707099
-13.379431471009172
-13.379815112062756
-13.380348560760622
-13.381061425216032
-13.382002916664337
-13.849235439649144
-13.849236753881497
-13.849238083084801
-13.84923943263975
-13.849240809860603
-13.849242224690059
-13.849243690643721
-13.849245226094101
-13.849246856015903
-13.849248732063073
-13.849251296448214
-13.849254923806281
-13.84925978649019
-13.84926623410857
-13.849274866382402
-13.849287272045345
-13.849303934046647
-13.849326079207474
-13.849355136298716
-13.849397543212028
-13.849454599783549
-13.849530598500465
-13.849630556559644
-13.849773219075864
-13.849968382655268
-13.850228813644868
-13.850572149425753
-13.851051155376584
-13.85171683175655
-13.85260587891897
-13.85377924134307
-14.334786197109946
-14.334788310282372
-14.334790442688654
-14.334792601240975
-14.334794795335393
-14.334797037744487
-14.334799345830703
-14.33480174319568
-14.334804261922324
-14.33480713612824
-14.334811066130552
-14.334816637333374
-14.334824100219613
-14.33483398193222
-14.334847200518647
-14.334866255825357
-14.334891832296417
-14.334925783415358
-14.334970242113771
-14.335035383745362
-14.335122980226359
-14.335239527896293
-14.33539253471317
-14.335611504470412
-14.335911159026733
-14.336310622030393
-14.33683635504926
-14.337570908430537
-14.338592936551986
-14.33995660778487
-14.34175351541364
-14.799551183512206
-14.799553917311995
-14.799556676274968
-14.799559469445551
-14.799562309118317
-14.799565212005918
-14.799568200826727
-14.799571306462969
-14.799574570894377
-14.799578297565288
-14.799583393086456
-14.79959061576468
-14.799600291185756
-14.799613103317512
-14.79963024245512
-14.799654945556846
-14.79968810317727
-14.799732119568118
-14.799789762869425
-14.79987420363576
-14.799987749215823
-14.800138820707968
-14.800337153268421
-14.800620916618914
-14.801009166850365
-14.801526645832977
-14.802207568252864
-14.8031584960371
-14.804480721313128
-14.806243684912417
-14.8085647032473
-15.211283805497404
-15.211287318545693
-15.21129086648338
-15.21129446185578
-15.211298121716379
-15.211301869246881
-15.211305735959357
-15.211309764689716
-15.211314013666872
-15.211318877976602
-15.211325528283727
-15.21133494795749
-15.211347569420454
-15.211364289981182
-15.21138666340728
-15.211418877209253
-15.211462123453211
-15.211519552709877
-15.211594806210481
-15.211704888026738
-15.2118529182338
-15.212049907161232
-15.2123086226855
-15.192709737886357
-15.193328821047656
-15.194153435065504
-15.195237405140418
-15.196752031156198
-15.19885863159642
-15.20166492105387
-15.205354890352671
-15.540105033703876
-15.540111763596405
-15.540118544615035
-15.540125395134385
-15.540132340131953
-15.540139413560773
-15.540146661574727
-15.540154146912721
-15.540161954858267
-15.540170810639209
-15.54018292206697
-15.540200117821222
-15.540223139684707
-15.540253592912082
-15.540294303844385
-15.540353117154668
-15.540432017576213
-15.540536654396245
-15.540673470523739
-15.540874474085545
-15.541144614973835
-15.541503680910019
-15.541974337406684
-15.542648921785215
-15.543571773786837
-15.54480025304248
-15.546413732694012
-15.548667475599425
-15.551799799616056
-15.555966331344269
-15.561434445798117
-15.843190843085681
-15.843201009306785
-15.84321125001126
-15.843221591974315
-15.84323207159262
-15.843242738341697
-15.843253659475486
-15.843264926414792
-15.843276663430824
-15.843289960534076
-15.843308146685262
-15.843333974490392
-15.843368549181516
-15.843414275440754
-15.84347539576643
-15.843563726479228
-15.843682210544317
-15.843839308705794
-15.844044652640203
-15.844346456012028
-15.84475197946292
-15.84529081461108
-15.845996781922961
-15.847008620105544
-15.848392211230976
-15.850232603706894
-15.852647381762624
-15.856017115857798
-15.860693243706077
-15.869792096326472
-15.882618972791432
-16.157215599370403
-16.15723017341824
-16.15724485426261
-16.157259680319772
-16.157274703810398
-16.157289995719985
-16.157305652541506
-16.157321805440684
-16.157338632714264
-16.15735769704076
-16.157383770509316
-16.157420798714515
-16.157470365672562
-16.15753591775085
-16.15762353481705
-16.15775014715365
-16.15791996484887
-16.158145099937638
-16.158439336903346
-16.158871665349157
-16.159452377996278
-16.160223671207422
-16.161233710775864
-16.16268009040356
-16.164655561622688
-16.16727942879174
-16.170716281480864
-16.17549922213899
-16.182109756832617
-16.191454128489017
-16.203805163197696
-16.632441030992098
-16.632462439010023
-16.632483987766605
-16.632505727871287
-16.632527728119012
-16.632550082024487
-16.632572916704323
-16.632596404950245
-16.632620781639716
-16.632648309604246
-16.632685962610605
-16.632739479094035
-16.632811096037997
-16.63290575772648
-16.63303223835013
-16.63321521576182
-16.633460558010725
-16.633785643785668
-16.634210154877636
-16.634834728925753
-16.635673327216384
-16.63678639826088
-16.638242604270992
-16.640328968885598
-16.643176929236528
-16.64695508258802
-16.651896189132838
-16.65876602649618
-16.668243571788143
-16.680723472668134
-16.696904220059064
-16.632441030992098
-16.632462439010023
-16.632483987766605
-16.632505727871287
-16.632527728119012
-16.632550082024487
-16.632572916704323
-16.632596404950245
-16.632620781639716
-16.632648309604246
-16.632685962610605
-16.632739479094035
-16.632811096037997
-16.63290575772648
-16.63303223835013
-16.63321521576182
-16.633460558010725
-16.633785643785668
-16.634210154877636
-16.634834728925753
-16.635673327216384
-16.63678639826088
-16.638242604270992
-16.640328968885598
-16.643176929236528
-16.64695508258802
-16.651896189132838
-16.65876602649618
-16.668243571788143
-16.680723472668134
-16.696904220059064
-16.632441030992098
-16.632462439010023
-16.632483987766605
-16.632505727871287
-16.632527728119012
-16.632550082024487
-16.632572916704323
-16.632596404950245
-16.632620781639716
-16.632648309604246
-16.632685962610605
-16.632739479094035
-16.632811096037997
-16.63290575772648
-16.63303223835013
-16.63321521576182
-16.633460558010725
-16.633785643785668
-16.634210154877636
-16.634834728925753
-16.635673327216384
-16.63678639826088
-16.638242604270992
-16.640328968885598
-16.643176929236528
-16.64695508258802
-16.651896189132838
-16.65876602649618
-16.668243571788143
-16.680723472668134
-16.696904220059064
-16.632441030992098
-16.632462439010023
-16.632483987766605
-16.632505727871287
-16.632527728119012
-16.632550082024487
-16.632572916704323
-16.632596404950245
-16.632620781639716
-16.632648309604246
-16.632685962610605
-16.632739479094035
-16.632811096037997
-16.63290575772648
-16.63303223835013
-16.63321521576182
-16.633460558010725
-16.633785643785668
-16.634210154877636
-16.634834728925753
-16.635673327216384
-16.63678639826088
-16.638242604270992
-16.640328968885598
-16.643176929236528
-16.64695508258802
-16.651896189132838
-16.65876602649618
-16.668243571788143
-16.680723472668134
-16.696904220059064
-16.632441030992098
-16.632462439010023
-16.632483987766605
-16.632505727871287
-16.632527728119012
-16.632550082024487
-16.632572916704323
-16.632596404950245
-16.632620781639716
-16.632648309604246
-16.632685962610605
-16.632739479094035
-16.632811096037997
-16.63290575772648
-16.63303223835013
-16.63321521576182
-16.633460558010725
-16.633785643785668
-16.634210154877636
-16.634834728925753
-16.635673327216384
-16.63678639826088
-16.638242604270992
-16.640328968885598
-16.643176929236528
-16.64695508258802
-16.651896189132838
-16.65876602649618
-16.668243571788143
-16.680723472668134
-16.696904220059064
-16.632441030992098
-16.632462439010023
-16.632483987766605
-16.632505727871287
-16.632527728119012
-16.632550082024487
-16.632572916704323
-16.632596404950245
-16.632620781639716
-16.632648309604246
-16.632685962610605
-16.632739479094035
-16.632811096037997
-16.63290575772648
-16.63303223835013
-16.63321521576182
-16.633460558010725
-16.633785643785668
-16.634210154877636
-16.634834728925753
-16.635673327216384
-16.63678639826088
-16.638242604270992
-16.640328968885598
-16.643176929236528
-16.64695508258802
-16.651896189132838
-16.65876602649618
-16.668243571788143
-16.680723472668134
-16.696904220059064
-16.632441030992098
-16.632462439010023
-16.632483987766605
-16.632505727871287
-16.632527728119012
-16.632550082024487
-16.632572916704323
-16.632596404950245
-16.632620781639716
-16.632648309604246
-16.632685962610605
-16.632739479094035
-16.632811096037997
-16.63290575772648
-16.63303223835013
-16.63321521576182
-16.633460558010725
-16.633785643785668
-16.634210154877636
-16.634834728925753
-16.635673327216384
-16.63678639826088
-16.638242604270992
-16.640328968885598
-16.643176929236528
-16.64695508258802
-16.651896189132838
-16.65876602649618
-16.668243571788143
-16.680723472668134
-16.696904220059064
-16.632441030992098
-16.632462439010023
-16.632483987766605
-16.632505727871287
-16.632527728119012
-16.632550082024487
-16.632572916704323
-16.632596404950245
-16.632620781639716
-16.632648309604246
-16.632685962610605
-16.632739479094035
-16.632811096037997
-16.63290575772648
-16.63303223835013
-16.63321521576182
-16.633460558010725
-16.633785643785668
-16.634210154877636
-16.634834728925753
-16.635673327216384
-16.63678639826088
-16.638242604270992
-16.640328968885598
-16.643176929236528
-16.64695508258802
-16.651896189132838
-16.65876602649618
-16.668243571788143
-16.680723472668134
-16.696904220059064
-16.632441030992098
-16.632462439010023
-16.632483987766605
-16.632505727871287
-16.632527728119012
-16.632550082024487
-16.632572916704323
-16.632596404950245
-16.632620781639716
-16.632648309604246
-16.632685962610605
-16.632739479094035
-16.632811096037997
-16.63290575772648
-16.63303223835013
-16.63321521576182
-16.633460558010725
-16.633785643785668
-16.634210154877636
-16.634834728925753
-16.635673327216384
-16.63678639826088
-16.638242604270992
-16.640328968885598
-16.643176929236528
-16.64695508258802
-16.651896189132838
-16.65876602649618
-16.668243571788143
-16.680723472668134
-16.696904220059064
-16.632441030992098
-16.632462439010023
-16.632483987766605
-16.632505727871287
-16.632527728119012
-16.632550082024487
-16.632572916704323
-16.632596404950245
-16.632620781639716
-16.632648309604246
-16.632685962610605
-16.632739479094035
-16.632811096037997
-16.63290575772648
-16.63303223835013
-16.63321521576182
-16.633460558010725
-16.633785643785668
-16.634210154877636
-16.634834728925753
-16.635673327216384
-16.63678639826088
-16.638242604270992
-16.640328968885598
-16.643176929236528
-16.64695508258802
-16.651896189132838
-16.65876602649618
-16.668243571788143
-16.680723472668134
-16.696904220059064
-16.632441030992098
-16.632462439010023
-16.632483987766605
-16.632505727871287
-16.632527728119012
-16.632550082024487
-16.632572916704323
-16.632596404950245
-16.632620781639716
-16.632648309604246
-16.632685962610605
-16.632739479094035
-16.632811096037997
-16.63290575772648
-16.63303223835013
-16.63321521576182
-16.633460558010725
-16.633785643785668
-16.634210154877636
-16.634834728925753
-16.635673327216384
-16.63678639826088
-16.638242604270992
-16.640328968885598
-16.643176929236528
-16.64695508258802
-16.651896189132838
-16.65876602649618
-16.668243571788143
-16.680723472668134
-16.696904220059064
-16.632441030992098
-16.632462439010023
-16.632483987766605
-16.632505727871287
-16.632527728119012
-16.632550082024487
-16.632572916704323
-16.632596404950245
-16.632620781639716
-16.632648309604246
-16.632685962610605
-16.632739479094035
-16.632811096037997
-16.63290575772648
-16.63303223835013
-16.63321521576182
-16.633460558010725
-16.633785643785668
-16.634210154877636
-16.634834728925753
-16.635673327216384
-16.63678639826088
-16.638242604270992
-16.640328968885598
-16.643176929236528
-16.64695508258802
-16.651896189132838
-16.65876602649618
-16.668243571788143
-16.680723472668134
-16.696904220059064
-16.632441030992098
-16.632462439010023
-16.632483987766605
-16.632505727871287
-16.632527728119012
-16.632550082024487
-16.632572916704323
-16.632596404950245
-16.632620781639716
-16.632648309604246
-16.632685962610605
-16.632739479094035
-16.632811096037997
-16.63290575772648
-16.63303223835013
-16.63321521576182
-16.633460558010725
-16.633785643785668
-16.634210154877636
-16.634834728925753
-16.635673327216384
-16.63678639826088
-16.638242604270992
-16.640328968885598
-16.643176929236528
-16.64695508258802
-16.651896189132838
-16.65876602649618
-16.668243571788143
-16.680723472668134
-16.696904220059064
-16.632441030992098
-16.632462439010023
-16.632483987766605
-16.632505727871287
-16.632527728119012
-16.632550082024487
-16.632572916704323
-16.632596404950245
-16.632620781639716
-16.632648309604246
-16.632685962610605
-16.632739479094035
-16.632811096037997
-16.63290575772648
-16.63303223835013
-16.63321521576182
-16.633460558010725
-16.633785643785668
-16.634210154877636
-16.634834728925753
-16.635673327216384
-16.63678639826088
-16.638242604270992
-16.640328968885598
-16.643176929236528
-16.64695508258802
-16.651896189132838
-16.65876602649618
-16.668243571788143
-16.680723472668134
-16.696904220059064
-16.632441030992098
-16.632462439010023
-16.632483987766605
-16.632505727871287
-16.632527728119012
-16.632550082024487
-16.632572916704323
-16.632596404950245
-16.632620781639716
-16.632648309604246
-16.632685962610605
-16.632739479094035
-16.632811096037997
-16.63290575772648
-16.63303223835013
-16.63321521576182
-16.633460558010725
-16.633785643785668
-16.634210154877636
-16.634834728925753
-16.635673327216384
-16.63678639826088
-16.638242604270992
-16.640328968885598
-16.643176929236528
-16.64695508258802
-16.651896189132838
-16.65876602649618
-16.668243571788143
-16.680723472668134
-16.696904220059064
-16.632441030992098
-16.632462439010023
-16.632483987766605
-16.632505727871287
-16.632527728119012
-16.632550082024487
-16.632572916704323
-16.632596404950245
-16.632620781639716
-16.632648309604246
-16.632685962610605
-16.632739479094035
-16.632811096037997
-16.63290575772648
-16.63303223835013
-16.63321521576182
-16.633460558010725
-16.633785643785668
-16.634210154877636
-16.634834728925753
-16.635673327216384
-16.63678639826088
-16.638242604270992
-16.640328968885598
-16.643176929236528
-16.64695508258802
-16.651896189132838
-16.65876602649618
-16.668243571788143
-16.680723472668134
-16.696904220059064
-11.09240315156494
-11.09240425918759
-11.092405480427635
-11.092406856115112
-11.092408441752196
-11.092410312785509
-11.092412571772794
-11.092415358124619
-11.092418861346198
-11.092423412235126
-11.092429607247418
-11.092438116290053
-11.092449640433331
-11.092465204299558
-11.09248627793556
-11.092515340216389
-11.092554717595974
-11.09260792604076
-11.092679594432274
-11.092778804539337
-11.092913262791573
-11.093095001339323
-11.093339844285882
-11.093676650319715
-11.094134822206735
-11.094753835094771
-11.095587251131716
-11.096725081410378
-11.098275779634513
-11.10036494529401
-11.103167058652112
-10.94572326305047
-10.945724172552653
-10.945725116061563
-10.945726105798297
-10.94572715837561
-10.945728296376089
-10.945729550497376
-10.945730962468277
-10.945732589012735
-10.945734582607065
-10.945737301673404
-10.945741088402132
-10.945746192213937
-10.945753025989125
-10.94576223065862
-10.945775172683984
-10.945792635887177
-10.945816050785492
-10.945847208727491
-10.945891422313624
-10.945951141482443
-10.94603131169639
-10.946138128961692
-10.946287639594667
-10.946491604439071
-10.946765637766111
-10.947131109962152
-10.947635386313214
-10.948329431440156
-10.949261442653562
-10.950503579104751
-11.016119430208928
-11.01612032117494
-11.016121233607157
-11.01612217521977
-11.016123156499065
-11.016124191699623
-11.016125300198423
-11.016126508335587
-11.016127851916547
-11.016129456497191
-11.016131646945635
-11.01613471693021
-11.016138845581683
-11.01614435172465
-11.016151750056155
-11.016162245455831
-11.016176380552023
-11.016195265451158
-11.016220253049445
-11.016256118672077
-11.016304486201761
-11.01636921215318
-11.016455003807447
-11.016576046299988
-11.016741374139068
-11.016962902559468
-11.017257002767074
-11.0176647039145
-11.01822819549268
-11.018983454287527
-11.01998647739601
-11.259696306069351
-11.259696972795112
-11.259697656142164
-11.25969836208447
-11.259699098742763
-11.259699877156004
-11.259700712330028
-11.259701624663066
-11.259702641883484
-11.259703859071497
-11.259705520566316
-11.25970784808121
-11.25971097873816
-11.259715155154401
-11.259720767810883
-11.259728724579436
-11.259739442089264
-11.259753764676873
-11.259772723528824
-11.259799911419279
-11.259836579361373
-11.259885658286285
-11.259950732628015
-11.260042480347332
-11.260167767540857
-11.260335651163635
-11.260558567153799
-11.260867377256371
-11.261293852463147
-11.261865223139583
-11.262623711044158
-11.634388007545178
-11.63438867484813
-11.634389356366505
-11.634390057209435
-11.634390784322024
-11.634391547145132
-11.634392358512224
-11.634393235868528
-11.634394202928245
-11.634395349988708
-11.63439691623956
-11.634399115100585
-11.634402070493032
-11.63440600775247
-11.634411294587444
-11.634418812382906
-11.634428932158977
-11.634442439561102
-11.634460284656246
-11.634485976344155
-11.634520608705694
-11.634566914402932
-11.63462820407601
-11.634714858119949
-11.634833248890605
-11.634991763148982
-11.635201933984352
-11.635493616822716
-11.635897146455802
-11.636437614346933
-11.637154504404721
-12.16041203222424
-12.160412866218032
-12.160413712534616
-12.160414575602358
-12.160415461440973
-12.160416378233382
-12.160417337103086
-12.160418353170837
-12.160419446991064
-12.160420720473097
-12.160422460495473
-12.160424914699504
-12.160428207996299
-12.160432582656108
-12.160438446241127
-12.160446838902656
-12.160458120875475
-12.160473140284102
-12.160492899893857
-12.160521588716543
-12.160560217965106
-12.160611749844517
-12.160679697206234
-12.160776335745375
-12.160908495301474
-12.161085116405895
-12.161318533778356
-12.16164366283263
-12.162094984597788
-12.162698811260135
-12.163497955186296
-12.780999357506078
-12.781000211596508
-12.78100107686848
-12.781001957340337
-12.781002858474416
-12.781003787695983
-12.781004755098607
-12.781005774403008
-12.781006864260487
-12.781008126145789
-12.781009850663505
-12.781012286378425
-12.781015553296221
-12.781019889128027
-12.781025697515556
-12.781034027428994
-12.78104522043034
-12.781060109695057
-12.781079673302632
-12.78110814896987
-12.781146477850442
-12.781197573158044
-12.781264866248561
-12.781360740582196
-12.781491885900207
-12.781667042731051
-12.781898279906414
-12.782220682113097
-12.78266858701934
-12.78326756459455
-12.784059595551687
-12.921075676149265
-12.921077103604475
-12.921078548864498
-12.92108001832828
-12.921081520694248
-12.921083067786636
-12.92108467567875
-12.921086366219887
-12.921088169110899
-12.92109025217363
-12.921093099139522
-12.921097122334421
-12.921102517457381
-12.921109675398196
-12.921119262297315
-12.921133021214263
-12.921151506075153
-12.921176087391482
-12.921208369460901
-12.921255401086594
-12.92131869552828
-12.921403044451134
-12.921514075672883
-12.921672352913491
-12.921888845527954
-12.922177867500006
-12.922559181288701
-12.92309083492978
-12.923829297229926
-12.924815979493653
-12.926119127959643
-13.312811672818007
-13.312813454817535
-13.312815259959109
-13.312817096561082
-13.312818975931036
-13.312820913439971
-13.312822929982502
-13.312825053961719
-13.312827323987419
-13.31282995140661
-13.312833542117986
-13.312838614056313
-13.312845416556272
-13.312854444187831
-13.312866537230441
-13.312883881760879
-13.312907186451453
-13.312938184249449
-13.312978908296175
-13.313038187897435
-13.313117968948161
-13.313224303346058
-13.313364312724222
-13.313563751941416
-13.31383646038575
-13.314200494378715
-13.314680760682654
-13.315349790362927
-13.316278043773107
-13.317517229457405
-13.319152254570296
-13.717296291134696
-13.717299355753925
-13.71730245076318
-13.717305587084132
-13.717308779563158
-13.717312048381698
-13.717315420973382
-13.71731893463006
-13.717322640044298
-13.717326881758604
-13.717332680923
-13.717340895243732
-13.717351901687893
-13.717366482727908
-13.717385993491996
-13.717414087135175
-13.717451803289721
-13.717501890538852
-13.71756752577801
-13.717663550686925
-13.717792693363183
-13.717964573471898
-13.718190352679054
-13.718513086676602
-13.7189545761103
-13.7195431532588
-13.720317982933405
-13.721399375521624
-13.72290203678298
-13.724905600406764
-13.72754391279259
-14.092083418105632
-14.09208764390742
-14.092091910682695
-14.092096233159035
-14.092100631356415
-14.092105132488907
-14.092109773549941
-14.09211460482638
-14.092119694675372
-14.092125516319676
-14.092133475741894
-14.092144752337173
-14.092159860754315
-14.092179873149563
-14.092206649066988
-14.092245214753904
-14.092296985467117
-14.092365727174757
-14.09245578715836
-14.092587589067923
-14.0927648258454
-14.093000669138188
-14.093310379403565
-14.093753124387808
-14.094358658299761
-14.095165603188024
-14.096227315978446
-14.097708453577063
-14.099765109046915
-14.102504167251405
-14.10610560873363
-14.413774498640956
-14.41378056838733
-14.413786696233062
-14.41379290306769
-14.413799217287345
-14.413805677492215
-14.413812336153269
-14.41381926459654
-14.413826559778363
-14.413834899908469
-14.413846302745588
-14.413862459557535
-14.413884105303175
-14.413912774295836
-14.413951129792022
-14.414006380620634
-14.414080543178544
-14.414179004208249
-14.41430797684118
-14.414496740350307
-14.414750522909555
-14.415088128749373
-14.415531316064282
-14.416164677732066
-14.417030402684459
-14.418183141297028
-14.419698306821424
-14.421809172249569
-14.4247342173073
-14.428619405461278
-14.433711185245533
-14.65246287754677
-14.652472448564522
-14.652482106826527
-14.652491883712562
-14.652501821878554
-14.652511979308448
-14.652522434822108
-14.65253329556221
-14.65254470717116
-14.652557730302275
-14.652575536829978
-14.652600778037108
-14.652634588529118
-14.652679355566724
-14.652739235850524
-14.65282554288876
-14.652941368775785
-14.653095091820079
-14.653296349242646
-14.653591093141788
-14.653987226108578
-14.654513928440029
-14.65520485285776
-14.656192230475558
-14.657540882278115
-14.659334505871504
-14.661688433773374
-14.664962788351996
-14.669488992303185
-14.675479742891577
-14.683296597942958
-14.841397110584268
-14.84141274579817
-14.841428515812552
-14.841444469135817
-14.84146067170713
-14.841477213159774
-14.841494215334864
-14.841511843853935
-14.841530323849103
-14.841551372470619
-14.841580153835912
-14.84162097127672
-14.841675635002577
-14.841747987537332
-14.84184474250554
-14.841984282598554
-14.842171500290194
-14.84241987015123
-14.842744842921187
-14.843221047194021
-14.843860739320123
-14.844710660516682
-14.845824496184392
-14.847415661646215
-14.849586332447648
-14.852467802480035
-14.856240601151356
-14.861474409246611
-14.868678842645533
-14.87894443062184
-14.892488344873948
-15.01358324281531
-15.013607899479917
-15.01363276480433
-15.013657913935987
-15.013683449024601
-15.013709508924274
-15.013736282381284
-15.013764025959508
-15.013793088404919
-15.013826169868675
-15.013871404925935
-15.013935565224537
-15.014021482956748
-15.014135187340791
-15.01428722367455
-15.014506520157742
-15.014800699555856
-15.015190879651158
-15.015701239581194
-15.016449099402347
-15.017453297646421
-15.018786768429864
-15.020533028611787
-15.023025810786871
-15.026422269276429
-15.030923281639323
-15.03680386349555
-15.044938637257427
-15.06313976379506
-15.082169858161611
-15.101155481611958
-15.357908179510645
-15.357946862508088
-15.357985836688572
-15.358025206796112
-15.358065115209154
-15.358105755461725
-15.358147390621658
-15.358190378270134
-15.358235204452413
-15.35828603167175
-15.358355540843537
-15.358454226038443
-15.358586327119887
-15.358761035444411
-15.35899454008708
-15.359331784769362
-15.359784005730834
-15.360383387210286
-15.361166571656623
-15.362315903307667
-15.36385822556724
-15.365904320781928
-15.368580330180228
-15.372401396828861
-15.377601941772971
-15.384480604843501
-15.393447169661542
-15.405827985794181
-15.422748919558362
-15.44480796483081
-15.473078981905084
-15.357908179510645
-15.357946862508088
-15.357985836688572
-15.358025206796112
-15.358065115209154
-15.358105755461725
-15.358147390621658
-15.358190378270134
-15.358235204452413
-15.35828603167175
-15.358355540843537
-15.358454226038443
-15.358586327119887
-15.358761035444411
-15.35899454008708
-15.359331784769362
-15.359784005730834
-15.360383387210286
-15.361166571656623
-15.362315903307667
-15.36385822556724
-15.365904320781928
-15.368580330180228
-15.372401396828861
-15.377601941772971
-15.384480604843501
-15.393447169661542
-15.405827985794181
-15.422748919558362
-15.44480796483081
-15.473078981905084
-15.357908179510645
-15.357946862508088
-15.357985836688572
-15.358025206796112
-15.358065115209154
-15.358105755461725
-15.358147390621658
-15.358190378270134
-15.358235204452413
-15.35828603167175
-15.358355540843537
-15.358454226038443
-15.358586327119887
-15.358761035444411
-15.35899454008708
-15.359331784769362
-15.359784005730834
-15.360383387210286
-15.361166571656623
-15.362315903307667
-15.36385822556724
-15.365904320781928
-15.368580330180228
-15.372401396828861
-15.377601941772971
-15.384480604843501
-15.393447169661542
-15.405827985794181
-15.422748919558362
-15.44480796483081
-15.473078981905084
-15.357908179510645
-15.357946862508088
-15.357985836688572
-15.358025206796112
-15.358065115209154
-15.358105755461725
-15.358147390621658
-15.358190378270134
-15.358235204452413
-15.35828603167175
-15.358355540843537
-15.358454226038443
-15.358586327119887
-15.358761035444411
-15.35899454008708
-15.359331784769362
-15.359784005730834
-15.360383387210286
-15.361166571656623
-15.362315903307667
-15.36385822556724
-15.365904320781928
-15.368580330180228
-15.372401396828861
-15.377601941772971
-15.384480604843501
-15.393447169661542
-15.405827985794181
-15.422748919558362
-15.44480796483081
-15.473078981905084
-15.357908179510645
-15.357946862508088
-15.357985836688572
-15.358025206796112
-15.358065115209154
-15.358105755461725
-15.358147390621658
-15.358190378270134
-15.358235204452413
-15.35828603167175
-15.358355540843537
-15.358454226038443
-15.358586327119887
-15.358761035444411
-15.35899454008708
-15.359331784769362
-15.359784005730834
-15.360383387210286
-15.361166571656623
-15.362315903307667
-15.36385822556724
-15.365904320781928
-15.368580330180228
-15.372401396828861
-15.377601941772971
-15.384480604843501
-15.393447169661542
-15.405827985794181
-15.422748919558362
-15.44480796483081
-15.473078981905084
-15.357908179510645
-15.357946862508088
-15.357985836688572
-15.358025206796112
-15.358065115209154
-15.358105755461725
-15.358147390621658
-15.358190378270134
-15.358235204452413
-15.35828603167175
-15.358355540843537
-15.358454226038443
-15.358586327119887
-15.358761035444411
-15.35899454008708
-15.359331784769362
-15.359784005730834
-15.360383387210286
-15.361166571656623
-15.362315903307667
-15.36385822556724
-15.365904320781928
-15.368580330180228
-15.372401396828861
-15.377601941772971
-15.384480604843501
-15.393447169661542
-15.405827985794181
-15.422748919558362
-15.44480796483081
-15.473078981905084
-15.357908179510645
-15.357946862508088
-15.357985836688572
-15.358025206796112
-15.358065115209154
-15.358105755461725
-15.358147390621658
-15.358190378270134
-15.358235204452413
-15.35828603167175
-15.358355540843537
-15.358454226038443
-15.358586327119887
-15.358761035444411
-15.35899454008708
-15.359331784769362
-15.359784005730834
-15.360383387210286
-15.361166571656623
-15.362315903307667
-15.36385822556724
-15.365904320781928
-15.368580330180228
-15.372401396828861
-15.377601941772971
-15.384480604843501
-15.393447169661542
-15.405827985794181
-15.422748919558362
-15.44480796483081
-15.473078981905084
-15.357908179510645
-15.357946862508088
-15.357985836688572
-15.358025206796112
-15.358065115209154
-15.358105755461725
-15.358147390621658
-15.358190378270134
-15.358235204452413
-15.35828603167175
-15.358355540843537
-15.358454226038443
-15.358586327119887
-15.358761035444411
-15.35899454008708
-15.359331784769362
-15.359784005730834
-15.360383387210286
-15.361166571656623
-15.362315903307667
-15.36385822556724
-15.365904320781928
-15.368580330180228
-15.372401396828861
-15.377601941772971
-15.384480604843501
-15.393447169661542
-15.405827985794181
-15.422748919558362
-15.44480796483081
-15.473078981905084
-15.357908179510645
-15.357946862508088
-15.357985836688572
-15.358025206796112
-15.358065115209154
-15.358105755461725
-15.358147390621658
-15.358190378270134
-15.358235204452413
-15.35828603167175
-15.358355540843537
-15.358454226038443
-15.358586327119887
-15.358761035444411
-15.35899454008708
-15.359331784769362
-15.359784005730834
-15.360383387210286
-15.361166571656623
-15.362315903307667
-15.36385822556724
-15.365904320781928
-15.368580330180228
-15.372401396828861
-15.377601941772971
-15.384480604843501
-15.393447169661542
-15.405827985794181
-15.422748919558362
-15.44480796483081
-15.473078981905084
-15.357908179510645
-15.357946862508088
-15.357985836688572
-15.358025206796112
-15.358065115209154
-15.358105755461725
-15.358147390621658
-15.358190378270134
-15.358235204452413
-15.35828603167175
-15.358355540843537
-15.358454226038443
-15.358586327119887
-15.358761035444411
-15.35899454008708
-15.359331784769362
-15.359784005730834
-15.360383387210286
-15.361166571656623
-15.362315903307667
-15.36385822556724
-15.365904320781928
-15.368580330180228
-15.372401396828861
-15.377601941772971
-15.384480604843501
-15.393447169661542
-15.405827985794181
-15.422748919558362
-15.44480796483081
-15.473078981905084
-15.357908179510645
-15.357946862508088
-15.357985836688572
-15.358025206796112
-15.358065115209154
-15.358105755461725
-15.358147390621658
-15.358190378270134
-15.358235204452413
-15.35828603167175
-15.358355540843537
-15.358454226038443
-15.358586327119887
-15.358761035444411
-15.35899454008708
-15.359331784769362
-15.359784005730834
-15.360383387210286
-15.361166571656623
-15.362315903307667
-15.36385822556724
-15.365904320781928
-15.368580330180228
-15.372401396828861
-15.377601941772971
-15.384480604843501
-15.393447169661542
-15.405827985794181
-15.422748919558362
-15.44480796483081
-15.473078981905084
-15.357908179510645
-15.357946862508088
-15.357985836688572
-15.358025206796112
-15.358065115209154
-15.358105755461725
-15.358147390621658
-15.358190378270134
-15.358235204452413
-15.35828603167175
-15.358355540843537
-15.358454226038443
-15.358586327119887
-15.358761035444411
-15.35899454008708
-15.359331784769362
-15.359784005730834
-15.360383387210286
-15.361166571656623
-15.362315903307667
-15.36385822556724
-15.365904320781928
-15.368580330180228
-15.372401396828861
-15.377601941772971
-15.384480604843501
-15.393447169661542
-15.405827985794181
-15.422748919558362
-15.44480796483081
-15.473078981905084
-15.357908179510645
-15.357946862508088
-15.357985836688572
-15.358025206796112
-15.358065115209154
-15.358105755461725
-15.358147390621658
-15.358190378270134
-15.358235204452413
-15.35828603167175
-15.358355540843537
-15.358454226038443
-15.358586327119887
-15.358761035444411
-15.35899454008708
-15.359331784769362
-15.359784005730834
-15.360383387210286
-15.361166571656623
-15.362315903307667
-15.36385822556724
-15.365904320781928
-15.368580330180228
-15.372401396828861
-15.377601941772971
-15.384480604843501
-15.393447169661542
-15.405827985794181
-15.422748919558362
-15.44480796483081
-15.473078981905084
-15.357908179510645
-15.357946862508088
-15.357985836688572
-15.358025206796112
-15.358065115209154
-15.358105755461725
-15.358147390621658
-15.358190378270134
-15.358235204452413
-15.35828603167175
-15.358355540843537
-15.358454226038443
-15.358586327119887
-15.358761035444411
-15.35899454008708
-15.359331784769362
-15.359784005730834
-15.360383387210286
-15.361166571656623
-15.362315903307667
-15.36385822556724
-15.365904320781928
-15.368580330180228
-15.372401396828861
-15.377601941772971
-15.384480604843501
-15.393447169661542
-15.405827985794181
-15.422748919558362
-15.44480796483081
-15.473078981905084
-15.357908179510645
-15.357946862508088
-15.357985836688572
-15.358025206796112
-15.358065115209154
-15.358105755461725
-15.358147390621658
-15.358190378270134
-15.358235204452413
-15.35828603167175
-15.358355540843537
-15.358454226038443
-15.358586327119887
-15.358761035444411
-15.35899454008708
-15.359331784769362
-15.359784005730834
-15.360383387210286
-15.361166571656623
-15.362315903307667
-15.36385822556724
-15.365904320781928
-15.368580330180228
-15.372401396828861
-15.377601941772971
-15.384480604843501
-15.393447169661542
-15.405827985794181
-15.422748919558362
-15.44480796483081
-15.473078981905084
-15.357908179510645
-15.357946862508088
-15.357985836688572
-15.358025206796112
-15.358065115209154
-15.358105755461725
-15.358147390621658
-15.358190378270134
-15.358235204452413
-15.35828603167175
-15.358355540843537
-15.358454226038443
-15.358586327119887
-15.358761035444411
-15.35899454008708
-15.359331784769362
-15.359784005730834
-15.360383387210286
-15.361166571656623
-15.362315903307667
-15.36385822556724
-15.365904320781928
-15.368580330180228
-15.372401396828861
-15.377601941772971
-15.384480604843501
-15.393447169661542
-15.405827985794181
-15.422748919558362
-15.44480796483081
-15.473078981905084
-11.005188452980187
-11.005189999134885
-11.00519168818011
-11.005193571465263
-11.00519571879186
-11.005198225044019
-11.005201219201247
-11.005204876589543
-11.005209435533864
-11.005215326213834
-11.005223346397065
-11.005234376066541
-11.00524930730411
-11.005269456673345
-11.005296725863333
-11.005334397052719
-11.005385418031247
-11.005454308549533
-11.005546993797847
-11.005675572299475
-11.005849759443748
-11.006085016398087
-11.006401585188792
-11.006837608620648
-11.007430667986853
-11.008231103436595
-11.009307155173445
-11.010776232964737
-11.012777448786123
-11.01546811910666
-11.019066994761877
-10.837049959054784
-10.837051201143927
-10.83705248722513
-10.837053833107635
-10.83705526028172
-10.837056797960196
-10.837058485853447
-10.837060377941627
-10.837062547602368
-10.837065198141461
-10.83706881361428
-10.837073852738186
-10.837080642636352
-10.837089729425376
-10.837101964945598
-10.837119187537333
-10.837142420859124
-10.837173557920929
-10.837214961387126
-10.837273795983476
-10.837353244631224
-10.837459852417261
-10.837601792041156
-10.837800640576676
-10.838071914922304
-10.838436188682254
-10.83892161683881
-10.839591568568803
-10.84051366777091
-10.84175083446341
-10.843397582175388
-10.910052374001417
-10.910053151914338
-10.910053956600022
-10.910054797681935
-10.910055688241755
-10.910056646062106
-10.910057695315817
-10.910058868862258
-10.910060211368782
-10.910061848608008
-10.91006408201267
-10.910067196144592
-10.910071391608547
-10.910077004816689
-10.910084561829832
-10.910095205076273
-10.910109560813101
-10.910128795312191
-10.910154361633357
-10.910190716867211
-10.9102398020488
-10.910305648342138
-10.910393280194505
-10.910516090192782
-10.910683608624938
-10.910908459864338
-10.911207915948197
-10.911621107028582
-10.912189522628234
-10.912951363391675
-10.913964062892054
-11.111453198910967
-11.111454145940929
-11.11145511429705
-11.11145611164417
-11.111457148401522
-11.111458238732522
-11.111459401890224
-11.111460664046312
-11.111462060777258
-11.111463722546388
-11.111465991357225
-11.111469174123947
-11.111473453043217
-11.111479156216097
-11.111486816457063
-11.11149769749598
-11.111512347638369
-11.111531909925395
-11.111557771391707
-11.11159495190813
-11.111645077983045
-11.111712120694792
-11.111800906256574
-11.111926298813245
-11.112097560618752
-11.11232688598504
-11.112631028442866
-11.113052713267194
-11.113635436256123
-11.114415497004021
-11.115449672528625
-11.455866925923466
-11.455867846926512
-11.45586878620411
-11.455869750324181
-11.455870748214853
-11.455871792012585
-11.45587289821514
-11.455874089248756
-11.455875395598587
-11.455876939186657
-11.455879047156959
-11.455882009346931
-11.455885989380377
-11.45589128852748
-11.455898401426149
-11.455908529323127
-11.4559221586602
-11.455940340594138
-11.455964340583547
-11.45599895232255
-11.456045597050412
-11.456107932909564
-11.456190372517053
-11.456307062990529
-11.456466508559068
-11.456679886498478
-11.456962572945962
-11.457355106556236
-11.457898370209168
-11.45862554545089
-11.459589176846674
-11.928617329725167
-11.928618172019924
-11.92861903054216
-11.928619911124343
-11.92862082169488
-11.928621773031262
-11.928622779783936
-11.928623861868004
-11.928625046355116
-11.928626443773616
-11.928628352234725
-11.928631035105482
-11.928634639358155
-11.928639437011208
-11.92864587579731
-11.928655048822986
-11.928667391736594
-11.928683853929606
-11.92870557623925
-11.928736925025861
-11.928779168215561
-11.928835610688383
-11.928910231849919
-11.929015905894962
-11.929160307122698
-11.929353516838717
-11.929609406037459
-11.929964817071845
-11.93045680307778
-11.931114832253824
-11.93198608214359
-12.403432206165121
-12.403433315999047
-12.40343444226337
-12.403435590863177
-12.40343676982561
-12.40343799006236
-12.403439266406295
-12.403440619020486
-12.403442075313666
-12.403443770966845
-12.403446087809266
-12.403449355493771
-12.403453740415882
-12.403459565193195
-12.403467372460558
-12.403478546619255
-12.403493567525068
-12.403513564339924
-12.403539872192736
-12.403578064879259
-12.403629488377682
-12.403698083809633
-12.403788524379056
-12.403917130731447
-12.404092972385353
-12.40432791464641
-12.404638318853971
-12.405070469005027
-12.405669919774795
-12.406471297471247
-12.407530850736613
-12.503041083751626
-12.503042924323815
-12.503044791592002
-12.503046695151955
-12.503048648047711
-12.503050668010689
-12.503052779144143
-12.503055014212823
-12.503057417755477
-12.503060213679762
-12.503064033984902
-12.503069423417642
-12.503076654872912
-12.50308625935235
-12.50309913140615
-12.50311756037249
-12.503142331193807
-12.503175302220825
-12.503218667890508
-12.503281647219097
-12.50336643156072
-12.503479501854276
-12.50362853111198
-12.503840465859904
-12.504130164956935
-12.504517042027652
-12.505027848795349
-12.505738605677296
-12.50672361681147
-12.508038561227092
-12.5097739949447
-12.809038859021497
-12.80904205407364
-12.80904528563931
-12.809048566840046
-12.809051915512597
-12.809055355903334
-12.809058920971507
-12.809062655520155
-12.809066620452072
-12.809071184677217
-12.80907742350451
-12.809086248072653
-12.809098077957838
-12.809113763823746
-12.809134764573942
-12.80916494326376
-12.80920547545864
-12.809259345253489
-12.809330028358321
-12.809433171806177
-12.80957193498576
-12.809756747628033
-12.80999979904575
-12.810346590977915
-12.810820849479537
-12.811453466769306
-12.81228710092391
-12.813449261734226
-12.815062478772912
-12.817214095786953
-12.820049250775385
-13.1518647981043
-13.151869258255536
-13.151873766447913
-13.151878339947286
-13.15188300222395
-13.151887785182181
-13.151892732190921
-13.151897902203453
-13.151903375357438
-13.151909660746457
-13.151918252939739
-13.151930413527234
-13.151946712045827
-13.151968314710473
-13.151997229901832
-13.152038816456232
-13.152094658937937
-13.152168849511465
-13.152266138595966
-13.152408252683994
-13.152599400454987
-13.152853878176996
-13.153188336930494
-13.15366581349455
-13.154318675031188
-13.155188990206417
-13.156334835397786
-13.157931868819762
-13.160147392466138
-13.16309808901244
-13.16697886838664
-13.447694404884878
-13.447700895344264
-13.4477074527469
-13.44771410115575
-13.447720873280671
-13.44772781358561
-13.447734982512275
-13.447742462221425
-13.44775036439713
-13.447759423917628
-13.447771809079864
-13.447789345277476
-13.447812844892248
-13.447843983388736
-13.447885654667557
-13.447945622081303
-13.44802613362516
-13.44813306849419
-13.448273234712392
-13.448478122803538
-13.448753644144578
-13.449120319138085
-13.449601982856636
-13.450289790636234
-13.45122995744178
-13.452482433739123
-13.45412991953581
-13.456424781993235
-13.459605122527094
-13.463833249947342
-13.469381355326211
-13.687870859194897
-13.68788089873256
-13.687891036448486
-13.687901307640201
-13.68791176028899
-13.687922459617619
-13.687933494285685
-13.687944984810928
-13.687957095016225
-13.68797095080702
-13.687989894075907
-13.688016729183122
-13.688052682775808
-13.688100306943143
-13.688164025302166
-13.688255780150499
-13.68837894102115
-13.688542459564818
-13.688756670483814
-13.689070015280729
-13.689491218076922
-13.690051442004272
-13.690786756761364
-13.691836723879822
-13.693270727465439
-13.695178470352213
-13.697683559376069
-13.701166814573249
-13.705980175849604
-13.712353364341498
-13.720674931352034
-13.832682155478457
-13.832698956673545
-13.832715913606929
-13.832733082270895
-13.83275053877732
-13.832768386586942
-13.832786766336064
-13.832805869193622
-13.832825955016814
-13.832848890709775
-13.832880249686042
-13.832924694397718
-13.832984229700399
-13.833063063225097
-13.83316851352162
-13.83332046055058
-13.833524370647668
-13.833794996147057
-13.834149316804906
-13.834667974647562
-13.83536489512025
-13.836291300854615
-13.837506260270096
-13.839241073257826
-13.84160851956545
-13.844753891017822
-13.848877098507728
-13.854600907251664
-13.862490149532759
-13.872897868392158
-13.886426851214019
-13.928136978041431
-13.928158995077094
-13.928181263512574
-13.928203874088489
-13.928226950151231
-13.92825065936854
-13.928275229654057
-13.928300970812408
-13.9283283039593
-13.928359771789804
-13.928402781296077
-13.92846360627249
-13.928545133768834
-13.928653215774876
-13.928797883183586
-13.929005670024472
-13.92928458956101
-13.929655033786352
-13.930140696975775
-13.930848248351198
-13.935125578731332
-13.942365322361926
-13.922312519732852
-13.925349537384253
-13.929484058521494
-13.934959011514
-13.94210799085772
-13.951981102584645
-13.96548367324807
-13.98312553667225
-14.005805029432391
-14.01435662750333
-14.014397779924558
-14.014439335299945
-14.014481439210465
-14.014524289544344
-14.014568155289338
-14.01461340207511
-14.01466052688901
-14.01471020525776
-14.014767054386212
-14.014844767230466
-14.01495482799035
-14.015102255456245
-14.015297488413864
-14.015558607676855
-14.01593434122765
-14.016438281745723
-14.017106695353833
-14.017981336190239
-14.01925769342359
-14.021805424038815
-14.024832724147556
-14.027795713855527
-14.03199521542123
-14.037674339928534
-14.045136788483621
-14.05479038392677
-14.067904952716821
-14.086232873815549
-14.108933430477157
-14.124472220213514
-14.230107435263417
-14.230178744463398
-14.23025065764195
-14.230323392161042
-14.230397243466959
-14.230472613137318
-14.230550046999104
-14.230630286931403
-14.2307143412609
-14.230810016760868
-14.230940831878465
-14.23112635298258
-14.2313747477264
-14.231703413071271
-14.23214277253034
-14.232776224292216
-14.233625525762406
-14.23475123055483
-14.236222551926415
-14.238375349582089
-14.241260819819274
-14.245083712054774
-14.250076849156232
-14.25717246355647
-14.266783000131008
-14.279427015374917
-14.297138700492486
-14.33012523247835
-14.362302786851242
-14.401565380827856
-14.450510102820914
-14.230107435263417
-14.230178744463398
-14.23025065764195
-14.230323392161042
-14.230397243466959
-14.230472613137318
-14.230550046999104
-14.230630286931403
-14.2307143412609
-14.230810016760868
-14.230940831878465
-14.23112635298258
-14.2313747477264
-14.231703413071271
-14.23214277253034
-14.232776224292216
-14.233625525762406
-14.23475123055483
-14.236222551926415
-14.238375349582089
-14.241260819819274
-14.245083712054774
-14.250076849156232
-14.25717246355647
-14.266783000131008
-14.279427015374917
-14.297138700492486
-14.33012523247835
-14.362302786851242
-14.401565380827856
-14.450510102820914
-14.230107435263417
-14.230178744463398
-14.23025065764195
-14.230323392161042
-14.230397243466959
-14.230472613137318
-14.230550046999104
-14.230630286931403
-14.2307143412609
-14.230810016760868
-14.230940831878465
-14.23112635298258
-14.2313747477264
-14.231703413071271
-14.23214277253034
-14.232776224292216
-14.233625525762406
-14.23475123055483
-14.236222551926415
-14.238375349582089
-14.241260819819274
-14.245083712054774
-14.250076849156232
-14.25717246355647
-14.266783000131008
-14.279427015374917
-14.297138700492486
-14.33012523247835
-14.362302786851242
-14.401565380827856
-14.450510102820914
-14.230107435263417
-14.230178744463398
-14.23025065764195
-14.230323392161042
-14.230397243466959
-14.230472613137318
-14.230550046999104
-14.230630286931403
-14.2307143412609
-14.230810016760868
-14.230940831878465
-14.23112635298258
-14.2313747477264
-14.231703413071271
-14.23214277253034
-14.232776224292216
-14.233625525762406
-14.23475123055483
-14.236222551926415
-14.238375349582089
-14.241260819819274
-14.245083712054774
-14.250076849156232
-14.25717246355647
-14.266783000131008
-14.279427015374917
-14.297138700492486
-14.33012523247835
-14.362302786851242
-14.401565380827856
-14.450510102820914
-14.230107435263417
-14.230178744463398
-14.23025065764195
-14.230323392161042
-14.230397243466959
-14.230472613137318
-14.230550046999104
-14.230630286931403
-14.2307143412609
-14.230810016760868
-14.230940831878465
-14.23112635298258
-14.2313747477264
-14.231703413071271
-14.23214277253034
-14.232776224292216
-14.233625525762406
-14.23475123055483
-14.236222551926415
-14.238375349582089
-14.241260819819274
-14.245083712054774
-14.250076849156232
-14.25717246355647
-14.266783000131008
-14.279427015374917
-14.297138700492486
-14.33012523247835
-14.362302786851242
-14.401565380827856
-14.450510102820914
-14.230107435263417
-14.230178744463398
-14.23025065764195
-14.230323392161042
-14.230397243466959
-14.230472613137318
-14.230550046999104
-14.230630286931403
-14.2307143412609
-14.230810016760868
-14.230940831878465
-14.23112635298258
-14.2313747477264
-14.231703413071271
-14.23214277253034
-14.232776224292216
-14.233625525762406
-14.23475123055483
-14.236222551926415
-14.238375349582089
-14.241260819819274
-14.245083712054774
-14.250076849156232
-14.25717246355647
-14.266783000131008
-14.279427015374917
-14.297138700492486
-14.33012523247835
-14.362302786851242
-14.401565380827856
-14.450510102820914
-14.230107435263417
-14.230178744463398
-14.23025065764195
-14.230323392161042
-14.230397243466959
-14.230472613137318
-14.230550046999104
-14.230630286931403
-14.2307143412609
-14.230810016760868
-14.230940831878465
-14.23112635298258
-14.2313747477264
-14.231703413071271
-14.23214277253034
-14.232776224292216
-14.233625525762406
-14.23475123055483
-14.236222551926415
-14.238375349582089
-14.241260819819274
-14.245083712054774
-14.250076849156232
-14.25717246355647
-14.266783000131008
-14.279427015374917
-14.297138700492486
-14.33012523247835
-14.362302786851242
-14.401565380827856
-14.450510102820914
-14.230107435263417
-14.230178744463398
-14.23025065764195
-14.230323392161042
-14.230397243466959
-14.230472613137318
-14.230550046999104
-14.230630286931403
-14.2307143412609
-14.230810016760868
-14.230940831878465
-14.23112635298258
-14.2313747477264
-14.231703413071271
-14.23214277253034
-14.232776224292216
-14.233625525762406
-14.23475123055483
-14.236222551926415
-14.238375349582089
-14.241260819819274
-14.245083712054774
-14.250076849156232
-14.25717246355647
-14.266783000131008
-14.279427015374917
-14.297138700492486
-14.33012523247835
-14.362302786851242
-14.401565380827856
-14.450510102820914
-14.230107435263417
-14.230178744463398
-14.23025065764195
-14.230323392161042
-14.230397243466959
-14.230472613137318
-14.230550046999104
-14.230630286931403
-14.2307143412609
-14.230810016760868
-14.230940831878465
-14.23112635298258
-14.2313747477264
-14.231703413071271
-14.23214277253034
-14.232776224292216
-14.233625525762406
-14.23475123055483
-14.236222551926415
-14.238375349582089
-14.241260819819274
-14.245083712054774
-14.250076849156232
-14.25717246355647
-14.266783000131008
-14.279427015374917
-14.297138700492486
-14.33012523247835
-14.362302786851242
-14.401565380827856
-14.450510102820914
-14.230107435263417
-14.230178744463398
-14.23025065764195
-14.230323392161042
-14.230397243466959
-14.230472613137318
-14.230550046999104
-14.230630286931403
-14.2307143412609
-14.230810016760868
-14.230940831878465
-14.23112635298258
-14.2313747477264
-14.231703413071271
-14.23214277253034
-14.232776224292216
-14.233625525762406
-14.23475123055483
-14.236222551926415
-14.238375349582089
-14.241260819819274
-14.245083712054774
-14.250076849156232
-14.25717246355647
-14.266783000131008
-14.279427015374917
-14.297138700492486
-14.33012523247835
-14.362302786851242
-14.401565380827856
-14.450510102820914
-14.230107435263417
-14.230178744463398
-14.23025065764195
-14.230323392161042
-14.230397243466959
-14.230472613137318
-14.230550046999104
-14.230630286931403
-14.2307143412609
-14.230810016760868
-14.230940831878465
-14.23112635298258
-14.2313747477264
-14.231703413071271
-14.23214277253034
-14.232776224292216
-14.233625525762406
-14.23475123055483
-14.236222551926415
-14.238375349582089
-14.241260819819274
-14.245083712054774
-14.250076849156232
-14.25717246355647
-14.266783000131008
-14.279427015374917
-14.297138700492486
-14.33012523247835
-14.362302786851242
-14.401565380827856
-14.450510102820914
-14.230107435263417
-14.230178744463398
-14.23025065764195
-14.230323392161042
-14.230397243466959
-14.230472613137318
-14.230550046999104
-14.230630286931403
-14.2307143412609
-14.230810016760868
-14.230940831878465
-14.23112635298258
-14.2313747477264
-14.231703413071271
-14.23214277253034
-14.232776224292216
-14.233625525762406
-14.23475123055483
-14.236222551926415
-14.238375349582089
-14.241260819819274
-14.245083712054774
-14.250076849156232
-14.25717246355647
-14.266783000131008
-14.279427015374917
-14.297138700492486
-14.33012523247835
-14.362302786851242
-14.401565380827856
-14.450510102820914
-14.230107435263417
-14.230178744463398
-14.23025065764195
-14.230323392161042
-14.230397243466959
-14.230472613137318
-14.230550046999104
-14.230630286931403
-14.2307143412609
-14.230810016760868
-14.230940831878465
-14.23112635298258
-14.2313747477264
-14.231703413071271
-14.23214277253034
-14.232776224292216
-14.233625525762406
-14.23475123055483
-14.236222551926415
-14.238375349582089
-14.241260819819274
-14.245083712054774
-14.250076849156232
-14.25717246355647
-14.266783000131008
-14.279427015374917
-14.297138700492486
-14.33012523247835
-14.362302786851242
-14.401565380827856
-14.450510102820914
-14.230107435263417
-14.230178744463398
-14.23025065764195
-14.230323392161042
-14.230397243466959
-14.230472613137318
-14.230550046999104
-14.230630286931403
-14.2307143412609
-14.230810016760868
-14.230940831878465
-14.23112635298258
-14.2313747477264
-14.231703413071271
-14.23214277253034
-14.232776224292216
-14.233625525762406
-14.23475123055483
-14.236222551926415
-14.238375349582089
-14.241260819819274
-14.245083712054774
-14.250076849156232
-14.25717246355647
-14.266783000131008
-14.279427015374917
-14.297138700492486
-14.33012523247835
-14.362302786851242
-14.401565380827856
-14.450510102820914
-14.230107435263417
-14.230178744463398
-14.23025065764195
-14.230323392161042
-14.230397243466959
-14.230472613137318
-14.230550046999104
-14.230630286931403
-14.2307143412609
-14.230810016760868
-14.230940831878465
-14.23112635298258
-14.2313747477264
-14.231703413071271
-14.23214277253034
-14.232776224292216
-14.233625525762406
-14.23475123055483
-14.236222551926415
-14.238375349582089
-14.241260819819274
-14.245083712054774
-14.250076849156232
-14.25717246355647
-14.266783000131008
-14.279427015374917
-14.297138700492486
-14.33012523247835
-14.362302786851242
-14.401565380827856
-14.450510102820914
-14.230107435263417
-14.230178744463398
-14.23025065764195
-14.230323392161042
-14.230397243466959
-14.230472613137318
-14.230550046999104
-14.230630286931403
-14.2307143412609
-14.230810016760868
-14.230940831878465
-14.23112635298258
-14.2313747477264
-14.231703413071271
-14.23214277253034
-14.232776224292216
-14.233625525762406
-14.23475123055483
-14.236222551926415
-14.238375349582089
-14.241260819819274
-14.245083712054774
-14.250076849156232
-14.25717246355647
-14.266783000131008
-14.279427015374917
-14.297138700492486
-14.33012523247835
-14.362302786851242
-14.401565380827856
-14.450510102820914
-10.924544580352288
-10.924546569047576
-10.924548734540615
-10.924551140365649
-10.924553872887431
-10.924557049504825
-10.924560829801916
-10.92456543070554
-10.924571147087985
-10.924578518189444
-10.924588554587029
-10.924602363541391
-10.924621053873505
-10.924646268225478
-10.924680385404665
-10.92472754711312
-10.924791410530698
-10.924877614539483
-10.924993538587936
-10.92515447858874
-10.925372455856579
-10.925666742210872
-10.926062515972642
-10.92660779899833
-10.927349251727875
-10.928349266043337
-10.929692298885437
-10.93152480293347
-10.934018630049877
-10.937365543177398
-10.941831441337277
-10.744657606470604
-10.744659224409853
-10.744660897262483
-10.74466264476246
-10.744664493735126
-10.744666480645446
-10.744668655061904
-10.744671084365134
-10.744673860148373
-10.744677242427437
-10.744681856419144
-10.744688291230364
-10.744696959770351
-10.744708556053133
-10.74472416670736
-10.744746158890292
-10.7447758200417
-10.744815556254784
-10.744868362652944
-10.744943479246832
-10.745044889267495
-10.745180907109953
-10.745361886329478
-10.745615560639909
-10.745961554080388
-10.746425846859193
-10.747043980401394
-10.747896794021605
-10.749069671108034
-10.750640763846071
-10.752727709576373
-10.797205360778072
-10.797206463305601
-10.797207599579897
-10.797208781731504
-10.797210026250097
-10.797211355550944
-10.79721280010423
-10.797214401329573
-10.797216215530623
-10.797218412523677
-10.797221410218247
-10.79722559718439
-10.79723123461258
-10.797238768915971
-10.797248905509548
-10.797263215955395
-10.797282507797235
-10.797308330336827
-10.797342599901096
-10.797391478843489
-10.797457440333728
-10.797545842198625
-10.797663314622005
-10.797828268079563
-10.798053290290039
-10.798355013726196
-10.798756201692363
-10.799310138072096
-10.800072387121329
-10.801092410596862
-10.80244524105641
-10.97124291655549
-10.971244153477372
-10.971245417633202
-10.97124671881108
-10.971248070316486
-10.971249490236232
-10.97125100315665
-10.971252642499168
-10.971254453695137
-10.971256605895487
-10.97125954441597
-10.971263667937617
-10.971269211005412
-10.971276597654388
-10.971286517842517
-10.971300615052659
-10.971319593533515
-10.971344930779017
-10.97137841706398
-10.97142658538958
-10.971491518307943
-10.971578348468737
-10.971693304512394
-10.971855709553603
-10.972077515087683
-10.972374445041174
-10.972768099400497
-10.973313890905569
-10.974068023324394
-10.975077023240292
-10.976413774535269
-11.242753369556382
-11.242754742572211
-11.24275614066976
-11.242757572862889
-11.242759051404601
-11.242760592951047
-11.242762220143774
-11.242763963760572
-11.242765865639193
-11.242768103190114
-11.242771159320677
-11.242775458524195
-11.242781232813028
-11.24278891566342
-11.242799223782344
-11.24281392345541
-11.242833698622015
-11.24286006294106
-11.242894829259985
-11.242945064296839
-11.243012743714454
-11.243103137994462
-11.243222572932893
-11.243391845157015
-11.243623159420515
-11.243932531178043
-11.24434200367536
-11.244910897126427
-11.245698493486815
-11.24675191255518
-11.248146282368348
-11.608940941512675
-11.608942466978036
-11.60894401675412
-11.60894559957742
-11.608947227323918
-11.608948916137262
-11.608950687962317
-11.608952572629848
-11.608954610690267
-11.608956992104433
-11.608960245520837
-11.608964830097062
-11.608970984035917
-11.608979163241937
-11.608990130040251
-11.609005806737974
-11.609026885652105
-11.609054961161073
-11.609091926849205
-11.609145505943808
-11.60921766102957
-11.609313952206634
-11.60944100007522
-11.60962145630123
-11.609868142381936
-11.61019784936703
-11.610633716148858
-11.611240099595305
-11.612080654360497
-11.613204499195556
-11.614690918769519
-12.0407324309067
-12.040733739302098
-12.04073507233044
-12.040736438846254
-12.040737850885986
-12.040739324811415
-12.040740882863943
-12.040742555277474
-12.040744383150459
-12.040746537021828
-12.040749478688964
-12.04075361523174
-12.04075917178039
-12.040766566702013
-12.040776489943918
-12.040790632784173
-12.040809660782358
-12.040835034094064
-12.040868504652616
-12.040916831001512
-12.040981941824624
-12.041068916600103
-12.041183861122999
-12.041346665774983
-12.04156908475678
-12.041866539362145
-12.042260234907587
-12.042806800048872
-12.043562800176149
-12.04654723899428
-12.047888761168222
-12.089070761208255
-12.089073875045912
-12.08907703033605
-12.0890802419751
-12.089083530212527
-12.089086922574397
-12.089090456478186
-12.08909418278717
-12.089098170641995
-12.089102791367035
-12.089109105935837
-12.089118022900319
-12.089129983458292
-12.089145859052897
-12.089167127532919
-12.089197619970825
-12.08923859353619
-12.089293100620294
-12.089364727449135
-12.089468935645105
-12.089609188123251
-12.089796137915867
-12.090042337184084
-12.090392888849696
-12.090872142310436
-12.09151186823524
-12.092355878396226
-12.093531074220618
-12.095160658188748
-12.097335208008607
-12.100203224832256
-12.358520698938673
-12.358525214807674
-12.358529786375753
-12.358534433659965
-12.358539183870441
-12.358544073995127
-12.358549154313359
-12.358554493171932
-12.358560183477312
-12.358566754862073
-12.358575736195732
-12.358588429560843
-12.358605450422715
-12.358628030534822
-12.358658270706332
-12.35870167618803
-12.358759985232773
-12.358837514164087
-12.358939311491673
-12.359087628308867
-12.359287185380467
-12.359553041014607
-12.359902857968132
-12.360401350033614
-12.361082734059174
-12.361991559858696
-12.36318925453336
-12.364856628677902
-12.368119098754484
-12.371787181385036
-12.375844153010656
-12.631340980487915
-12.631347541154343
-12.631354177735323
-12.631360917516162
-12.631367797586925
-12.631374868365697
-12.631382198387751
-12.63138988081561
-12.631398042288088
-12.631407442194725
-12.631420290539992
-12.631438461336984
-12.63146282107186
-12.631495122833194
-12.631538370412683
-12.631600503674358
-12.631683951017951
-12.63179485679181
-12.631940380802217
-12.632152645881556
-12.63243816028894
-12.632818340675888
-12.633318208833211
-12.634030904131198
-12.635004775183324
-12.636302622220988
-12.63801098408793
-12.640388025491092
-12.646682220782857
-12.65291161719669
-12.658665759245743
-12.856878818877671
-12.856888784043061
-12.856898858756631
-12.85690908239695
-12.85691950849273
-12.856930209807459
-12.856941285250812
-12.856952869273503
-12.856965144637293
-12.856979253205782
-12.856998538940362
-12.85702582790415
-12.857062404253575
-12.857110888660651
-12.857175787653189
-12.857269092826282
-12.857394379453792
-12.8575608316937
-12.857779119112374
-12.85809777991756
-12.858526276470593
-12.859096571029033
-12.859845877269107
-12.860914458220366
-12.862373910743454
-12.864316977934095
-12.866871313198457
-12.87042194263616
-12.87532897833917
-12.881834904088809
-12.891422004136949
-13.022383457784175
-13.022399646333225
-13.02241600262172
-13.022432586947728
-13.02244948127592
-13.022466797022725
-13.022484685638425
-13.022503352991086
-13.022523078917665
-13.022545697712802
-13.02257661859577
-13.022620395676908
-13.022679057560829
-13.022756785530417
-13.022860798901288
-13.02301044791579
-13.023211330921075
-13.023478088610272
-13.02382767057849
-13.024338361794227
-13.0250246852232
-13.025937370747432
-13.027135231656583
-13.028842859186124
-13.031171887399788
-13.034266227036438
-13.038323662889946
-13.043946934238182
-13.051681976686629
-13.061873514452165
-13.07510545061926
-13.117230553586916
-13.11725326072855
-13.117276233525901
-13.117299567752301
-13.117323393594475
-13.117347888017234
-13.117373291570278
-13.117399931232269
-13.117428251460062
-13.117460886945324
-13.117505490747465
-13.117568554740625
-13.117653089871347
-13.117765175611934
-13.117915215699954
-13.118130640660269
-13.118419827694735
-13.118803953578164
-13.119307664935572
-13.120041123698654
-13.121025969288514
-13.122334480440415
-13.12405050339964
-13.12648536813256
-13.12979184007324
-13.134164207163549
-13.139865665848959
-13.147681836315318
-13.15827146342762
-13.17197734930724
-13.173315507732978
-13.11949425354182
-13.11954070914113
-13.11958762477026
-13.119635166090854
-13.119683558282487
-13.119733107423697
-13.119784229552108
-13.119837490160043
-13.119893657870191
-13.119957953136476
-13.12004584562558
-13.120170317513763
-13.120337059454348
-13.120557890993622
-13.120853275315548
-13.121278312633107
-13.121848467175127
-13.122604863878305
-13.123594906974395
-13.125040000765521
-13.12697806742414
-13.129548404064478
-13.13291084232633
-13.137682747284142
-13.144148280974585
-13.15266582866092
-13.163720842150822
-13.178817590238912
-13.1991510097797
-13.225259536955766
-13.259120479869908
-13.110597894873422
-13.110664187181165
-13.110731261169873
-13.110799401014177
-13.110868992981956
-13.110940562105815
-13.11101482202156
-13.111092742696655
-13.111175642462241
-13.111271230203124
-13.111401843962353
-13.11158642565916
-13.111833771066532
-13.112161606156175
-13.112600209664016
-13.113229122678716
-13.114072303262764
-13.115190525340774
-13.116654173464333
-13.118776893594784
-13.121614330657856
-13.125362664642056
-13.130244285495174
-13.137087719534302
-13.146234042294303
-13.158086115042076
-13.155765289132225
-13.182715835973235
-13.226606312167746
-13.27692770183162
-13.33319278954994
-13.26498987263002
-13.265083864134395
-13.265179006168221
-13.265275723934867
-13.265374595395203
-13.265476406130233
-13.265582223895615
-13.265693499926105
-13.26581220656893
-13.265949378316447
-13.266136742816071
-13.266401244965518
-13.266755552884467
-13.242972957709805
-13.243821511287308
-13.245042523478089
-13.24667769717001
-13.248842182636666
-13.25166756757712
-13.255781391005176
-13.261271350579419
-13.268506482150118
-13.277901220648303
-13.29109173431668
-13.31021665776035
-13.334117233554604
-13.363028761315888
-13.401208324669437
-13.450334697839837
-13.510188890470737
-13.582398762312023
-13.26498987263002
-13.265083864134395
-13.265179006168221
-13.265275723934867
-13.265374595395203
-13.265476406130233
-13.265582223895615
-13.265693499926105
-13.26581220656893
-13.265949378316447
-13.266136742816071
-13.266401244965518
-13.266755552884467
-13.242972957709805
-13.243821511287308
-13.245042523478089
-13.24667769717001
-13.248842182636666
-13.25166756757712
-13.255781391005176
-13.261271350579419
-13.268506482150118
-13.277901220648303
-13.29109173431668
-13.31021665776035
-13.334117233554604
-13.363028761315888
-13.401208324669437
-13.450334697839837
-13.510188890470737
-13.582398762312023
-13.26498987263002
-13.265083864134395
-13.265179006168221
-13.265275723934867
-13.265374595395203
-13.265476406130233
-13.265582223895615
-13.265693499926105
-13.26581220656893
-13.265949378316447
-13.266136742816071
-13.266401244965518
-13.266755552884467
-13.242972957709805
-13.243821511287308
-13.245042523478089
-13.24667769717001
-13.248842182636666
-13.25166756757712
-13.255781391005176
-13.261271350579419
-13.268506482150118
-13.277901220648303
-13.29109173431668
-13.31021665776035
-13.334117233554604
-13.363028761315888
-13.401208324669437
-13.450334697839837
-13.510188890470737
-13.582398762312023
-13.26498987263002
-13.265083864134395
-13.265179006168221
-13.265275723934867
-13.265374595395203
-13.265476406130233
-13.265582223895615
-13.265693499926105
-13.26581220656893
-13.265949378316447
-13.266136742816071
-13.266401244965518
-13.266755552884467
-13.242972957709805
-13.243821511287308
-13.245042523478089
-13.24667769717001
-13.248842182636666
-13.25166756757712
-13.255781391005176
-13.261271350579419
-13.268506482150118
-13.277901220648303
-13.29109173431668
-13.31021665776035
-13.334117233554604
-13.363028761315888
-13.401208324669437
-13.450334697839837
-13.510188890470737
-13.582398762312023
-13.26498987263002
-13.265083864134395
-13.265179006168221
-13.265275723934867
-13.265374595395203
-13.265476406130233
-13.265582223895615
-13.265693499926105
-13.26581220656893
-13.265949378316447
-13.266136742816071
-13.266401244965518
-13.266755552884467
-13.242972957709805
-13.243821511287308
-13.245042523478089
-13.24667769717001
-13.248842182636666
-13.25166756757712
-13.255781391005176
-13.261271350579419
-13.268506482150118
-13.277901220648303
-13.29109173431668
-13.31021665776035
-13.334117233554604
-13.363028761315888
-13.401208324669437
-13.450334697839837
-13.510188890470737
-13.582398762312023
-13.26498987263002
-13.265083864134395
-13.265179006168221
-13.265275723934867
-13.265374595395203
-13.265476406130233
-13.265582223895615
-13.265693499926105
-13.26581220656893
-13.265949378316447
-13.266136742816071
-13.266401244965518
-13.266755552884467
-13.242972957709805
-13.243821511287308
-13.245042523478089
-13.24667769717001
-13.248842182636666
-13.25166756757712
-13.255781391005176
-13.261271350579419
-13.268506482150118
-13.277901220648303
-13.29109173431668
-13.31021665776035
-13.334117233554604
-13.363028761315888
-13.401208324669437
-13.450334697839837
-13.510188890470737
-13.582398762312023
-13.26498987263002
-13.265083864134395
-13.265179006168221
-13.265275723934867
-13.265374595395203
-13.265476406130233
-13.265582223895615
-13.265693499926105
-13.26581220656893
-13.265949378316447
-13.266136742816071
-13.266401244965518
-13.266755552884467
-13.242972957709805
-13.243821511287308
-13.245042523478089
-13.24667769717001
-13.248842182636666
-13.25166756757712
-13.255781391005176
-13.261271350579419
-13.268506482150118
-13.277901220648303
-13.29109173431668
-13.31021665776035
-13.334117233554604
-13.363028761315888
-13.401208324669437
-13.450334697839837
-13.510188890470737
-13.582398762312023
-13.26498987263002
-13.265083864134395
-13.265179006168221
-13.265275723934867
-13.265374595395203
-13.265476406130233
-13.265582223895615
-13.265693499926105
-13.26581220656893
-13.265949378316447
-13.266136742816071
-13.266401244965518
-13.266755552884467
-13.242972957709805
-13.243821511287308
-13.245042523478089
-13.24667769717001
-13.248842182636666
-13.25166756757712
-13.255781391005176
-13.261271350579419
-13.268506482150118
-13.277901220648303
-13.29109173431668
-13.31021665776035
-13.334117233554604
-13.363028761315888
-13.401208324669437
-13.450334697839837
-13.510188890470737
-13.582398762312023
-13.26498987263002
-13.265083864134395
-13.265179006168221
-13.265275723934867
-13.265374595395203
-13.265476406130233
-13.265582223895615
-13.265693499926105
-13.26581220656893
-13.265949378316447
-13.266136742816071
-13.266401244965518
-13.266755552884467
-13.242972957709805
-13.243821511287308
-13.245042523478089
-13.24667769717001
-13.248842182636666
-13.25166756757712
-13.255781391005176
-13.261271350579419
-13.268506482150118
-13.277901220648303
-13.29109173431668
-13.31021665776035
-13.334117233554604
-13.363028761315888
-13.401208324669437
-13.450334697839837
-13.510188890470737
-13.582398762312023
-13.26498987263002
-13.265083864134395
-13.265179006168221
-13.265275723934867
-13.265374595395203
-13.265476406130233
-13.265582223895615
-13.265693499926105
-13.26581220656893
-13.265949378316447
-13.266136742816071
-13.266401244965518
-13.266755552884467
-13.242972957709805
-13.243821511287308
-13.245042523478089
-13.24667769717001
-13.248842182636666
-13.25166756757712
-13.255781391005176
-13.261271350579419
-13.268506482150118
-13.277901220648303
-13.29109173431668
-13.31021665776035
-13.334117233554604
-13.363028761315888
-13.401208324669437
-13.450334697839837
-13.510188890470737
-13.582398762312023
-13.26498987263002
-13.265083864134395
-13.265179006168221
-13.265275723934867
-13.265374595395203
-13.265476406130233
-13.265582223895615
-13.265693499926105
-13.26581220656893
-13.265949378316447
-13.266136742816071
-13.266401244965518
-13.266755552884467
-13.242972957709805
-13.243821511287308
-13.245042523478089
-13.24667769717001
-13.248842182636666
-13.25166756757712
-13.255781391005176
-13.261271350579419
-13.268506482150118
-13.277901220648303
-13.29109173431668
-13.31021665776035
-13.334117233554604
-13.363028761315888
-13.401208324669437
-13.450334697839837
-13.510188890470737
-13.582398762312023
-13.26498987263002
-13.265083864134395
-13.265179006168221
-13.265275723934867
-13.265374595395203
-13.265476406130233
-13.265582223895615
-13.265693499926105
-13.26581220656893
-13.265949378316447
-13.266136742816071
-13.266401244965518
-13.266755552884467
-13.242972957709805
-13.243821511287308
-13.245042523478089
-13.24667769717001
-13.248842182636666
-13.25166756757712
-13.255781391005176
-13.261271350579419
-13.268506482150118
-13.277901220648303
-13.29109173431668
-13.31021665776035
-13.334117233554604
-13.363028761315888
-13.401208324669437
-13.450334697839837
-13.510188890470737
-13.582398762312023
-13.26498987263002
-13.265083864134395
-13.265179006168221
-13.265275723934867
-13.265374595395203
-13.265476406130233
-13.265582223895615
-13.265693499926105
-13.26581220656893
-13.265949378316447
-13.266136742816071
-13.266401244965518
-13.266755552884467
-13.242972957709805
-13.243821511287308
-13.245042523478089
-13.24667769717001
-13.248842182636666
-13.25166756757712
-13.255781391005176
-13.261271350579419
-13.268506482150118
-13.277901220648303
-13.29109173431668
-13.31021665776035
-13.334117233554604
-13.363028761315888
-13.401208324669437
-13.450334697839837
-13.510188890470737
-13.582398762312023
-13.26498987263002
-13.265083864134395
-13.265179006168221
-13.265275723934867
-13.265374595395203
-13.265476406130233
-13.265582223895615
-13.265693499926105
-13.26581220656893
-13.265949378316447
-13.266136742816071
-13.266401244965518
-13.266755552884467
-13.242972957709805
-13.243821511287308
-13.245042523478089
-13.24667769717001
-13.248842182636666
-13.25166756757712
-13.255781391005176
-13.261271350579419
-13.268506482150118
-13.277901220648303
-13.29109173431668
-13.31021665776035
-13.334117233554604
-13.363028761315888
-13.401208324669437
-13.450334697839837
-13.510188890470737
-13.582398762312023
-13.26498987263002
-13.265083864134395
-13.265179006168221
-13.265275723934867
-13.265374595395203
-13.265476406130233
-13.265582223895615
-13.265693499926105
-13.26581220656893
-13.265949378316447
-13.266136742816071
-13.266401244965518
-13.266755552884467
-13.242972957709805
-13.243821511287308
-13.245042523478089
-13.24667769717001
-13.248842182636666
-13.25166756757712
-13.255781391005176
-13.261271350579419
-13.268506482150118
-13.277901220648303
-13.29109173431668
-13.31021665776035
-13.334117233554604
-13.363028761315888
-13.401208324669437
-13.450334697839837
-13.510188890470737
-13.582398762312023
-13.26498987263002
-13.265083864134395
-13.265179006168221
-13.265275723934867
-13.265374595395203
-13.265476406130233
-13.265582223895615
-13.265693499926105
-13.26581220656893
-13.265949378316447
-13.266136742816071
-13.266401244965518
-13.266755552884467
-13.242972957709805
-13.243821511287308
-13.245042523478089
-13.24667769717001
-13.248842182636666
-13.25166756757712
-13.255781391005176
-13.261271350579419
-13.268506482150118
-13.277901220648303
-13.29109173431668
-13.31021665776035
-13.334117233554604
-13.363028761315888
-13.401208324669437
-13.450334697839837
-13.510188890470737
-13.582398762312023
-10.836452133275651
-10.836454628789422
-10.83645734699955
-10.836460367933583
-10.836463800375988
-10.836467792201022
-10.836472544418122
-10.83647833026305
-10.836485521146969
-10.836494795404262
-10.836507422977773
-10.836524796186069
-10.83654831091658
-10.836580034244376
-10.836622958736807
-10.836682290212227
-10.836762632150174
-10.836871077974935
-10.8370169102476
-10.8372193432721
-10.837493497039478
-10.837863587905094
-10.838361237730222
-10.839046695351506
-10.839978463073079
-10.841234651792119
-10.842920781383407
-10.84521964038899
-10.848344992650647
-10.852533744058055
-10.858112432834549
-10.667754827920906
-10.667755902363863
-10.667757043878368
-10.6677582765779
-10.667759633241117
-10.667761158425636
-10.667762912700699
-10.667764978400749
-10.667767467446323
-10.667770614056113
-10.667774901204526
-10.66778082740678
-10.667788835327643
-10.667799607030897
-10.667814156268083
-10.66783439949389
-10.667861772546917
-10.667898623625343
-10.667947976712162
-10.66801706192989
-10.668110514877343
-10.668236380615717
-10.6684050071625
-10.668638623406194
-10.66895647444393
-10.66938419607507
-10.669956591309695
-10.672778703082583
-10.6738516735486
-10.658780349402097
-10.661382651359032
-10.69104740068961
-10.691048799416572
-10.691050240300903
-10.691051738497187
-10.691053314605815
-10.69105499662993
-10.691056822635547
-10.691058844367609
-10.691061132165316
-10.691063900149453
-10.691067677041149
-10.691072953485305
-10.691080057214906
-10.69108954979528
-10.691102319808856
-10.691120353337453
-10.691144662091773
-10.69117719487138
-10.691220359656912
-10.69128194678631
-10.691365046864737
-10.691476394663994
-10.691624314173707
-10.691832037220472
-10.692115339748264
-10.692495044479346
-10.692999630125314
-10.693695995143592
-10.694653474198486
-10.695933162539584
-10.697627698375575
-10.782385491882701
-10.78238668340443
-10.782387913480566
-10.782389195973268
-10.782390549726077
-10.782392000353989
-10.782393582676743
-10.7823953440265
-10.782397348744075
-10.782399784553322
-10.782403107701537
-10.782407745417828
-10.782413991446637
-10.782422343273257
-10.782433583068489
-10.782449432357899
-10.782470803093556
-10.782499420022924
-10.782537423486458
-10.782591542866443
-10.78266458152663
-10.782762491719522
-10.782892659339705
-10.783075188605343
-10.783324034529734
-10.783657623720305
-10.767560523415217
-10.768392662732852
-10.769542842012664
-10.77108063002085
-10.773115736512832
-10.994888724289773
-10.994890562307916
-10.99489243715934
-10.994894362082823
-10.994896355074507
-10.994898440597447
-10.994900651905462
-10.994903034202054
-10.994905648934388
-10.994908740146785
-10.994912961497837
-10.99491889264614
-10.994926862087498
-10.994937473602192
-10.994951717632038
-10.99497199501945
-10.994999282827568
-10.99503568658733
-10.995083742326582
-10.995153022580656
-10.99524637987304
-10.995371130410575
-10.995536099983699
-10.995769493507403
-10.99608825382622
-10.996514621051027
-10.997079148955843
-10.997862146981936
-10.998944061761012
-11.000389585343546
-11.002300827664474
-11.323425767420948
-11.323427860060374
-11.323429988189764
-11.323432164564377
-11.323434406523068
-11.323436737635452
-11.323439189940805
-11.323441806991658
-11.323444647990964
-11.323447977831464
-11.323452526444873
-11.323458931188298
-11.323467530586095
-11.323478965471102
-11.323494301939624
-11.323516200769163
-11.323545651936067
-11.323584894395118
-11.32363659713801
-11.323711426887074
-11.323812210541979
-11.323946743166086
-11.324124336641528
-11.324376284396303
-11.324720545228566
-11.325180636630233
-11.32578892142204
-11.326634077000536
-11.327803776450855
-11.329365976949374
-11.331429659792828
-11.701512614300936
-11.701515121094827
-11.701517664400491
-11.701520257339684
-11.701522917749475
-11.70152566987668
-11.701528546681155
-11.701531592966777
-11.701534869637483
-11.701538681942917
-11.70154389097584
-11.701551239176771
-11.70156109901954
-11.70157419476128
-11.701591746135975
-11.701616872709337
-11.701650646217448
-11.701695601083095
-11.701754730832858
-11.701840595257192
-11.70195618706637
-11.702110342669345
-11.702313526259042
-11.702602441648652
-11.702997335520113
-11.703524659453059
-11.704220864245766
-11.705189411899465
-11.706531312383337
-11.708322205095515
-11.710685134707628
-11.731474895313893
-11.731479344877263
-11.731483855472462
-11.731488449034634
-11.731493155381205
-11.731498015044334
-11.731503083121103
-11.731508434507205
-11.731514171011149
-11.73152082685076
-11.73152992205027
-11.731542761093174
-11.73155998420563
-11.73158284941211
-11.731613485218741
-11.731657384640787
-11.731716376492326
-11.73179486335571
-11.731898026124442
-11.732048000762305
-11.732249831257558
-11.732518847807953
-11.732873132689631
-11.733377133073482
-11.734065704737908
-11.73498426575353
-11.73619535522218
-11.737878816898771
-11.740207675686504
-11.743307544760427
-11.747383891140194
-11.939204507712873
-11.93921104852527
-11.939217674327917
-11.939224415668152
-11.939231314070232
-11.93923842597974
-11.93924582812525
-11.939253624806542
-11.939261957801385
-11.9392716028945
-11.939284783981085
-11.93930340195177
-11.939328371779755
-11.939361508328444
-11.939405894840222
-11.939469550949699
-11.939555073264872
-11.93966881386566
-11.939818223224965
-11.940035647636831
-11.940328169508183
-11.940717886831159
-11.94123077301953
-11.941960726180632
-11.942957681094166
-11.944286559981375
-11.946036700357977
-11.948468118128654
-11.951828104840562
-11.956291509054275
-11.9621458094444
-12.154232663512538
-12.154242474560927
-12.154252404827112
-12.154262497166709
-12.154272809834865
-12.15428342201974
-12.15429444136413
-12.154306014189597
-12.154318339393804
-12.154332564002056
-12.154352005343869
-12.154379485420563
-12.154416330826232
-12.154465203413892
-12.154530647742554
-12.154624595082382
-12.154750778202633
-12.154918512677266
-12.155138680696238
-12.155459439669308
-12.155890811609305
-12.15646513882528
-12.15722026430592
-12.158295336701338
-12.159762683745647
-12.161716018852681
-12.164284145072786
-12.167847329592533
-12.172760401282382
-12.17926391581366
-12.187756424133639
-12.31233098176639
-12.312346649226555
-12.31236249596973
-12.312378586443884
-12.312395008254699
-12.312411880486302
-12.312429365011544
-12.312447681865514
-12.312467130141659
-12.312489519153099
-12.312520121547307
-12.312563404321079
-12.3126214240677
-12.312698349954864
-12.312801330710268
-12.312949285975968
-12.313147956140332
-12.313411927187499
-12.31375817545075
-12.314263094607796
-12.314941851166152
-12.315844958134406
-12.31703126188554
-12.318720451112638
-12.321024224399576
-12.326258681985232
-12.33462410363442
-12.340217037816794
-12.34789398263682
-12.357992051680611
-12.371078938490564
-12.434182641764815
-12.43420284497992
-12.434223322912436
-12.434244174655205
-12.434265534907384
-12.434287586767805
-12.434310579124364
-12.43433485029004
-12.43436086012831
-12.434391030161509
-12.434432254028765
-12.43449044148912
-12.434568482122005
-12.434672060745314
-12.434810796263857
-12.435009510393858
-12.43527636907529
-12.435631123110626
-12.436096951135003
-12.43677302221701
-12.437680871542646
-12.438887554312837
-12.440471385504896
-12.442711918082397
-12.445749863834694
-12.449763794375214
-12.454994225510994
-12.462134002189451
-12.456870988315345
-12.473043706585024
-12.493837483960716
-12.448281303098721
-12.448324991541805
-12.448369145446273
-12.448413932487162
-12.448459580580788
-12.448506399525641
-12.448554810415656
-12.448605385615679
-12.44865890308917
-12.448720338337962
-12.448804311191687
-12.44892314336532
-12.44908236485999
-12.44929332388545
-12.449575568851744
-12.449981249711312
-12.450525495555436
-12.451247717277683
-12.452193512227774
-12.453571769799751
-12.455419840137909
-12.45787057132147
-12.461071583045696
-12.465528508111682
-12.471949176640294
-12.480252948645177
-12.490723856860717
-12.504961132088047
-12.524021946422103
-12.548342747161877
-12.578718562375867
-12.398541024894568
-12.398613582039124
-12.398686958533673
-12.398761451695002
-12.398837465646693
-12.398915549680586
-12.398996450390507
-12.399081182517932
-12.399171125216439
-12.399274639083037
-12.399416089658843
-12.399616071391334
-12.399883995577937
-12.400238979726014
-12.40071378664227
-12.401394955097603
-12.402307905047207
-12.403518088691522
-12.405101153232724
-12.407397766363509
-12.410465552931843
-12.41451465333404
-12.419776804673159
-12.427057095936298
-12.437228701894513
-12.450217810418849
-12.46643499331914
-12.488143694722172
-12.502336602923512
-12.54700042511367
-12.60199117020305
-12.301787332818838
-12.301897148778416
-12.302008456290675
-12.302121809058834
-12.30223795969017
-12.30235793111826
-12.302483113651256
-12.302615396823695
-12.302757348501375
-12.302922164376325
-12.303147207498515
-12.303464416587733
-12.303889350474437
-12.304452539745105
-12.30839748847647
-12.309477975189022
-12.310922235874356
-12.290645396533472
-12.294039035790057
-12.29896103306503
-12.305512271229032
-12.314119643631619
-12.325259980212525
-12.340778864295284
-12.361312500794986
-12.387616201468324
-12.420810666279204
-12.464890204336424
-12.51917697047723
-12.583357756422487
-12.657449478694376
-12.3698378741394
-12.370023120042022
-12.3702106635537
-12.370401369268048
-12.370596412286893
-12.370797389659625
-12.371006471768336
-12.371226607935641
-12.371461805599608
-12.371733898177117
-12.372105340646609
-12.372629079691501
-12.37333000252915
-12.37425769442804
-12.375496069420173
-12.377261394180259
-12.379615672894392
-12.382717661723575
-12.386747561002352
-12.392491062174871
-12.403400321328759
-12.391968611620314
-12.409304042559828
-12.433183868191945
-12.46513070228354
-12.505055308012563
-12.553582418682396
-12.614635615067968
-12.694970609892767
-12.766468112735486
-12.885016397930459
-12.3698378741394
-12.370023120042022
-12.3702106635537
-12.370401369268048
-12.370596412286893
-12.370797389659625
-12.371006471768336
-12.371226607935641
-12.371461805599608
-12.371733898177117
-12.372105340646609
-12.372629079691501
-12.37333000252915
-12.37425769442804
-12.375496069420173
-12.377261394180259
-12.379615672894392
-12.382717661723575
-12.386747561002352
-12.392491062174871
-12.403400321328759
-12.391968611620314
-12.409304042559828
-12.433183868191945
-12.46513070228354
-12.505055308012563
-12.553582418682396
-12.614635615067968
-12.694970609892767
-12.766468112735486
-12.885016397930459
-12.3698378741394
-12.370023120042022
-12.3702106635537
-12.370401369268048
-12.370596412286893
-12.370797389659625
-12.371006471768336
-12.371226607935641
-12.371461805599608
-12.371733898177117
-12.372105340646609
-12.372629079691501
-12.37333000252915
-12.37425769442804
-12.375496069420173
-12.377261394180259
-12.379615672894392
-12.382717661723575
-12.386747561002352
-12.392491062174871
-12.403400321328759
-12.391968611620314
-12.409304042559828
-12.433183868191945
-12.46513070228354
-12.505055308012563
-12.553582418682396
-12.614635615067968
-12.694970609892767
-12.766468112735486
-12.885016397930459
-12.3698378741394
-12.370023120042022
-12.3702106635537
-12.370401369268048
-12.370596412286893
-12.370797389659625
-12.371006471768336
-12.371226607935641
-12.371461805599608
-12.371733898177117
-12.372105340646609
-12.372629079691501
-12.37333000252915
-12.37425769442804
-12.375496069420173
-12.377261394180259
-12.379615672894392
-12.382717661723575
-12.386747561002352
-12.392491062174871
-12.403400321328759
-12.391968611620314
-12.409304042559828
-12.433183868191945
-12.46513070228354
-12.505055308012563
-12.553582418682396
-12.614635615067968
-12.694970609892767
-12.766468112735486
-12.885016397930459
-12.3698378741394
-12.370023120042022
-12.3702106635537
-12.370401369268048
-12.370596412286893
-12.370797389659625
-12.371006471768336
-12.371226607935641
-12.371461805599608
-12.371733898177117
-12.372105340646609
-12.372629079691501
-12.37333000252915
-12.37425769442804
-12.375496069420173
-12.377261394180259
-12.379615672894392
-12.382717661723575
-12.386747561002352
-12.392491062174871
-12.403400321328759
-12.391968611620314
-12.409304042559828
-12.433183868191945
-12.46513070228354
-12.505055308012563
-12.553582418682396
-12.614635615067968
-12.694970609892767
-12.766468112735486
-12.885016397930459
-12.3698378741394
-12.370023120042022
-12.3702106635537
-12.370401369268048
-12.370596412286893
-12.370797389659625
-12.371006471768336
-12.371226607935641
-12.371461805599608
-12.371733898177117
-12.372105340646609
-12.372629079691501
-12.37333000252915
-12.37425769442804
-12.375496069420173
-12.377261394180259
-12.379615672894392
-12.382717661723575
-12.386747561002352
-12.392491062174871
-12.403400321328759
-12.391968611620314
-12.409304042559828
-12.433183868191945
-12.46513070228354
-12.505055308012563
-12.553582418682396
-12.614635615067968
-12.694970609892767
-12.766468112735486
-12.885016397930459
-12.3698378741394
-12.370023120042022
-12.3702106635537
-12.370401369268048
-12.370596412286893
-12.370797389659625
-12.371006471768336
-12.371226607935641
-12.371461805599608
-12.371733898177117
-12.372105340646609
-12.372629079691501
-12.37333000252915
-12.37425769442804
-12.375496069420173
-12.377261394180259
-12.379615672894392
-12.382717661723575
-12.386747561002352
-12.392491062174871
-12.403400321328759
-12.391968611620314
-12.409304042559828
-12.433183868191945
-12.46513070228354
-12.505055308012563
-12.553582418682396
-12.614635615067968
-12.694970609892767
-12.766468112735486
-12.885016397930459
-12.3698378741394
-12.370023120042022
-12.3702106635537
-12.370401369268048
-12.370596412286893
-12.370797389659625
-12.371006471768336
-12.371226607935641
-12.371461805599608
-12.371733898177117
-12.372105340646609
-12.372629079691501
-12.37333000252915
-12.37425769442804
-12.375496069420173
-12.377261394180259
-12.379615672894392
-12.382717661723575
-12.386747561002352
-12.392491062174871
-12.403400321328759
-12.391968611620314
-12.409304042559828
-12.433183868191945
-12.46513070228354
-12.505055308012563
-12.553582418682396
-12.614635615067968
-12.694970609892767
-12.766468112735486
-12.885016397930459
-12.3698378741394
-12.370023120042022
-12.3702106635537
-12.370401369268048
-12.370596412286893
-12.370797389659625
-12.371006471768336
-12.371226607935641
-12.371461805599608
-12.371733898177117
-12.372105340646609
-12.372629079691501
-12.37333000252915
-12.37425769442804
-12.375496069420173
-12.377261394180259
-12.379615672894392
-12.382717661723575
-12.386747561002352
-12.392491062174871
-12.403400321328759
-12.391968611620314
-12.409304042559828
-12.433183868191945
-12.46513070228354
-12.505055308012563
-12.553582418682396
-12.614635615067968
-12.694970609892767
-12.766468112735486
-12.885016397930459
-12.3698378741394
-12.370023120042022
-12.3702106635537
-12.370401369268048
-12.370596412286893
-12.370797389659625
-12.371006471768336
-12.371226607935641
-12.371461805599608
-12.371733898177117
-12.372105340646609
-12.372629079691501
-12.37333000252915
-12.37425769442804
-12.375496069420173
-12.377261394180259
-12.379615672894392
-12.382717661723575
-12.386747561002352
-12.392491062174871
-12.403400321328759
-12.391968611620314
-12.409304042559828
-12.433183868191945
-12.46513070228354
-12.505055308012563
-12.553582418682396
-12.614635615067968
-12.694970609892767
-12.766468112735486
-12.885016397930459
-12.3698378741394
-12.370023120042022
-12.3702106635537
-12.370401369268048
-12.370596412286893
-12.370797389659625
-12.371006471768336
-12.371226607935641
-12.371461805599608
-12.371733898177117
-12.372105340646609
-12.372629079691501
-12.37333000252915
-12.37425769442804
-12.375496069420173
-12.377261394180259
-12.379615672894392
-12.382717661723575
-12.386747561002352
-12.392491062174871
-12.403400321328759
-12.391968611620314
-12.409304042559828
-12.433183868191945
-12.46513070228354
-12.505055308012563
-12.553582418682396
-12.614635615067968
-12.694970609892767
-12.766468112735486
-12.885016397930459
-12.3698378741394
-12.370023120042022
-12.3702106635537
-12.370401369268048
-12.370596412286893
-12.370797389659625
-12.371006471768336
-12.371226607935641
-12.371461805599608
-12.371733898177117
-12.372105340646609
-12.372629079691501
-12.37333000252915
-12.37425769442804
-12.375496069420173
-12.377261394180259
-12.379615672894392
-12.382717661723575
-12.386747561002352
-12.392491062174871
-12.403400321328759
-12.391968611620314
-12.409304042559828
-12.433183868191945
-12.46513070228354
-12.505055308012563
-12.553582418682396
-12.614635615067968
-12.694970609892767
-12.766468112735486
-12.885016397930459
-12.3698378741394
-12.370023120042022
-12.3702106635537
-12.370401369268048
-12.370596412286893
-12.370797389659625
-12.371006471768336
-12.371226607935641
-12.371461805599608
-12.371733898177117
-12.372105340646609
-12.372629079691501
-12.37333000252915
-12.37425769442804
-12.375496069420173
-12.377261394180259
-12.379615672894392
-12.382717661723575
-12.386747561002352
-12.392491062174871
-12.403400321328759
-12.391968611620314
-12.409304042559828
-12.433183868191945
-12.46513070228354
-12.505055308012563
-12.553582418682396
-12.614635615067968
-12.694970609892767
-12.766468112735486
-12.885016397930459
-12.3698378741394
-12.370023120042022
-12.3702106635537
-12.370401369268048
-12.370596412286893
-12.370797389659625
-12.371006471768336
-12.371226607935641
-12.371461805599608
-12.371733898177117
-12.372105340646609
-12.372629079691501
-12.37333000252915
-12.37425769442804
-12.375496069420173
-12.377261394180259
-12.379615672894392
-12.382717661723575
-12.386747561002352
-12.392491062174871
-12.403400321328759
-12.391968611620314
-12.409304042559828
-12.433183868191945
-12.46513070228354
-12.505055308012563
-12.553582418682396
-12.614635615067968
-12.694970609892767
-12.766468112735486
-12.885016397930459
-12.3698378741394
-12.370023120042022
-12.3702106635537
-12.370401369268048
-12.370596412286893
-12.370797389659625
-12.371006471768336
-12.371226607935641
-12.371461805599608
-12.371733898177117
-12.372105340646609
-12.372629079691501
-12.37333000252915
-12.37425769442804
-12.375496069420173
-12.377261394180259
-12.379615672894392
-12.382717661723575
-12.386747561002352
-12.392491062174871
-12.403400321328759
-12.391968611620314
-12.409304042559828
-12.433183868191945
-12.46513070228354
-12.505055308012563
-12.553582418682396
-12.614635615067968
-12.694970609892767
-12.766468112735486
-12.885016397930459
-12.3698378741394
-12.370023120042022
-12.3702106635537
-12.370401369268048
-12.370596412286893
-12.370797389659625
-12.371006471768336
-12.371226607935641
-12.371461805599608
-12.371733898177117
-12.372105340646609
-12.372629079691501
-12.37333000252915
-12.37425769442804
-12.375496069420173
-12.377261394180259
-12.379615672894392
-12.382717661723575
-12.386747561002352
-12.392491062174871
-12.403400321328759
-12.391968611620314
-12.409304042559828
-12.433183868191945
-12.46513070228354
-12.505055308012563
-12.553582418682396
-12.614635615067968
-12.694970609892767
-12.766468112735486
-12.885016397930459
-10.764524605772106
-10.76452770457938
-10.76453107288672
-10.764534807542217
-10.76453904019471
-10.764543949798075
-10.764549779607949
-10.764556860284094
-10.764565641291004
-10.764576950788772
-10.76459235006024
-10.764613543186051
-10.764642224553086
-10.764680909648074
-10.764733246418395
-10.764805617482336
-10.764903602308507
-10.765035830292874
-10.76521357953448
-10.765460425504752
-10.765794644597651
-10.766245649211264
-10.766851777642785
-10.767686621421598
-10.768820869482944
-10.770348694151538
-10.77239703593974
-10.775186500300666
-10.778972255053686
-10.784033197320937
-10.790751595977584
-10.555053429825767
-10.555055488444046
-10.555057634875244
-10.555059900686235
-10.55506232878734
-10.555064977508422
-10.55506792613971
-10.555071282463432
-10.555075192991605
-10.555080024648841
-10.55508661264204
-10.555095769376875
-10.555108118919492
-10.555124673825233
-10.555146987612282
-10.555178273013274
-10.555220507345451
-10.555277189365656
-10.55535273251899
-10.555459520048823
-10.555603769800976
-10.555797507167101
-10.55605588740602
-10.556416274617044
-10.55690704936466
-10.557565795005333
-10.558443647946326
-10.559649042162052
-10.561297788228266
-10.56349961290993
-10.566414831677578
-10.504476970897683
-10.504478517056251
-10.504480126277826
-10.504481821241132
-10.504483632774468
-10.50448560278422
-10.504487788235679
-10.504490266564238
-10.504493143030974
-10.50449668744603
-10.504501520688747
-10.504508242792172
-10.504517306616933
-10.504529451795532
-10.504545817465406
-10.50456878338049
-10.504599779341016
-10.504641361148742
-10.504696744089172
-10.504775114960742
-10.50488094695192
-10.505023015123632
-10.505212345617352
-10.505476530563206
-10.507824515517308
-10.508309755111663
-10.508955327322196
-10.493334475466375
-10.495022661424626
-10.497276480890083
-10.500255054849779
-10.56630445090984
-10.566307163734516
-10.566309933852027
-10.56631278185385
-10.566315735730925
-10.566318833532618
-10.566322126981088
-10.566325686384417
-10.566329607315096
-10.56633425584478
-10.566340603203
-10.566349515146953
-10.566361492552394
-10.566377447593473
-10.56639886982641
-10.566429335028223
-10.5664703400026
-10.566525062671971
-10.566597342919984
-10.56670140506518
-10.566841640137724
-10.567029070047093
-10.56727702709903
-10.567627413933566
-10.568105703629382
-10.568745319973218
-10.569592113022152
-10.570764898384516
-10.57238241264443
-10.574540292197488
-10.57738856584141
-10.7568958004547
-10.756898060302074
-10.756900374568515
-10.756902762819983
-10.756905251653475
-10.756907877223536
-10.756910688676738
-10.756913752820171
-10.756917160467504
-10.756921230045362
-10.756926785423934
-10.756934571260757
-10.756945041664236
-10.75695900487353
-10.75697776556057
-10.757004377357468
-10.757040213875975
-10.75708808577469
-10.757151416949647
-10.757242289727504
-10.757364791722479
-10.757528645000564
-10.757745697157983
-10.758051622776463
-10.758468914728772
-10.759027109020266
-10.759766618142843
-10.760788437695046
-10.762194065452055
-10.764066968862895
-10.766536018226724
-11.050303058345555
-11.050305739640633
-11.05030847318773
-11.050311277771284
-11.050314178925888
-11.050317211361927
-11.050320422262848
-11.05032387576718
-11.050327659061088
-11.050332125187312
-11.050338224391226
-11.05034679703231
-11.050358314123207
-11.050373645642647
-11.05039422204755
-11.050423527969318
-11.050462959573862
-11.05051555000187
-11.050584945586724
-11.050685043537145
-11.050819894603485
-11.051000021904407
-11.051238090432017
-11.051574913158058
-11.052034703225168
-11.052649172755286
-11.05346182916453
-11.054587745778385
-11.056140769581912
-11.05821035866914
-11.060937767714627
-11.38902684961461
-11.389030161554611
-11.389033527132883
-11.389036965629714
-11.38904050325373
-11.389044175631536
-11.389048031192
-11.389052135766564
-11.389056578842562
-11.389061774570223
-11.389068872546336
-11.38907887255593
-11.38909229637441
-11.389110139796461
-11.389134065639299
-11.389168255415825
-11.389214226717423
-11.389275458749996
-11.389356086707219
-11.389472886946509
-11.389630153859123
-11.389839986636163
-11.390116791878693
-11.390509626434971
-11.391046186782724
-11.391762659190752
-11.392708794632375
-11.394022373720235
-11.395837932669323
-11.39825711013968
-11.401549340652648
-11.385980142368767
-11.385986226755907
-11.385992402309451
-11.3859987018034
-11.386005169788817
-11.386011866825713
-11.386018875235548
-11.386026306920641
-11.386034313993008
-11.386043642456993
-11.386056387809957
-11.386074360703578
-11.38609847886817
-11.386130517928608
-11.386173461326717
-11.386234904582023
-11.386317492050543
-11.386427427711379
-11.386572048863254
-11.386781867117408
-11.387064246783165
-11.387440720282456
-11.387936787037663
-11.388641191988679
-11.38960268890129
-11.390884729665332
-11.392574421468181
-11.394917392457085
-11.39814852949948
-11.40289899864453
-11.409284776365936
-11.549109708681252
-11.549119201998558
-11.549128824680533
-11.549138623237015
-11.54914866089039
-11.549159023580849
-11.549169828129292
-11.549181233333034
-11.549193455047849
-11.549207631312564
-11.549227002964885
-11.54925434955467
-11.549291031616491
-11.549339725660142
-11.549404962046022
-11.549498440617905
-11.5496240362613
-11.549791100982132
-11.550010630743182
-11.550329688405393
-11.550758847690638
-11.55133049206841
-11.552082731738654
-11.553151591954492
-11.554609416197119
-11.556549959117378
-11.559101804469849
-11.562635051080406
-11.567494684088869
-11.573916770112588
-11.58228804336544
-11.704082697336949
-11.704097403335979
-11.704112297638789
-11.704127447950281
-11.704142946303316
-11.704158917799921
-11.704175532493062
-11.70419302153688
-11.704211699138547
-11.704233303848763
-11.704262828966375
-11.704304537320095
-11.7043604692421
-11.704434682214163
-11.704534076269347
-11.704676631318367
-11.704868111114493
-11.705122689097808
-11.705456964493598
-11.705943304724581
-11.706597192765365
-11.707710166776113
-11.709462675212711
-11.711091163548014
-11.713310103830976
-11.71625875628737
-11.720127745159886
-11.725474088973138
-11.732804372025175
-11.742446771536075
-11.754943887260595
-11.811996206332816
-11.812020896741311
-11.812045878849446
-11.812071257521858
-11.812097175301203
-11.812123825945081
-11.81215147282575
-11.81218047393887
-11.812211315894029
-11.812246868006003
-11.812295458334743
-11.81236415534317
-11.81245624642458
-11.812578361099622
-11.812741839728078
-11.812976554060564
-11.813291674786106
-11.813710323112392
-11.81425944178184
-11.815059133597662
-11.81613332248011
-11.81770708904273
-11.819946704951033
-11.822609318078209
-11.826229461720724
-11.831024755234601
-11.837292384593887
-11.845913966571331
-11.857652629212563
-11.872954961100367
-11.892579754999485
-11.880221024819182
-11.880257199144122
-11.88029383011217
-11.88033108248328
-11.880369180213386
-11.880408427720564
-11.88044923878925
-11.880492175854295
-11.880538003389699
-11.88059098543224
-11.880663384165763
-11.880765650934594
-11.880902757163863
-11.881084612399867
-11.881328076047842
-11.881677099342422
-11.882145531521815
-11.882767686009917
-11.883583616624378
-11.884768387296003
-11.886385420273971
-11.888518757981481
-11.891278308470179
-11.895173827486028
-11.900434546632068
-11.907347272410409
-11.916295168734884
-11.928402950163097
-11.944508089265117
-11.964908876915871
-11.9924760077692
-11.837225365318309
-11.837280232449292
-11.837335904698005
-11.837392675419844
-11.837450943363601
-11.837511250528621
-11.83757433361467
-11.837641193939934
-11.837713192447683
-11.837797031281005
-11.837911543231606
-11.838072952414544
-11.838289405898824
-11.838576701630142
-11.838961364217358
-11.839510818197104
-11.840247707102472
-11.84122582065745
-11.842508140085004
-11.844357339125938
-11.850143163653414
-11.834386936484474
-11.839979238018882
-11.847326156892475
-11.859929810081379
-11.87567091328539
-11.894078487915527
-11.918101896886782
-11.949620480237943
-11.98898451010872
-12.037091380342181
-11.701942364938281
-11.702087759466796
-11.702234726470554
-11.70238383290506
-11.70253584929149
-11.702691822780876
-11.702853176421474
-11.703021844008664
-11.70320045323892
-11.703405591357964
-11.703685898335987
-11.704082316607881
-11.704613194753373
-11.705316148759922
-11.706255860179317
-11.707604045007953
-11.709409250714984
-11.711799149917208
-11.714920659894915
-11.719443503444555
-11.725469256371433
-11.733396888808898
-11.74362580904071
-11.757176002467714
-11.778719838634407
-11.805454281252498
-11.837405707955673
-11.882159348105716
-11.93268996761743
-11.990661471684033
-12.046972809486306
-11.545303865166838
-11.545585784188852
-11.545870725279261
-11.546159783987665
-11.546454448919928
-11.5467567426546
-11.54706941310092
-11.54739619328754
-11.547742153929708
-11.548139375163771
-11.548681933590723
-11.549448753727628
-11.550474827583269
-11.551832100773318
-11.55364418594132
-11.55623824862286
-11.55970219174462
-11.564272476330322
-11.57021833444851
-11.57877144505342
-11.59137592464996
-11.6072661510651
-11.626097990089024
-11.651680394919445
-11.684536557476836
-11.725193281371975
-11.775082933059219
-11.841127083774923
-11.907374954682991
-12.009298986696784
-12.122490153527286
-11.55649566549459
-11.556867493473797
-11.557243828466856
-11.557626423077739
-11.558017658932048
-11.55842077207508
-11.558840158935594
-11.559281791481421
-11.559753780219886
-11.560299819300589
-11.56104450952969
-11.562092799903313
-11.563493152103302
-11.565342335459727
-11.567803403080577
-11.571292777948736
-11.575916576860552
-11.581959693003876
-11.589733791882486
-11.600615065811622
-11.615485077768001
-11.61896557025748
-11.650076318962482
-11.691821636340991
-11.74858090568492
-11.815259403308165
-11.888818797115439
-11.95527417394307
-12.075163676313629
-12.20791807355055
-12.341127524717683
-11.55649566549459
-11.556867493473797
-11.557243828466856
-11.557626423077739
-11.558017658932048
-11.55842077207508
-11.558840158935594
-11.559281791481421
-11.559753780219886
-11.560299819300589
-11.56104450952969
-11.562092799903313
-11.563493152103302
-11.565342335459727
-11.567803403080577
-11.571292777948736
-11.575916576860552
-11.581959693003876
-11.589733791882486
-11.600615065811622
-11.615485077768001
-11.61896557025748
-11.650076318962482
-11.691821636340991
-11.74858090568492
-11.815259403308165
-11.888818797115439
-11.95527417394307
-12.075163676313629
-12.20791807355055
-12.341127524717683
-11.55649566549459
-11.556867493473797
-11.557243828466856
-11.557626423077739
-11.558017658932048
-11.55842077207508
-11.558840158935594
-11.559281791481421
-11.559753780219886
-11.560299819300589
-11.56104450952969
-11.562092799903313
-11.563493152103302
-11.565342335459727
-11.567803403080577
-11.571292777948736
-11.575916576860552
-11.581959693003876
-11.589733791882486
-11.600615065811622
-11.615485077768001
-11.61896557025748
-11.650076318962482
-11.691821636340991
-11.74858090568492
-11.815259403308165
-11.888818797115439
-11.95527417394307
-12.075163676313629
-12.20791807355055
-12.341127524717683
-11.55649566549459
-11.556867493473797
-11.557243828466856
-11.557626423077739
-11.558017658932048
-11.55842077207508
-11.558840158935594
-11.559281791481421
-11.559753780219886
-11.560299819300589
-11.56104450952969
-11.562092799903313
-11.563493152103302
-11.565342335459727
-11.567803403080577
-11.571292777948736
-11.575916576860552
-11.581959693003876
-11.589733791882486
-11.600615065811622
-11.615485077768001
-11.61896557025748
-11.650076318962482
-11.691821636340991
-11.74858090568492
-11.815259403308165
-11.888818797115439
-11.95527417394307
-12.075163676313629
-12.20791807355055
-12.341127524717683
-11.55649566549459
-11.556867493473797
-11.557243828466856
-11.557626423077739
-11.558017658932048
-11.55842077207508
-11.558840158935594
-11.559281791481421
-11.559753780219886
-11.560299819300589
-11.56104450952969
-11.562092799903313
-11.563493152103302
-11.565342335459727
-11.567803403080577
-11.571292777948736
-11.575916576860552
-11.581959693003876
-11.589733791882486
-11.600615065811622
-11.615485077768001
-11.61896557025748
-11.650076318962482
-11.691821636340991
-11.74858090568492
-11.815259403308165
-11.888818797115439
-11.95527417394307
-12.075163676313629
-12.20791807355055
-12.341127524717683
-11.55649566549459
-11.556867493473797
-11.557243828466856
-11.557626423077739
-11.558017658932048
-11.55842077207508
-11.558840158935594
-11.559281791481421
-11.559753780219886
-11.560299819300589
-11.56104450952969
-11.562092799903313
-11.563493152103302
-11.565342335459727
-11.567803403080577
-11.571292777948736
-11.575916576860552
-11.581959693003876
-11.589733791882486
-11.600615065811622
-11.615485077768001
-11.61896557025748
-11.650076318962482
-11.691821636340991
-11.74858090568492
-11.815259403308165
-11.888818797115439
-11.95527417394307
-12.075163676313629
-12.20791807355055
-12.341127524717683
-11.55649566549459
-11.556867493473797
-11.557243828466856
-11.557626423077739
-11.558017658932048
-11.55842077207508
-11.558840158935594
-11.559281791481421
-11.559753780219886
-11.560299819300589
-11.56104450952969
-11.562092799903313
-11.563493152103302
-11.565342335459727
-11.567803403080577
-11.571292777948736
-11.575916576860552
-11.581959693003876
-11.589733791882486
-11.600615065811622
-11.615485077768001
-11.61896557025748
-11.650076318962482
-11.691821636340991
-11.74858090568492
-11.815259403308165
-11.888818797115439
-11.95527417394307
-12.075163676313629
-12.20791807355055
-12.341127524717683
-11.55649566549459
-11.556867493473797
-11.557243828466856
-11.557626423077739
-11.558017658932048
-11.55842077207508
-11.558840158935594
-11.559281791481421
-11.559753780219886
-11.560299819300589
-11.56104450952969
-11.562092799903313
-11.563493152103302
-11.565342335459727
-11.567803403080577
-11.571292777948736
-11.575916576860552
-11.581959693003876
-11.589733791882486
-11.600615065811622
-11.615485077768001
-11.61896557025748
-11.650076318962482
-11.691821636340991
-11.74858090568492
-11.815259403308165
-11.888818797115439
-11.95527417394307
-12.075163676313629
-12.20791807355055
-12.341127524717683
-11.55649566549459
-11.556867493473797
-11.557243828466856
-11.557626423077739
-11.558017658932048
-11.55842077207508
-11.558840158935594
-11.559281791481421
-11.559753780219886
-11.560299819300589
-11.56104450952969
-11.562092799903313
-11.563493152103302
-11.565342335459727
-11.567803403080577
-11.571292777948736
-11.575916576860552
-11.581959693003876
-11.589733791882486
-11.600615065811622
-11.615485077768001
-11.61896557025748
-11.650076318962482
-11.691821636340991
-11.74858090568492
-11.815259403308165
-11.888818797115439
-11.95527417394307
-12.075163676313629
-12.20791807355055
-12.341127524717683
-11.55649566549459
-11.556867493473797
-11.557243828466856
-11.557626423077739
-11.558017658932048
-11.55842077207508
-11.558840158935594
-11.559281791481421
-11.559753780219886
-11.560299819300589
-11.56104450952969
-11.562092799903313
-11.563493152103302
-11.565342335459727
-11.567803403080577
-11.571292777948736
-11.575916576860552
-11.581959693003876
-11.589733791882486
-11.600615065811622
-11.615485077768001
-11.61896557025748
-11.650076318962482
-11.691821636340991
-11.74858090568492
-11.815259403308165
-11.888818797115439
-11.95527417394307
-12.075163676313629
-12.20791807355055
-12.341127524717683
-11.55649566549459
-11.556867493473797
-11.557243828466856
-11.557626423077739
-11.558017658932048
-11.55842077207508
-11.558840158935594
-11.559281791481421
-11.559753780219886
-11.560299819300589
-11.56104450952969
-11.562092799903313
-11.563493152103302
-11.565342335459727
-11.567803403080577
-11.571292777948736
-11.575916576860552
-11.581959693003876
-11.589733791882486
-11.600615065811622
-11.615485077768001
-11.61896557025748
-11.650076318962482
-11.691821636340991
-11.74858090568492
-11.815259403308165
-11.888818797115439
-11.95527417394307
-12.075163676313629
-12.20791807355055
-12.341127524717683
-11.55649566549459
-11.556867493473797
-11.557243828466856
-11.557626423077739
-11.558017658932048
-11.55842077207508
-11.558840158935594
-11.559281791481421
-11.559753780219886
-11.560299819300589
-11.56104450952969
-11.562092799903313
-11.563493152103302
-11.565342335459727
-11.567803403080577
-11.571292777948736
-11.575916576860552
-11.581959693003876
-11.589733791882486
-11.600615065811622
-11.615485077768001
-11.61896557025748
-11.650076318962482
-11.691821636340991
-11.74858090568492
-11.815259403308165
-11.888818797115439
-11.95527417394307
-12.075163676313629
-12.20791807355055
-12.341127524717683
-11.55649566549459
-11.556867493473797
-11.557243828466856
-11.557626423077739
-11.558017658932048
-11.55842077207508
-11.558840158935594
-11.559281791481421
-11.559753780219886
-11.560299819300589
-11.56104450952969
-11.562092799903313
-11.563493152103302
-11.565342335459727
-11.567803403080577
-11.571292777948736
-11.575916576860552
-11.581959693003876
-11.589733791882486
-11.600615065811622
-11.615485077768001
-11.61896557025748
-11.650076318962482
-11.691821636340991
-11.74858090568492
-11.815259403308165
-11.888818797115439
-11.95527417394307
-12.075163676313629
-12.20791807355055
-12.341127524717683
-11.55649566549459
-11.556867493473797
-11.557243828466856
-11.557626423077739
-11.558017658932048
-11.55842077207508
-11.558840158935594
-11.559281791481421
-11.559753780219886
-11.560299819300589
-11.56104450952969
-11.562092799903313
-11.563493152103302
-11.565342335459727
-11.567803403080577
-11.571292777948736
-11.575916576860552
-11.581959693003876
-11.589733791882486
-11.600615065811622
-11.615485077768001
-11.61896557025748
-11.650076318962482
-11.691821636340991
-11.74858090568492
-11.815259403308165
-11.888818797115439
-11.95527417394307
-12.075163676313629
-12.20791807355055
-12.341127524717683
-11.55649566549459
-11.556867493473797
-11.557243828466856
-11.557626423077739
-11.558017658932048
-11.55842077207508
-11.558840158935594
-11.559281791481421
-11.559753780219886
-11.560299819300589
-11.56104450952969
-11.562092799903313
-11.563493152103302
-11.565342335459727
-11.567803403080577
-11.571292777948736
-11.575916576860552
-11.581959693003876
-11.589733791882486
-11.600615065811622
-11.615485077768001
-11.61896557025748
-11.650076318962482
-11.691821636340991
-11.74858090568492
-11.815259403308165
-11.888818797115439
-11.95527417394307
-12.075163676313629
-12.20791807355055
-12.341127524717683
-11.55649566549459
-11.556867493473797
-11.557243828466856
-11.557626423077739
-11.558017658932048
-11.55842077207508
-11.558840158935594
-11.559281791481421
-11.559753780219886
-11.560299819300589
-11.56104450952969
-11.562092799903313
-11.563493152103302
-11.565342335459727
-11.567803403080577
-11.571292777948736
-11.575916576860552
-11.581959693003876
-11.589733791882486
-11.600615065811622
-11.615485077768001
-11.61896557025748
-11.650076318962482
-11.691821636340991
-11.74858090568492
-11.815259403308165
-11.888818797115439
-11.95527417394307
-12.075163676313629
-12.20791807355055
-12.341127524717683
-10.646368860988213
-10.646372503571856
-10.646376517106578
-10.646381034919072
-10.64638623824387
-10.646392373436498
-10.646399775370183
-10.646408899236265
-10.646420363765152
-10.64643525127546
-10.646455516743421
-10.646483352744466
-10.64652104842366
-10.646571950801775
-10.646640862486299
-10.646735890168271
-10.646864611674815
-10.647038482406213
-10.64727256271466
-10.64759643338305
-10.64803499787454
-10.648627104969467
-10.649423631419753
-10.650517086420761
-10.652000333603539
-10.653996758083608
-10.65667163826031
-10.660298357163063
-10.665193720710796
-10.67170781675122
-10.680307392910155
-10.398828219883692
-10.398830396398129
-10.398832701977481
-10.398835183047266
-10.398837902715707
-10.398840946768363
-10.398844431816737
-10.398848516374583
-10.398853415913683
-10.398859591272833
-10.398868005593929
-10.398879644630199
-10.39889536744249
-10.398916505953723
-10.398945047399877
-10.398984792417414
-10.399038514979676
-10.399110794037572
-10.399207507347064
-10.399342990418484
-10.399526116668792
-10.383274548663566
-10.38371656444356
-10.38433583378004
-10.38517942383466
-10.38630933873578
-10.387810026459439
-10.38987457931622
-10.392701997239703
-10.396467475319232
-10.401432718383653
-10.321347663415427
-10.32135150297906
-10.321355435653606
-10.321359494906526
-10.321363726231514
-10.321368191469894
-10.321372974684822
-10.321378190146085
-10.321383993183781
-10.321390926064076
-10.321400389959424
-10.321413652206589
-10.321431487677055
-10.321455273922973
-10.321487233250792
-10.3215325598279
-10.321593597817067
-10.321675135264725
-10.321783006697919
-10.321937747387247
-10.322146325033206
-10.322425276019972
-10.322794751043165
-10.323315279391442
-10.324024967134502
-10.324973789090272
-10.326230043611933
-10.327964017236152
-10.33034562630286
-10.333513269665298
-10.337680283679626
-10.369035491632726
-10.369039119340943
-10.369042830903783
-10.369046656468383
-10.369050637015041
-10.369054828249963
-10.369059305896762
-10.369064172889253
-10.369069569148595
-10.369075998771477
-10.369084776494942
-10.369097085308963
-10.369113634734205
-10.369135696619754
-10.369165331377905
-10.369207400011174
-10.369264039179102
-10.369339671505802
-10.369439669772072
-10.369583285012386
-10.369776829715601
-10.370035581405961
-10.370378099875037
-10.370861017925112
-10.371519448221203
-10.372399386874324
-10.37356369250786
-10.375171119988966
-10.377379081027723
-10.380313760441148
-10.384170317072897
-10.51008810203056
-10.510092385777563
-10.51009675200917
-10.51010123036971
-10.510105861155973
-10.510110699144988
-10.51011581879724
-10.510121321329455
-10.510127344328584
-10.510134449778517
-10.510144153584813
-10.510157794736608
-10.510176120061516
-10.510200511988147
-10.510233245927772
-10.510279876808074
-10.510342614804387
-10.510426278933576
-10.510536657655978
-10.51069590576311
-10.5109104158348
-10.511196892247318
-10.511575419327865
-10.51211095459961
-10.512841801892666
-10.513818074845638
-10.515108496240321
-10.516895355236617
-10.519357828451842
-10.522635201262878
-10.52694774175444
-10.783039125151342
-10.783042242722994
-10.78304543828532
-10.783048739894516
-10.783052185688684
-10.78305582751068
-10.783059735832738
-10.783064006450605
-10.783068769582908
-10.783074470422289
-10.78308225192394
-10.783093151495406
-10.783107811592359
-10.783127368070794
-10.783153648024975
-10.78319089441462
-10.783241055051459
-10.783308073767278
-10.783396764632695
-10.78352386544768
-10.783695169746355
-10.783924260948073
-10.767905948614944
-10.768464918596548
-10.769228035714642
-10.770246987212381
-10.771592754261077
-10.773458684665549
-10.776033519159064
-10.779460864457425
-10.783970370148673
-11.089529478173084
-11.089533652528585
-11.089537906473577
-11.089542268629804
-11.089546777904102
-11.089551487184231
-11.089556468362716
-11.08956181916584
-11.089567672436283
-11.089574574289713
-11.089584000140292
-11.08959725200334
-11.089615053379342
-11.089638745705194
-11.089670538560732
-11.089715834751404
-11.08977677198568
-11.089858024310333
-11.089965201486002
-11.09011984353592
-11.090328109056877
-11.09060617094016
-11.09097344716042
-11.091492916350703
-11.092201446651151
-11.093147164740772
-11.09439593035102
-11.096122755136818
-11.098497757782784
-11.101650221889047
-11.106041065200525
-11.058171607195742
-11.058179791749318
-11.058188113086338
-11.058196620409964
-11.058205380603793
-11.058214484584912
-11.058224055939545
-11.058234262661404
-11.058245333107143
-11.058258299280524
-11.058276011087086
-11.058300953349782
-11.058334438050839
-11.058378955051104
-11.058438650621568
-11.058523893571442
-11.058638501468646
-11.05879115091852
-11.058992166764044
-11.059282993956794
-11.0596743539279
-11.06019617479605
-11.060884053228133
-11.061858054506551
-11.063185164543453
-11.064952254098134
-11.067277899793044
-11.070487606281162
-11.074886549607085
-11.081873502911439
-11.091339838635527
-11.175969065996485
-11.175982486007882
-11.175996104543522
-11.176009993014041
-11.176024248489597
-11.176039002919564
-11.176054435664588
-11.176070790530767
-11.176088398922817
-11.176108901088014
-11.176136912590293
-11.17617641672902
-11.176229422033536
-11.176299823344568
-11.17639417043068
-11.176529164977907
-11.176710566700924
-11.176951951040277
-11.177269348565169
-11.177729666594805
-11.178348682988998
-11.179173106769491
-11.18027696962485
-11.182122427550766
-11.184293891357628
-11.187076950702767
-11.190729080055595
-11.19576092923194
-11.202635587812836
-11.211654712920538
-11.223307455398896
-11.283137358249329
-11.283159612178249
-11.283182163105792
-11.283205117860119
-11.283228621653183
-11.283252871871248
-11.283278136819371
-11.283304781198748
-11.283333300734073
-11.28336635034778
-11.28341151172784
-11.2834752755153
-11.283560792736768
-11.283674285251594
-11.283826299399015
-11.28404414303648
-11.284336727797529
-11.284725724735809
-11.285236556370695
-11.285978693045012
-11.286975881686407
-11.288989183440535
-11.292514170324104
-11.296008502361941
-11.299628334932457
-11.304084313488357
-11.309906765489865
-11.317894484564688
-11.328733984456672
-11.342822678913434
-11.360823790477706
-11.357874563444131
-11.357902047985132
-11.357929993219907
-11.35795856584913
-11.357987992469543
-11.358018581092589
-11.358050750392035
-11.358085069455292
-11.358122311807568
-11.358165947979446
-11.358225544555598
-11.35830943910586
-11.35842203559594
-11.358571681450485
-11.358772257591394
-11.359058372284847
-11.359442644567556
-11.359953797980467
-11.360625885412757
-11.361595058126607
-11.36289441380246
-11.36726888267445
-11.35221015056851
-11.356360384315815
-11.361981134056794
-11.369393593223553
-11.379033122609552
-11.39217766903595
-11.409860550446636
-11.43260498744163
-11.461325651015162
-11.358808572503333
-11.35887060602235
-11.358933409922258
-11.35899726214332
-11.359062540468285
-11.35912975838194
-11.359199613804817
-11.35927305531893
-11.359351372155944
-11.359441848201627
-11.359565474639208
-11.35974011040036
-11.359974186235059
-11.360284561696881
-11.360699949343982
-11.36129530654165
-11.362093848967321
-11.363153580261482
-11.364542030342953
-11.366555517320608
-11.369336550298213
-11.372980745282346
-11.37763564265582
-11.384175866135383
-11.392996787904941
-11.404469731963152
-11.419137431534956
-11.438707487560356
-11.464236253555844
-11.495833226390769
-11.534037310371183
-11.270508684212475
-11.270621347031488
-11.270735404721279
-11.270851363925603
-11.270969913238563
-11.271091988526505
-11.271218861684234
-11.271352261218253
-11.271494536043447
-11.271658910150036
-11.271883461834452
-11.272200544597844
-11.2726253795802
-11.273188413151257
-11.273941445281764
-11.275019418535612
-11.276463231193866
-11.27837585963184
-11.280876452722472
-11.284488306130525
-11.291552920842188
-11.299897638327806
-11.308064408491232
-11.319384947647068
-11.33543192565057
-11.355774966184201
-11.380436546579062
-11.413224893646401
-11.44216926541228
-11.501135817756774
-11.571504387292554
-11.104715043618278
-11.104947453716768
-11.1051825767547
-11.10542140704392
-11.10566529575439
-11.105916078900878
-11.106176251166893
-11.106449201926987
-11.10673953562182
-11.107074187673993
-11.107531181710394
-11.108176348092982
-11.109039804839767
-11.110182464344412
-11.111708207131272
-11.113888350026897
-11.11679885069464
-11.120638348908834
-11.125633348859925
-11.132793877171423
-11.143294689799694
-11.156485376660441
-11.172075823444983
-11.19307791464677
-11.219760671893887
-11.252942048120195
-11.28061541292828
-11.349370780123712
-11.4268799303569
-11.513615938948124
-11.596200501118236
-10.875340226630303
-10.875844861911052
-10.876355134076364
-10.876873121790295
-10.877401648597514
-10.877944549431218
-10.878507032190335
-10.879096168059633
-10.879721555970645
-10.880441005920133
-10.881422670627357
-10.882807093671092
-10.884656445561738
-10.887097957812513
-10.890348739309296
-10.894974013773508
-10.901112705221362
-10.909152228113332
-10.91952398990226
-10.934182205652583
-10.956831758167297
-10.984150640774997
-11.014032823891108
-11.052560878280968
-11.099984108509421
-11.144318624104304
-11.226265504606612
-11.327901669462383
-11.431217146705807
-11.553416841707403
-11.6998067424874
-10.809927522121672
-10.810682341971626
-10.811445802800232
-10.812221463550038
-10.813014159331992
-10.813830457181004
-10.814679273743588
-10.815572711731116
-10.81652719132491
-10.817630619529409
-10.819132871768694
-10.821241755267069
-10.82404946258756
-10.82832144527566
-10.835494251492472
-10.842495496257683
-10.85144956268276
-10.862934632312596
-10.877376339990164
-10.89709925456465
-10.912028178111466
-10.95777062078808
-11.009405490637409
-11.076828187236469
-11.151775027563536
-11.220345709289303
-11.340094815065669
-11.466981945001566
-11.599938859290235
-11.767986799838829
-11.93552547214884
-10.809927522121672
-10.810682341971626
-10.811445802800232
-10.812221463550038
-10.813014159331992
-10.813830457181004
-10.814679273743588
-10.815572711731116
-10.81652719132491
-10.817630619529409
-10.819132871768694
-10.821241755267069
-10.82404946258756
-10.82832144527566
-10.835494251492472
-10.842495496257683
-10.85144956268276
-10.862934632312596
-10.877376339990164
-10.89709925456465
-10.912028178111466
-10.95777062078808
-11.009405490637409
-11.076828187236469
-11.151775027563536
-11.220345709289303
-11.340094815065669
-11.466981945001566
-11.599938859290235
-11.767986799838829
-11.93552547214884
-10.809927522121672
-10.810682341971626
-10.811445802800232
-10.812221463550038
-10.813014159331992
-10.813830457181004
-10.814679273743588
-10.815572711731116
-10.81652719132491
-10.817630619529409
-10.819132871768694
-10.821241755267069
-10.82404946258756
-10.82832144527566
-10.835494251492472
-10.842495496257683
-10.85144956268276
-10.862934632312596
-10.877376339990164
-10.89709925456465
-10.912028178111466
-10.95777062078808
-11.009405490637409
-11.076828187236469
-11.151775027563536
-11.220345709289303
-11.340094815065669
-11.466981945001566
-11.599938859290235
-11.767986799838829
-11.93552547214884
-10.809927522121672
-10.810682341971626
-10.811445802800232
-10.812221463550038
-10.813014159331992
-10.813830457181004
-10.814679273743588
-10.815572711731116
-10.81652719132491
-10.817630619529409
-10.819132871768694
-10.821241755267069
-10.82404946258756
-10.82832144527566
-10.835494251492472
-10.842495496257683
-10.85144956268276
-10.862934632312596
-10.877376339990164
-10.89709925456465
-10.912028178111466
-10.95777062078808
-11.009405490637409
-11.076828187236469
-11.151775027563536
-11.220345709289303
-11.340094815065669
-11.466981945001566
-11.599938859290235
-11.767986799838829
-11.93552547214884
-10.809927522121672
-10.810682341971626
-10.811445802800232
-10.812221463550038
-10.813014159331992
-10.813830457181004
-10.814679273743588
-10.815572711731116
-10.81652719132491
-10.817630619529409
-10.819132871768694
-10.821241755267069
-10.82404946258756
-10.82832144527566
-10.835494251492472
-10.842495496257683
-10.85144956268276
-10.862934632312596
-10.877376339990164
-10.89709925456465
-10.912028178111466
-10.95777062078808
-11.009405490637409
-11.076828187236469
-11.151775027563536
-11.220345709289303
-11.340094815065669
-11.466981945001566
-11.599938859290235
-11.767986799838829
-11.93552547214884
-10.809927522121672
-10.810682341971626
-10.811445802800232
-10.812221463550038
-10.813014159331992
-10.813830457181004
-10.814679273743588
-10.815572711731116
-10.81652719132491
-10.817630619529409
-10.819132871768694
-10.821241755267069
-10.82404946258756
-10.82832144527566
-10.835494251492472
-10.842495496257683
-10.85144956268276
-10.862934632312596
-10.877376339990164
-10.89709925456465
-10.912028178111466
-10.95777062078808
-11.009405490637409
-11.076828187236469
-11.151775027563536
-11.220345709289303
-11.340094815065669
-11.466981945001566
-11.599938859290235
-11.767986799838829
-11.93552547214884
-10.809927522121672
-10.810682341971626
-10.811445802800232
-10.812221463550038
-10.813014159331992
-10.813830457181004
-10.814679273743588
-10.815572711731116
-10.81652719132491
-10.817630619529409
-10.819132871768694
-10.821241755267069
-10.82404946258756
-10.82832144527566
-10.835494251492472
-10.842495496257683
-10.85144956268276
-10.862934632312596
-10.877376339990164
-10.89709925456465
-10.912028178111466
-10.95777062078808
-11.009405490637409
-11.076828187236469
-11.151775027563536
-11.220345709289303
-11.340094815065669
-11.466981945001566
-11.599938859290235
-11.767986799838829
-11.93552547214884
-10.809927522121672
-10.810682341971626
-10.811445802800232
-10.812221463550038
-10.813014159331992
-10.813830457181004
-10.814679273743588
-10.815572711731116
-10.81652719132491
-10.817630619529409
-10.819132871768694
-10.821241755267069
-10.82404946258756
-10.82832144527566
-10.835494251492472
-10.842495496257683
-10.85144956268276
-10.862934632312596
-10.877376339990164
-10.89709925456465
-10.912028178111466
-10.95777062078808
-11.009405490637409
-11.076828187236469
-11.151775027563536
-11.220345709289303
-11.340094815065669
-11.466981945001566
-11.599938859290235
-11.767986799838829
-11.93552547214884
-10.809927522121672
-10.810682341971626
-10.811445802800232
-10.812221463550038
-10.813014159331992
-10.813830457181004
-10.814679273743588
-10.815572711731116
-10.81652719132491
-10.817630619529409
-10.819132871768694
-10.821241755267069
-10.82404946258756
-10.82832144527566
-10.835494251492472
-10.842495496257683
-10.85144956268276
-10.862934632312596
-10.877376339990164
-10.89709925456465
-10.912028178111466
-10.95777062078808
-11.009405490637409
-11.076828187236469
-11.151775027563536
-11.220345709289303
-11.340094815065669
-11.466981945001566
-11.599938859290235
-11.767986799838829
-11.93552547214884
-10.809927522121672
-10.810682341971626
-10.811445802800232
-10.812221463550038
-10.813014159331992
-10.813830457181004
-10.814679273743588
-10.815572711731116
-10.81652719132491
-10.817630619529409
-10.819132871768694
-10.821241755267069
-10.82404946258756
-10.82832144527566
-10.835494251492472
-10.842495496257683
-10.85144956268276
-10.862934632312596
-10.877376339990164
-10.89709925456465
-10.912028178111466
-10.95777062078808
-11.009405490637409
-11.076828187236469
-11.151775027563536
-11.220345709289303
-11.340094815065669
-11.466981945001566
-11.599938859290235
-11.767986799838829
-11.93552547214884
-10.809927522121672
-10.810682341971626
-10.811445802800232
-10.812221463550038
-10.813014159331992
-10.813830457181004
-10.814679273743588
-10.815572711731116
-10.81652719132491
-10.817630619529409
-10.819132871768694
-10.821241755267069
-10.82404946258756
-10.82832144527566
-10.835494251492472
-10.842495496257683
-10.85144956268276
-10.862934632312596
-10.877376339990164
-10.89709925456465
-10.912028178111466
-10.95777062078808
-11.009405490637409
-11.076828187236469
-11.151775027563536
-11.220345709289303
-11.340094815065669
-11.466981945001566
-11.599938859290235
-11.767986799838829
-11.93552547214884
-10.809927522121672
-10.810682341971626
-10.811445802800232
-10.812221463550038
-10.813014159331992
-10.813830457181004
-10.814679273743588
-10.815572711731116
-10.81652719132491
-10.817630619529409
-10.819132871768694
-10.821241755267069
-10.82404946258756
-10.82832144527566
-10.835494251492472
-10.842495496257683
-10.85144956268276
-10.862934632312596
-10.877376339990164
-10.89709925456465
-10.912028178111466
-10.95777062078808
-11.009405490637409
-11.076828187236469
-11.151775027563536
-11.220345709289303
-11.340094815065669
-11.466981945001566
-11.599938859290235
-11.767986799838829
-11.93552547214884
-10.809927522121672
-10.810682341971626
-10.811445802800232
-10.812221463550038
-10.813014159331992
-10.813830457181004
-10.814679273743588
-10.815572711731116
-10.81652719132491
-10.817630619529409
-10.819132871768694
-10.821241755267069
-10.82404946258756
-10.82832144527566
-10.835494251492472
-10.842495496257683
-10.85144956268276
-10.862934632312596
-10.877376339990164
-10.89709925456465
-10.912028178111466
-10.95777062078808
-11.009405490637409
-11.076828187236469
-11.151775027563536
-11.220345709289303
-11.340094815065669
-11.466981945001566
-11.599938859290235
-11.767986799838829
-11.93552547214884
-10.809927522121672
-10.810682341971626
-10.811445802800232
-10.812221463550038
-10.813014159331992
-10.813830457181004
-10.814679273743588
-10.815572711731116
-10.81652719132491
-10.817630619529409
-10.819132871768694
-10.821241755267069
-10.82404946258756
-10.82832144527566
-10.835494251492472
-10.842495496257683
-10.85144956268276
-10.862934632312596
-10.877376339990164
-10.89709925456465
-10.912028178111466
-10.95777062078808
-11.009405490637409
-11.076828187236469
-11.151775027563536
-11.220345709289303
-11.340094815065669
-11.466981945001566
-11.599938859290235
-11.767986799838829
-11.93552547214884
-10.809927522121672
-10.810682341971626
-10.811445802800232
-10.812221463550038
-10.813014159331992
-10.813830457181004
-10.814679273743588
-10.815572711731116
-10.81652719132491
-10.817630619529409
-10.819132871768694
-10.821241755267069
-10.82404946258756
-10.82832144527566
-10.835494251492472
-10.842495496257683
-10.85144956268276
-10.862934632312596
-10.877376339990164
-10.89709925456465
-10.912028178111466
-10.95777062078808
-11.009405490637409
-11.076828187236469
-11.151775027563536
-11.220345709289303
-11.340094815065669
-11.466981945001566
-11.599938859290235
-11.767986799838829
-11.93552547214884
-10.809927522121672
-10.810682341971626
-10.811445802800232
-10.812221463550038
-10.813014159331992
-10.813830457181004
-10.814679273743588
-10.815572711731116
-10.81652719132491
-10.817630619529409
-10.819132871768694
-10.821241755267069
-10.82404946258756
-10.82832144527566
-10.835494251492472
-10.842495496257683
-10.85144956268276
-10.862934632312596
-10.877376339990164
-10.89709925456465
-10.912028178111466
-10.95777062078808
-11.009405490637409
-11.076828187236469
-11.151775027563536
-11.220345709289303
-11.340094815065669
-11.466981945001566
-11.599938859290235
-11.767986799838829
-11.93552547214884
-10.495316834105862
-10.495321069751743
-10.495325857276521
-10.495331395089549
-10.49533795289173
-10.495345897288686
-10.495355726603316
-10.49536811818994
-10.495383992735183
-10.495404850993348
-10.495433232558732
-10.495472108462458
-10.495524802244026
-10.495596073509493
-10.49569265063714
-10.495825301431497
-10.496005101409406
-10.496248281516666
-10.496576351295536
-10.497027826333095
-10.497639218846546
-10.498465109651056
-10.499577402173129
-10.501096611094466
-10.505056367356925
-10.507817311638773
-10.49621044804998
-10.50204230586442
-10.50988721642024
-10.520245122134432
-10.533778850428774
-10.231330445349592
-10.231336161309558
-10.231342069624732
-10.231348239436201
-10.23135476472943
-10.23136177326125
-10.231369438693996
-10.231377997089051
-10.2313877693252
-10.231399670615852
-10.231415905675671
-10.23143854910031
-10.231469049450245
-10.231509844533997
-10.231564753318613
-10.23164210714535
-10.23174640740074
-10.231886084709316
-10.232071618812789
-10.232335426483239
-10.232691282698324
-10.233168063938717
-10.23380159075566
-10.234687887070464
-10.23589342788286
-10.237505411063381
-10.23964203282293
-10.242570760987675
-10.246561199571106
-10.251843792596983
-10.258758531644384
-10.151029454889615
-10.151034590346518
-10.151039862041463
-10.151045318966212
-10.151051027716978
-10.151057078820157
-10.151063595330829
-10.151070744520636
-10.151078753764613
-10.151088371909974
-10.151101498771258
-10.151119870125301
-10.151144586453102
-10.151177574080275
-10.15122191545642
-10.151284683727155
-10.151369230034689
-10.151482233127934
-10.151631873760655
-10.151845958465191
-10.152134486425902
-10.152520383233258
-10.15303168527379
-10.153750000973066
-10.154727552241527
-10.156032568718116
-10.157757741795537
-10.160127516815262
-10.163361553699195
-10.16763479808053
-10.173211465725165
-10.172476357963978
-10.172480722173317
-10.172485210519254
-10.172489867664595
-10.172494754321232
-10.172499953017084
-10.172505575935102
-10.172511775568767
-10.17251875920585
-10.17252718013006
-10.172538671328153
-10.172554737224415
-10.172576359192
-10.17260523476382
-10.172644063165022
-10.172698948280878
-10.172772895936049
-10.172871784736431
-10.173002845714995
-10.173189990825142
-10.173442244421626
-10.173779742938805
-10.174227199747941
-10.174854816148518
-10.175708404849455
-10.176847785197381
-10.178353992439886
-10.180419015119538
-10.1832305490138
-10.18693840476536
-10.191765221717406
-10.294827923507947
-10.294833787713447
-10.294839771951235
-10.294845919374385
-10.294852288642442
-10.294858959493292
-10.29486604031708
-10.294873678451328
-10.294882074174822
-10.294892011130338
-10.294905580123881
-10.294924638840797
-10.294950248530819
-10.294984352494145
-10.295030132311542
-10.295095267983172
-10.295182915299872
-10.295299836356818
-10.29545418178406
-10.295676475010131
-10.295975868232135
-10.29637569680053
-10.296904080446682
-10.29765021298321
-10.2986671226862
-10.300023986806423
-10.301815279271393
-10.304287301363688
-10.307678475874903
-10.312170292280905
-10.318046516653848
-10.520874458291496
-10.520880853455557
-10.52088736506032
-10.52089403496124
-10.520900920053947
-10.520908097678596
-10.52091567296604
-10.52092378882339
-10.520932639507166
-10.520943050530967
-10.520957270025546
-10.520977273256483
-10.521004138052545
-10.521039879338117
-10.52108782910525
-10.521156201283185
-10.521248164389496
-10.52137074101631
-10.521532334972818
-10.521765733988266
-10.52207999676786
-10.522499414333389
-10.523053065998036
-10.523836602055319
-10.524905168561475
-10.526330653477471
-10.528211450214677
-10.530812157282226
-10.534387876938116
-10.539399272009717
-10.546044095478129
-10.78810064833315
-10.788108009996053
-10.788115492551094
-10.788123139446903
-10.788131009744696
-10.78813918372831
-10.788147770529886
-10.788156918495417
-10.788166829274296
-10.788178426690715
-10.788194269536287
-10.788216585528874
-10.78824654303587
-10.788286366532875
-10.788339766215628
-10.788416049959395
-10.788518616166007
-10.788655227561957
-10.788835115255333
-10.789095559831804
-10.789446141885342
-10.789913754972464
-10.79053040629763
-10.79140464503885
-10.792597394759618
-10.794187992788759
-10.796285200243675
-10.799189158159981
-10.803187627772548
-10.808846182860888
-10.816574804013657
-10.744215199696397
-10.744225420878836
-10.744235848715894
-10.744246557644622
-10.744257648849532
-10.744269259873322
-10.744281577680514
-10.744294856414196
-10.744309441531362
-10.744326694151104
-10.744350252094476
-10.744383343157063
-10.744427802298992
-10.744486995844984
-10.744566438771212
-10.744679463100924
-10.744831495755227
-10.745034209532498
-10.745301646438843
-10.745686568697362
-10.746204415182806
-10.746894967862097
-10.747805895228245
-10.749088733499718
-10.750830479787496
-10.753143066831385
-10.756177349353786
-10.760325857775475
-10.751673697063337
-10.761194226293464
-10.773912572090738
-10.824188041773086
-10.824207177503478
-10.824226617645893
-10.82424647182111
-10.824266889037629
-10.824288071843037
-10.824310295559046
-10.824333934425532
-10.824359497134187
-10.8243893655519
-10.82443016697023
-10.824487653480524
-10.824564803892281
-10.824667320633987
-10.82480473514682
-10.825001058767615
-10.825264863453446
-10.825615942061612
-10.82607774612771
-10.82674585581608
-10.827643579365212
-10.828838167350769
-10.830437526119207
-10.833118734227487
-10.836242567334473
-10.840223029441782
-10.845421398861584
-10.85251832458132
-10.862090472644919
-10.874461828275257
-10.89015013328965
-10.889804745080944
-10.88983823337842
-10.889872188040549
-10.889906776936797
-10.889942228247804
-10.889978852131447
-10.890017070170266
-10.89005745539339
-10.890100786667398
-10.890151097826083
-10.890219837877783
-10.890316835625587
-10.890446931973175
-10.890619615818167
-10.890850914984172
-10.891182039316881
-10.891626659415625
-10.892217661753861
-10.892993676922503
-10.894118790788859
-10.895628711133318
-10.89763422952296
-10.900363471059501
-10.905678446600499
-10.911102543568422
-10.917722476336381
-10.92632184982782
-10.93800112385975
-10.953629741636432
-10.973613822772279
-10.998639906879173
-10.921159561735076
-10.921204721864656
-10.921250622210344
-10.921297531278809
-10.92134581404079
-10.92139596658095
-10.921448663189146
-10.921504820356443
-10.921565683736736
-10.9216369224842
-10.921734210848559
-10.92187117507083
-10.922054943725694
-10.922299079941709
-10.922626165540118
-10.923092630841492
-10.923718634178913
-10.924550470207448
-10.925642807658834
-10.927215524061056
-10.929318760819744
-10.93210086521167
-10.935733184639398
-10.940794054565487
-10.947541925726773
-10.95859307944963
-10.954715599361316
-10.974428469904439
-11.000528750299969
-11.033523665988952
-11.07465696112748
-10.867320939638361
-10.867424548396874
-10.8675294698312
-10.867636177223892
-10.86774531381972
-10.867857753843273
-10.867974685407525
-10.868097723154623
-10.868229061268135
-10.868380908845932
-10.868588358762624
-10.868881275525894
-10.869273811219008
-10.86979419067596
-10.870490395243602
-10.871487155393645
-10.872822911400812
-10.874593696754063
-10.876911132857165
-10.880261618596029
-10.884731666448959
-10.890624255600756
-10.898283721571634
-10.90896056028905
-10.923278695352952
-10.941652453467487
-10.964768703233638
-10.994981594931895
-11.033336791142752
-11.080317163088365
-11.122294104237042
-10.73216601968064
-10.732370652078806
-10.732577779715713
-10.732788305111063
-10.733003454688278
-10.733224894951121
-10.73345489027657
-10.733696517186113
-10.733953955226887
-10.734251099570182
-10.734656931557957
-10.735229852588331
-10.735996986161386
-10.737012852847865
-10.73837029028985
-10.74031101281428
-10.742905400415934
-10.746334032478954
-10.75080469651984
-10.757231923662253
-10.765742658372696
-10.776858253935321
-10.791150075643086
-10.810745238736915
-10.839723448451284
-10.8744031139677
-10.913816359390529
-10.962153855452998
-11.005977180770467
-11.08920484393604
-11.184567172033097
-10.53679779618327
-10.537125394238666
-10.537457624727042
-10.537796290366092
-10.538143840884832
-10.53850360485199
-10.538880104356819
-10.539279481971754
-10.539710079726879
-10.540211769460734
-10.540895646411649
-10.541856248625857
-10.543139707749287
-10.544835539685431
-10.547092491060567
-10.550280305865863
-10.554500435111168
-10.560011098121356
-10.567095284902486
-10.576933633363431
-10.576403781456671
-10.600507685058078
-10.628895733924162
-10.668292905497765
-10.715214375967278
-10.770856547109132
-10.835224258704379
-10.903944219569762
-11.009336162828046
-11.122983776778963
-11.242019966825127
-10.259629649632256
-10.260509802531068
-10.261400095545765
-10.262304449079158
-10.263228186505103
-10.264178534351318
-10.265165299798792
-10.266201787508175
-10.267306038752437
-10.268579544788102
-10.270313727262158
-10.272749958605523
-10.275993345690514
-10.280258045270502
-10.2859050086073
-10.293849928122922
-10.304270566464862
-10.317720426371563
-10.334771735490017
-10.360778605676968
-10.390665883516675
-10.425207975344739
-10.452553213819126
-10.520457286803255
-10.604487042208472
-10.694246266382423
-10.781174219567125
-10.914997313484436
-11.03674777847625
-11.202667390701011
-11.361317282199705
-10.12373452418714
-10.125262328594845
-10.126805642971473
-10.128371625945167
-10.129970004063196
-10.131613982653024
-10.133321476377853
-10.135116768864185
-10.137032745808163
-10.139243436745796
-10.14224035457186
-10.14641856485206
-10.151935193693488
-10.160162627407038
-10.173590741218268
-10.18660842650126
-10.202788592574832
-10.22276783114306
-10.228830460902486
-10.274694209435788
-10.33197551697351
-10.398472438172002
-10.471777703417361
-10.544559004972191
-10.663067603218355
-10.786867531397728
-10.916613998031934
-11.076026569682293
-11.242610473718203
-11.417936121214627
-11.630602209748178
-10.12373452418714
-10.125262328594845
-10.126805642971473
-10.128371625945167
-10.129970004063196
-10.131613982653024
-10.133321476377853
-10.135116768864185
-10.137032745808163
-10.139243436745796
-10.14224035457186
-10.14641856485206
-10.151935193693488
-10.160162627407038
-10.173590741218268
-10.18660842650126
-10.202788592574832
-10.22276783114306
-10.228830460902486
-10.274694209435788
-10.33197551697351
-10.398472438172002
-10.471777703417361
-10.544559004972191
-10.663067603218355
-10.786867531397728
-10.916613998031934
-11.076026569682293
-11.242610473718203
-11.417936121214627
-11.630602209748178
-10.12373452418714
-10.125262328594845
-10.126805642971473
-10.128371625945167
-10.129970004063196
-10.131613982653024
-10.133321476377853
-10.135116768864185
-10.137032745808163
-10.139243436745796
-10.14224035457186
-10.14641856485206
-10.151935193693488
-10.160162627407038
-10.173590741218268
-10.18660842650126
-10.202788592574832
-10.22276783114306
-10.228830460902486
-10.274694209435788
-10.33197551697351
-10.398472438172002
-10.471777703417361
-10.544559004972191
-10.663067603218355
-10.786867531397728
-10.916613998031934
-11.076026569682293
-11.242610473718203
-11.417936121214627
-11.630602209748178
-10.12373452418714
-10.125262328594845
-10.126805642971473
-10.128371625945167
-10.129970004063196
-10.131613982653024
-10.133321476377853
-10.135116768864185
-10.137032745808163
-10.139243436745796
-10.14224035457186
-10.14641856485206
-10.151935193693488
-10.160162627407038
-10.173590741218268
-10.18660842650126
-10.202788592574832
-10.22276783114306
-10.228830460902486
-10.274694209435788
-10.33197551697351
-10.398472438172002
-10.471777703417361
-10.544559004972191
-10.663067603218355
-10.786867531397728
-10.916613998031934
-11.076026569682293
-11.242610473718203
-11.417936121214627
-11.630602209748178
-10.12373452418714
-10.125262328594845
-10.126805642971473
-10.128371625945167
-10.129970004063196
-10.131613982653024
-10.133321476377853
-10.135116768864185
-10.137032745808163
-10.139243436745796
-10.14224035457186
-10.14641856485206
-10.151935193693488
-10.160162627407038
-10.173590741218268
-10.18660842650126
-10.202788592574832
-10.22276783114306
-10.228830460902486
-10.274694209435788
-10.33197551697351
-10.398472438172002
-10.471777703417361
-10.544559004972191
-10.663067603218355
-10.786867531397728
-10.916613998031934
-11.076026569682293
-11.242610473718203
-11.417936121214627
-11.630602209748178
-10.12373452418714
-10.125262328594845
-10.126805642971473
-10.128371625945167
-10.129970004063196
-10.131613982653024
-10.133321476377853
-10.135116768864185
-10.137032745808163
-10.139243436745796
-10.14224035457186
-10.14641856485206
-10.151935193693488
-10.160162627407038
-10.173590741218268
-10.18660842650126
-10.202788592574832
-10.22276783114306
-10.228830460902486
-10.274694209435788
-10.33197551697351
-10.398472438172002
-10.471777703417361
-10.544559004972191
-10.663067603218355
-10.786867531397728
-10.916613998031934
-11.076026569682293
-11.242610473718203
-11.417936121214627
-11.630602209748178
-10.12373452418714
-10.125262328594845
-10.126805642971473
-10.128371625945167
-10.129970004063196
-10.131613982653024
-10.133321476377853
-10.135116768864185
-10.137032745808163
-10.139243436745796
-10.14224035457186
-10.14641856485206
-10.151935193693488
-10.160162627407038
-10.173590741218268
-10.18660842650126
-10.202788592574832
-10.22276783114306
-10.228830460902486
-10.274694209435788
-10.33197551697351
-10.398472438172002
-10.471777703417361
-10.544559004972191
-10.663067603218355
-10.786867531397728
-10.916613998031934
-11.076026569682293
-11.242610473718203
-11.417936121214627
-11.630602209748178
-10.12373452418714
-10.125262328594845
-10.126805642971473
-10.128371625945167
-10.129970004063196
-10.131613982653024
-10.133321476377853
-10.135116768864185
-10.137032745808163
-10.139243436745796
-10.14224035457186
-10.14641856485206
-10.151935193693488
-10.160162627407038
-10.173590741218268
-10.18660842650126
-10.202788592574832
-10.22276783114306
-10.228830460902486
-10.274694209435788
-10.33197551697351
-10.398472438172002
-10.471777703417361
-10.544559004972191
-10.663067603218355
-10.786867531397728
-10.916613998031934
-11.076026569682293
-11.242610473718203
-11.417936121214627
-11.630602209748178
-10.12373452418714
-10.125262328594845
-10.126805642971473
-10.128371625945167
-10.129970004063196
-10.131613982653024
-10.133321476377853
-10.135116768864185
-10.137032745808163
-10.139243436745796
-10.14224035457186
-10.14641856485206
-10.151935193693488
-10.160162627407038
-10.173590741218268
-10.18660842650126
-10.202788592574832
-10.22276783114306
-10.228830460902486
-10.274694209435788
-10.33197551697351
-10.398472438172002
-10.471777703417361
-10.544559004972191
-10.663067603218355
-10.786867531397728
-10.916613998031934
-11.076026569682293
-11.242610473718203
-11.417936121214627
-11.630602209748178
-10.12373452418714
-10.125262328594845
-10.126805642971473
-10.128371625945167
-10.129970004063196
-10.131613982653024
-10.133321476377853
-10.135116768864185
-10.137032745808163
-10.139243436745796
-10.14224035457186
-10.14641856485206
-10.151935193693488
-10.160162627407038
-10.173590741218268
-10.18660842650126
-10.202788592574832
-10.22276783114306
-10.228830460902486
-10.274694209435788
-10.33197551697351
-10.398472438172002
-10.471777703417361
-10.544559004972191
-10.663067603218355
-10.786867531397728
-10.916613998031934
-11.076026569682293
-11.242610473718203
-11.417936121214627
-11.630602209748178
-10.12373452418714
-10.125262328594845
-10.126805642971473
-10.128371625945167
-10.129970004063196
-10.131613982653024
-10.133321476377853
-10.135116768864185
-10.137032745808163
-10.139243436745796
-10.14224035457186
-10.14641856485206
-10.151935193693488
-10.160162627407038
-10.173590741218268
-10.18660842650126
-10.202788592574832
-10.22276783114306
-10.228830460902486
-10.274694209435788
-10.33197551697351
-10.398472438172002
-10.471777703417361
-10.544559004972191
-10.663067603218355
-10.786867531397728
-10.916613998031934
-11.076026569682293
-11.242610473718203
-11.417936121214627
-11.630602209748178
-10.12373452418714
-10.125262328594845
-10.126805642971473
-10.128371625945167
-10.129970004063196
-10.131613982653024
-10.133321476377853
-10.135116768864185
-10.137032745808163
-10.139243436745796
-10.14224035457186
-10.14641856485206
-10.151935193693488
-10.160162627407038
-10.173590741218268
-10.18660842650126
-10.202788592574832
-10.22276783114306
-10.228830460902486
-10.274694209435788
-10.33197551697351
-10.398472438172002
-10.471777703417361
-10.544559004972191
-10.663067603218355
-10.786867531397728
-10.916613998031934
-11.076026569682293
-11.242610473718203
-11.417936121214627
-11.630602209748178
-10.12373452418714
-10.125262328594845
-10.126805642971473
-10.128371625945167
-10.129970004063196
-10.131613982653024
-10.133321476377853
-10.135116768864185
-10.137032745808163
-10.139243436745796
-10.14224035457186
-10.14641856485206
-10.151935193693488
-10.160162627407038
-10.173590741218268
-10.18660842650126
-10.202788592574832
-10.22276783114306
-10.228830460902486
-10.274694209435788
-10.33197551697351
-10.398472438172002
-10.471777703417361
-10.544559004972191
-10.663067603218355
-10.786867531397728
-10.916613998031934
-11.076026569682293
-11.242610473718203
-11.417936121214627
-11.630602209748178
-10.12373452418714
-10.125262328594845
-10.126805642971473
-10.128371625945167
-10.129970004063196
-10.131613982653024
-10.133321476377853
-10.135116768864185
-10.137032745808163
-10.139243436745796
-10.14224035457186
-10.14641856485206
-10.151935193693488
-10.160162627407038
-10.173590741218268
-10.18660842650126
-10.202788592574832
-10.22276783114306
-10.228830460902486
-10.274694209435788
-10.33197551697351
-10.398472438172002
-10.471777703417361
-10.544559004972191
-10.663067603218355
-10.786867531397728
-10.916613998031934
-11.076026569682293
-11.242610473718203
-11.417936121214627
-11.630602209748178
-10.12373452418714
-10.125262328594845
-10.126805642971473
-10.128371625945167
-10.129970004063196
-10.131613982653024
-10.133321476377853
-10.135116768864185
-10.137032745808163
-10.139243436745796
-10.14224035457186
-10.14641856485206
-10.151935193693488
-10.160162627407038
-10.173590741218268
-10.18660842650126
-10.202788592574832
-10.22276783114306
-10.228830460902486
-10.274694209435788
-10.33197551697351
-10.398472438172002
-10.471777703417361
-10.544559004972191
-10.663067603218355
-10.786867531397728
-10.916613998031934
-11.076026569682293
-11.242610473718203
-11.417936121214627
-11.630602209748178
-10.12373452418714
-10.125262328594845
-10.126805642971473
-10.128371625945167
-10.129970004063196
-10.131613982653024
-10.133321476377853
-10.135116768864185
-10.137032745808163
-10.139243436745796
-10.14224035457186
-10.14641856485206
-10.151935193693488
-10.160162627407038
-10.173590741218268
-10.18660842650126
-10.202788592574832
-10.22276783114306
-10.228830460902486
-10.274694209435788
-10.33197551697351
-10.398472438172002
-10.471777703417361
-10.544559004972191
-10.663067603218355
-10.786867531397728
-10.916613998031934
-11.076026569682293
-11.242610473718203
-11.417936121214627
-11.630602209748178
-10.34180080954692
-10.341810514968282
-10.341821033089666
-10.341832655972125
-10.34184578060996
-10.341860946625093
-10.341878887496396
-10.34190060017942
-10.34192743970928
-10.341961935834496
-10.342008906339537
-10.342073573434998
-10.34216106331273
-10.342279012825367
-10.342438519501076
-10.34265915531263
-10.342957700422064
-10.343360228256717
-10.343900680096176
-10.344650974762992
-10.34566515022627
-10.347030572199786
-10.348860011570565
-10.351371480634388
-10.354766216012175
-10.359306782432
-10.36533838544921
-10.373454389177404
-10.384289868315665
-10.39846708474907
-10.416781282508607
-10.080520301298057
-10.080527768130725
-10.080535515196182
-10.080543643276284
-10.08055228936579
-10.080561639683582
-10.080571947358079
-10.080583556465587
-10.080596934702406
-10.08061333591575
-10.080635703851163
-10.080666849385528
-10.080708823393579
-10.080765017876693
-10.080840694035007
-10.0809470484829
-10.081090495962421
-10.081282730034658
-10.081538371523674
-10.081900635044306
-10.082389204090774
-10.083043815105018
-10.08391393610471
-10.085126850582437
-10.086772714796044
-10.088969094998369
-10.0918738292225
-10.095830303858019
-10.101176270601416
-10.10819152370231
-10.117273389738681
-9.978651135708759
-9.978657167125988
-9.978663400080338
-9.978669907126736
-9.978676786891247
-9.978684173438776
-9.978692249006368
-9.978701261311036
-9.97871154707487
-9.978724069511015
-9.97874115142267
-9.978764976367149
-9.97879706493685
-9.978839978187008
-9.978897729044133
-9.97897907809466
-9.97908873442499
-9.979235530000464
-9.979430428691645
-9.979707381782784
-9.980080628873335
-9.980580119713267
-9.981242851619339
-9.982167833632676
-9.983422002143177
-9.985092192574712
-9.987294701943917
-9.99028954235446
-9.994322581521843
-9.999582124621215
-10.006333137131193
-9.965006824062057
-9.96501552267977
-9.96502440917295
-9.965033551073402
-9.965043040178665
-9.965053001270858
-9.965063603968039
-9.965075078833127
-9.965087739269565
-9.965102767299696
-9.965123285782377
-9.96515208410983
-9.965190789619236
-9.965242354338354
-9.965311588669332
-9.965409987158669
-9.965542407403499
-9.965719102987775
-9.965952470190066
-9.96628803466825
-9.966739899873009
-9.967343282115534
-9.968140695069446
-9.969264634277636
-9.970794305126779
-9.97283271428085
-9.975519990204223
-9.979215684451592
-9.984261812544164
-9.990912936621589
-9.99956376843078
-10.081613382782113
-10.081620945510505
-10.08162868499463
-10.081636664834237
-10.081644971482346
-10.081653722456801
-10.081663077502105
-10.081673253761263
-10.081684546397897
-10.081698010287385
-10.081716390073435
-10.081742157845925
-10.081776802519927
-10.081822987536698
-10.081885022364704
-10.081973046381423
-10.082091533318707
-10.08224971694659
-10.082458812516569
-10.082758804163063
-10.08316275360039
-10.083702237015327
-10.084415501534956
-10.085418601655325
-10.086782030638204
-10.088597212554841
-10.090987868984884
-10.094263600085831
-10.09871462290633
-10.104552035821943
-10.112095599639742
-10.282268248978152
-10.282276763534442
-10.282285448805819
-10.282294366197016
-10.282303599177293
-10.282313261208564
-10.282323506521983
-10.282334544766181
-10.282346660917709
-10.282360985666305
-10.282380546585662
-10.282408027937986
-10.28244495048378
-10.282494108923462
-10.282560086281519
-10.282653984233267
-10.282780307475043
-10.282948768063177
-10.28317105157309
-10.283491225537297
-10.283922221600612
-10.284497385805134
-10.285256773734625
-10.286328175772654
-10.287786125771094
-10.289727304512423
-10.29228312639333
-10.29579734734928
-10.300592287114972
-10.307130198829523
-10.31567182599347
-10.52231205706824
-10.522322151573494
-10.522332422369505
-10.522342932844769
-10.522353769164951
-10.522365048457033
-10.522376929933841
-10.522389630015182
-10.52240344288099
-10.52241965646824
-10.522441802413889
-10.522472971644863
-10.52251482344352
-10.522570482638805
-10.522645134132384
-10.52275164843593
-10.522894873322322
-10.523085688607742
-10.523337074751453
-10.523700380070089
-10.524189277214454
-10.52484122484507
-10.525700876285857
-10.526916876117248
-10.528572842114842
-10.530777171199476
-10.533677673280145
-10.537675478486175
-10.54314521294198
-10.550668148482634
-10.560716536127359
-10.43286243555603
-10.432882338389952
-10.432902557913126
-10.432923207982215
-10.432944443362526
-10.432966474425385
-10.432989587125151
-10.433014170151509
-10.433040751833026
-10.433071808961085
-10.433114235003012
-10.433174013037
-10.433254240798817
-10.433360849711697
-10.433503755982386
-10.433707948256217
-10.433982354096138
-10.434347587520731
-10.434828085524705
-10.435523470745176
-10.43645818630372
-10.437702586545413
-10.439339840788577
-10.44165409987582
-10.444797225748784
-10.44896416025157
-10.454419426791107
-10.46189597419051
-10.472037442152127
-10.485243419717202
-10.502485155930124
-10.489585107669425
-10.489611515858048
-10.489638391299108
-10.489665902614059
-10.48969427900822
-10.4897238320356
-10.489754985180957
-10.489788314065029
-10.489824601085095
-10.489867228839534
-10.489925444607357
-10.490007346369653
-10.490117299469379
-10.490263502443833
-10.490459532570174
-10.490738955628732
-10.491114390373339
-10.491614101571049
-10.492271737114054
-10.493219524232206
-10.494491330026426
-10.496181211828771
-10.498399972595731
-10.501513813427554
-10.505711422827353
-10.511228632128907
-10.518376111876067
-10.52798783560925
-10.540678968379735
-10.543476092543253
-10.569634765671662
-10.515446750022193
-10.515496797650117
-10.515547579359888
-10.515599359680415
-10.515652498167052
-10.51570748353231
-10.515764980030596
-10.515825890492863
-10.51589144198035
-10.515967736839603
-10.516071960859293
-10.51621891946784
-10.516416035390709
-10.516677727317404
-10.517028242394439
-10.5175293735747
-10.518202025055434
-10.519095825623962
-10.520269139015348
-10.521965766360365
-10.52423876510348
-10.527251613975169
-10.531194199604187
-10.53672978015009
-10.544171328808646
-10.553906171822284
-10.56644481154168
-10.583238092562771
-10.605285846338324
-10.633353030060016
-10.667666784874978
-10.506598062558101
-10.506671991474166
-10.506747114599847
-10.506823866424627
-10.506902837502306
-10.506984830491747
-10.507070936308775
-10.507162637595785
-10.50726194928936
-10.507378116426736
-10.507536740963188
-10.507760031882876
-10.508059522064974
-10.508457208388945
-10.50898972742724
-10.509748672108254
-10.510766083216314
-10.51211613804068
-10.513886010040384
-10.516427443457898
-10.519814008460685
-10.524273144139928
-10.53006259260842
-10.538056568572655
-10.548586488650576
-10.562015994789318
-10.565544410818024
-10.594564139790172
-10.633948705911507
-10.681587483177275
-10.737493710428573
-10.425415046581373
-10.425535146053596
-10.425657346895747
-10.425782429162266
-10.425911453047433
-10.426045859434046
-10.426187606491245
-10.426339355212189
-10.426504721362846
-10.426699088076964
-10.426964303148917
-10.42733684645954
-10.427836219102238
-10.428498983977553
-10.429385375481687
-10.430642669192485
-10.432322682996364
-10.434543334641017
-10.437441787682879
-10.441551388779429
-10.431188591611683
-10.440730790331692
-10.453052427147403
-10.470018179889333
-10.492356866811095
-10.520593043220357
-10.555517085551502
-10.59989577488664
-10.656254991676255
-10.719515079775912
-10.790325143068953
-10.255911162716126
-10.256190355432874
-10.256473580409015
-10.25676235993081
-10.257058762550676
-10.257365598868725
-10.257686687330194
-10.258027214948942
-10.258394226620734
-10.258821754427478
-10.259404921112635
-10.260225008722928
-10.261322060597584
-10.26277375795093
-10.264709652899143
-10.267454326907318
-10.271103549266543
-10.276205600601484
-10.283378446984736
-10.29206417240025
-10.30329009237284
-10.317505585835915
-10.319951476970205
-10.35159570919177
-10.395127647794126
-10.447180749951574
-10.50614241330097
-10.573291703386406
-10.64435378264528
-10.75171307816207
-10.864447672555729
-9.991962566029018
-9.992704247639251
-9.993454771280879
-9.994217448436158
-9.99499677565373
-9.995798857439903
-9.996631979340115
-9.997507383944585
-9.998440320555563
-9.999516632719102
-10.000983078345035
-10.00304481680231
-10.005792465859445
-10.009410175624303
-10.01420904278261
-10.020978933668173
-10.029889696337758
-10.041946395873445
-10.058257961519502
-10.078537700540977
-10.104107975664439
-10.135554563584881
-10.17326948381158
-10.206227928133048
-10.277852543795257
-10.360675929773793
-10.452288985655
-10.545984732166737
-10.676675233746137
-10.800966993962136
-10.962264691419891
-9.683591411067532
-9.685127919800781
-9.686681071405557
-9.68825824151841
-9.689869448427315
-9.691528289542477
-9.693253206122254
-9.695069188317323
-9.697010068321946
-9.69925172599129
-9.70228960397426
-9.706521247119023
-9.712105414909676
-9.719369764671931
-9.728852563878176
-9.741845927637389
-9.758385124208665
-9.778935455827556
-9.803754899667155
-9.826449256764146
-9.883423716075573
-9.948693863756622
-10.020247672229841
-10.084005626400483
-10.19990316308692
-10.320774280990824
-10.441334016169
-10.595457783714465
-10.751784819238866
-10.916494688115261
-11.11646041774661
-9.48551180620683
-9.488531091362043
-9.491575262110985
-9.494658401322704
-9.497799682828663
-9.50102515469506
-9.504370133366887
-9.507882406892547
-9.511626500439041
-9.51593351789466
-9.52172521941397
-9.529695185311287
-9.540056907348967
-9.553407877113903
-9.570710854203423
-9.592857754939699
-9.620953058522359
-9.646194908275765
-9.700973952370848
-9.769332750669433
-9.84842449757104
-9.919624036755716
-10.033602321530266
-10.156462820645256
-10.285918438717042
-10.43731910752562
-10.600696239739124
-10.771129331595919
-10.97030018813517
-11.174388579507601
-11.387703309774192
-9.48551180620683
-9.488531091362043
-9.491575262110985
-9.494658401322704
-9.497799682828663
-9.50102515469506
-9.504370133366887
-9.507882406892547
-9.511626500439041
-9.51593351789466
-9.52172521941397
-9.529695185311287
-9.540056907348967
-9.553407877113903
-9.570710854203423
-9.592857754939699
-9.620953058522359
-9.646194908275765
-9.700973952370848
-9.769332750669433
-9.84842449757104
-9.919624036755716
-10.033602321530266
-10.156462820645256
-10.285918438717042
-10.43731910752562
-10.600696239739124
-10.771129331595919
-10.97030018813517
-11.174388579507601
-11.387703309774192
-9.48551180620683
-9.488531091362043
-9.491575262110985
-9.494658401322704
-9.497799682828663
-9.50102515469506
-9.504370133366887
-9.507882406892547
-9.511626500439041
-9.51593351789466
-9.52172521941397
-9.529695185311287
-9.540056907348967
-9.553407877113903
-9.570710854203423
-9.592857754939699
-9.620953058522359
-9.646194908275765
-9.700973952370848
-9.769332750669433
-9.84842449757104
-9.919624036755716
-10.033602321530266
-10.156462820645256
-10.285918438717042
-10.43731910752562
-10.600696239739124
-10.771129331595919
-10.97030018813517
-11.174388579507601
-11.387703309774192
-9.48551180620683
-9.488531091362043
-9.491575262110985
-9.494658401322704
-9.497799682828663
-9.50102515469506
-9.504370133366887
-9.507882406892547
-9.511626500439041
-9.51593351789466
-9.52172521941397
-9.529695185311287
-9.540056907348967
-9.553407877113903
-9.570710854203423
-9.592857754939699
-9.620953058522359
-9.646194908275765
-9.700973952370848
-9.769332750669433
-9.84842449757104
-9.919624036755716
-10.033602321530266
-10.156462820645256
-10.285918438717042
-10.43731910752562
-10.600696239739124
-10.771129331595919
-10.97030018813517
-11.174388579507601
-11.387703309774192
-9.48551180620683
-9.488531091362043
-9.491575262110985
-9.494658401322704
-9.497799682828663
-9.50102515469506
-9.504370133366887
-9.507882406892547
-9.511626500439041
-9.51593351789466
-9.52172521941397
-9.529695185311287
-9.540056907348967
-9.553407877113903
-9.570710854203423
-9.592857754939699
-9.620953058522359
-9.646194908275765
-9.700973952370848
-9.769332750669433
-9.84842449757104
-9.919624036755716
-10.033602321530266
-10.156462820645256
-10.285918438717042
-10.43731910752562
-10.600696239739124
-10.771129331595919
-10.97030018813517
-11.174388579507601
-11.387703309774192
-9.48551180620683
-9.488531091362043
-9.491575262110985
-9.494658401322704
-9.497799682828663
-9.50102515469506
-9.504370133366887
-9.507882406892547
-9.511626500439041
-9.51593351789466
-9.52172521941397
-9.529695185311287
-9.540056907348967
-9.553407877113903
-9.570710854203423
-9.592857754939699
-9.620953058522359
-9.646194908275765
-9.700973952370848
-9.769332750669433
-9.84842449757104
-9.919624036755716
-10.033602321530266
-10.156462820645256
-10.285918438717042
-10.43731910752562
-10.600696239739124
-10.771129331595919
-10.97030018813517
-11.174388579507601
-11.387703309774192
-9.48551180620683
-9.488531091362043
-9.491575262110985
-9.494658401322704
-9.497799682828663
-9.50102515469506
-9.504370133366887
-9.507882406892547
-9.511626500439041
-9.51593351789466
-9.52172521941397
-9.529695185311287
-9.540056907348967
-9.553407877113903
-9.570710854203423
-9.592857754939699
-9.620953058522359
-9.646194908275765
-9.700973952370848
-9.769332750669433
-9.84842449757104
-9.919624036755716
-10.033602321530266
-10.156462820645256
-10.285918438717042
-10.43731910752562
-10.600696239739124
-10.771129331595919
-10.97030018813517
-11.174388579507601
-11.387703309774192
-9.48551180620683
-9.488531091362043
-9.491575262110985
-9.494658401322704
-9.497799682828663
-9.50102515469506
-9.504370133366887
-9.507882406892547
-9.511626500439041
-9.51593351789466
-9.52172521941397
-9.529695185311287
-9.540056907348967
-9.553407877113903
-9.570710854203423
-9.592857754939699
-9.620953058522359
-9.646194908275765
-9.700973952370848
-9.769332750669433
-9.84842449757104
-9.919624036755716
-10.033602321530266
-10.156462820645256
-10.285918438717042
-10.43731910752562
-10.600696239739124
-10.771129331595919
-10.97030018813517
-11.174388579507601
-11.387703309774192
-9.48551180620683
-9.488531091362043
-9.491575262110985
-9.494658401322704
-9.497799682828663
-9.50102515469506
-9.504370133366887
-9.507882406892547
-9.511626500439041
-9.51593351789466
-9.52172521941397
-9.529695185311287
-9.540056907348967
-9.553407877113903
-9.570710854203423
-9.592857754939699
-9.620953058522359
-9.646194908275765
-9.700973952370848
-9.769332750669433
-9.84842449757104
-9.919624036755716
-10.033602321530266
-10.156462820645256
-10.285918438717042
-10.43731910752562
-10.600696239739124
-10.771129331595919
-10.97030018813517
-11.174388579507601
-11.387703309774192
-9.48551180620683
-9.488531091362043
-9.491575262110985
-9.494658401322704
-9.497799682828663
-9.50102515469506
-9.504370133366887
-9.507882406892547
-9.511626500439041
-9.51593351789466
-9.52172521941397
-9.529695185311287
-9.540056907348967
-9.553407877113903
-9.570710854203423
-9.592857754939699
-9.620953058522359
-9.646194908275765
-9.700973952370848
-9.769332750669433
-9.84842449757104
-9.919624036755716
-10.033602321530266
-10.156462820645256
-10.285918438717042
-10.43731910752562
-10.600696239739124
-10.771129331595919
-10.97030018813517
-11.174388579507601
-11.387703309774192
-9.48551180620683
-9.488531091362043
-9.491575262110985
-9.494658401322704
-9.497799682828663
-9.50102515469506
-9.504370133366887
-9.507882406892547
-9.511626500439041
-9.51593351789466
-9.52172521941397
-9.529695185311287
-9.540056907348967
-9.553407877113903
-9.570710854203423
-9.592857754939699
-9.620953058522359
-9.646194908275765
-9.700973952370848
-9.769332750669433
-9.84842449757104
-9.919624036755716
-10.033602321530266
-10.156462820645256
-10.285918438717042
-10.43731910752562
-10.600696239739124
-10.771129331595919
-10.97030018813517
-11.174388579507601
-11.387703309774192
-9.48551180620683
-9.488531091362043
-9.491575262110985
-9.494658401322704
-9.497799682828663
-9.50102515469506
-9.504370133366887
-9.507882406892547
-9.511626500439041
-9.51593351789466
-9.52172521941397
-9.529695185311287
-9.540056907348967
-9.553407877113903
-9.570710854203423
-9.592857754939699
-9.620953058522359
-9.646194908275765
-9.700973952370848
-9.769332750669433
-9.84842449757104
-9.919624036755716
-10.033602321530266
-10.156462820645256
-10.285918438717042
-10.43731910752562
-10.600696239739124
-10.771129331595919
-10.97030018813517
-11.174388579507601
-11.387703309774192
-9.48551180620683
-9.488531091362043
-9.491575262110985
-9.494658401322704
-9.497799682828663
-9.50102515469506
-9.504370133366887
-9.507882406892547
-9.511626500439041
-9.51593351789466
-9.52172521941397
-9.529695185311287
-9.540056907348967
-9.553407877113903
-9.570710854203423
-9.592857754939699
-9.620953058522359
-9.646194908275765
-9.700973952370848
-9.769332750669433
-9.84842449757104
-9.919624036755716
-10.033602321530266
-10.156462820645256
-10.285918438717042
-10.43731910752562
-10.600696239739124
-10.771129331595919
-10.97030018813517
-11.174388579507601
-11.387703309774192
-9.48551180620683
-9.488531091362043
-9.491575262110985
-9.494658401322704
-9.497799682828663
-9.50102515469506
-9.504370133366887
-9.507882406892547
-9.511626500439041
-9.51593351789466
-9.52172521941397
-9.529695185311287
-9.540056907348967
-9.553407877113903
-9.570710854203423
-9.592857754939699
-9.620953058522359
-9.646194908275765
-9.700973952370848
-9.769332750669433
-9.84842449757104
-9.919624036755716
-10.033602321530266
-10.156462820645256
-10.285918438717042
-10.43731910752562
-10.600696239739124
-10.771129331595919
-10.97030018813517
-11.174388579507601
-11.387703309774192
-9.48551180620683
-9.488531091362043
-9.491575262110985
-9.494658401322704
-9.497799682828663
-9.50102515469506
-9.504370133366887
-9.507882406892547
-9.511626500439041
-9.51593351789466
-9.52172521941397
-9.529695185311287
-9.540056907348967
-9.553407877113903
-9.570710854203423
-9.592857754939699
-9.620953058522359
-9.646194908275765
-9.700973952370848
-9.769332750669433
-9.84842449757104
-9.919624036755716
-10.033602321530266
-10.156462820645256
-10.285918438717042
-10.43731910752562
-10.600696239739124
-10.771129331595919
-10.97030018813517
-11.174388579507601
-11.387703309774192
-9.48551180620683
-9.488531091362043
-9.491575262110985
-9.494658401322704
-9.497799682828663
-9.50102515469506
-9.504370133366887
-9.507882406892547
-9.511626500439041
-9.51593351789466
-9.52172521941397
-9.529695185311287
-9.540056907348967
-9.553407877113903
-9.570710854203423
-9.592857754939699
-9.620953058522359
-9.646194908275765
-9.700973952370848
-9.769332750669433
-9.84842449757104
-9.919624036755716
-10.033602321530266
-10.156462820645256
-10.285918438717042
-10.43731910752562
-10.600696239739124
-10.771129331595919
-10.97030018813517
-11.174388579507601
-11.387703309774192
-10.193814084641303
-10.193827480554031
-10.19384207550822
-10.193858300493025
-10.193876741332677
-10.193898194297347
-10.193923741675068
-10.193954854459156
-10.193993531861212
-10.194043420252642
-10.194111337998544
-10.194204759561906
-10.194331178452167
-10.194501679539282
-10.19473228975125
-10.195050832742638
-10.195481838142902
-10.196063003921507
-10.196843457407226
-10.197924496764445
-10.199384573141653
-10.201348491532562
-10.203976838392519
-10.207572276399606
-10.212415168384954
-10.218866277978398
-10.22808361920275
-10.244687121385784
-10.260333657917906
-10.279227084614645
-10.303121426619743
-9.920673028490226
-9.920682149867787
-9.920691688843013
-9.920701795771095
-9.920712675031028
-9.92072460443504
-9.920737961609827
-9.92075325985263
-9.920771196862695
-9.92079345608191
-9.920823799234906
-9.920865922516443
-9.920922744297965
-9.92099894843149
-9.921101671284282
-9.92124540823653
-9.921439388965592
-9.92169967266571
-9.922046543861699
-9.922535089041487
-9.923193772219502
-9.924076418657501
-9.925250436936233
-9.926876446960181
-9.929073570395847
-9.931995299147726
-9.936232522248103
-9.944285020102457
-9.951450643161083
-9.9479599872747
-9.962666422351592
-9.790355597643403
-9.79036805928958
-9.790380827758742
-9.79039401334923
-9.790407765989968
-9.790422289478913
-9.7904378608363
-9.790454856609326
-9.790473788623917
-9.7904964258187
-9.79052732484599
-9.790570612737243
-9.790628826498065
-9.790706464359895
-9.790810771406214
-9.790958623514134
-9.791157673780864
-9.791423496361706
-9.791775059848872
-9.79227874111269
-9.792956950519793
-9.793862787061741
-9.795060667493525
-9.796743111872525
-9.79902824402045
-9.802068919282984
-9.80642355543816
-9.81470495616341
-9.822632341233643
-9.832286759942441
-9.844677355821824
-9.782443097748239
-9.782454937180479
-9.782467050665552
-9.782479536785488
-9.782492529543854
-9.78250621109236
-9.782520829029288
-9.782536719911679
-9.782554341212265
-9.782575338721848
-9.78260400282059
-9.782644193201348
-9.782698224515844
-9.782770244495685
-9.782866969537258
-9.783004230308967
-9.783188963376064
-9.783435529499137
-9.783761351020601
-9.784228772616975
-9.784857887290462
-9.78569757005394
-9.78680686873193
-9.788365564011654
-9.790481211253457
-9.79329256362074
-9.797039869565262
-9.802509574680636
-9.809407829993962
-9.818292826294078
-9.829681776240378
-9.86706612321564
-9.867074516988
-9.867083175153182
-9.867092193024664
-9.867101700164406
-9.867111872688424
-9.867122949993242
-9.867135257490869
-9.867149237509805
-9.867166198552406
-9.867189337000784
-9.867221634423682
-9.867265118042637
-9.867323234051495
-9.867401408870492
-9.867511633415317
-9.867660136172864
-9.867858773435112
-9.86812219577861
-9.868496801488298
-9.869001082270493
-9.869674843575151
-9.87056688648861
-9.873758353619156
-9.859556068407294
-9.862587420412368
-9.866573478491647
-9.872041558859276
-9.879479004951177
-9.889228641645298
-9.901825022802639
-10.046041489706843
-10.046051796523233
-10.046062357019606
-10.046073262580219
-10.04608463742571
-10.046096650411302
-10.046109531063564
-10.046123591377976
-10.046139255445897
-10.046157986893089
-10.046183553949868
-10.046219369589913
-10.046267532686873
-10.046331763452326
-10.046418051916923
-10.046540340518565
-10.046704948122574
-10.046924730402232
-10.047215337749451
-10.04763144813582
-10.048191409111409
-10.048938752007082
-10.049926168248872
-10.051310582882056
-10.053186724092466
-10.0556762322156
-10.058941742323732
-10.063382124537984
-10.069351097778004
-10.079220750986112
-10.0767122026713
-10.262997069584026
-10.263010148617322
-10.263023487500217
-10.263037179773168
-10.263051352587341
-10.26306617878081
-10.263081893293158
-10.263098815476484
-10.26311737942006
-10.26313931728641
-10.263169273749716
-10.263211362580495
-10.263267905582603
-10.263343175897756
-10.263444185050322
-10.263587938879862
-10.263781289678878
-10.264039054514603
-10.264379036383957
-10.264868568085422
-10.265527072847716
-10.26640502403913
-10.267562819309806
-10.269193640567602
-10.271407598507748
-10.274346243706214
-10.278200325258462
-10.283469462625478
-10.290599883466935
-10.300260288295773
-10.312921399870815
-10.152457732374208
-10.152485438958594
-10.152513615681535
-10.152542431756263
-10.152572117190292
-10.152602984625052
-10.152635459019297
-10.15267011799182
-10.15270774664819
-10.152751851840716
-10.152812092361508
-10.152896895321815
-10.153010729201803
-10.15316205246581
-10.153364927590713
-10.153654395101794
-10.154043356461255
-10.154561069758342
-10.155242309430253
-10.156225810545916
-10.157546487743701
-10.159302748946498
-10.161610739307845
-10.164859694830216
-10.169253537772072
-10.17505049484391
-10.182596004336357
-10.192831486620255
-10.206518650448174
-10.224042416158195
-10.246413010949565
-10.165624600357143
-10.165660271234408
-10.165696663733293
-10.165734039220581
-10.165772752962527
-10.16581328785383
-10.165856300257738
-10.165902682302114
-10.165953646531953
-10.166013946456557
-10.166096266506646
-10.166211851562927
-10.166367087543879
-10.16657367887546
-10.166850771687022
-10.16724450740906
-10.167773420940746
-10.168477456277984
-10.169404411272849
-10.170733222149874
-10.1725125063307
-10.174870929352146
-10.177959207102626
-10.182253867663464
-10.187988297015952
-10.197505896979322
-10.192651921060543
-10.210083604980726
-10.232593751751775
-10.262165461778347
-10.299179074716879
-10.157029522756513
-10.157104915973521
-10.157181468308542
-10.157259598156438
-10.157339874181886
-10.157423069275772
-10.157510233873792
-10.157602795575606
-10.157702694481054
-10.157819229029517
-10.157978391444782
-10.158202642368877
-10.158503421662202
-10.158902767529506
-10.159437580125399
-10.160201087677978
-10.16122528350805
-10.162585285896954
-10.164369400026322
-10.166940952382317
-10.17037742685183
-10.174918350083749
-10.180839019541688
-10.189090620419652
-10.200085877268718
-10.214317354516313
-10.232762581301474
-10.25919499028449
-10.289440178433841
-10.324932338262807
-10.3636483252577
-10.112358722477763
-10.112479183474255
-10.112601575939083
-10.112726605213414
-10.112855229906334
-10.112988752792718
-10.113128944301675
-10.113278210252767
-10.113439819643467
-10.113628804319879
-10.113886802230876
-10.11424985884479
-10.114736580756746
-10.115382501496995
-10.116246768363336
-10.11747702185926
-10.119123647475092
-10.121304267913173
-10.124156191669941
-10.128233962697227
-10.133639101413447
-10.14070837345093
-10.149811598782183
-10.162212984355198
-10.17825878392993
-10.198252846872553
-10.213377928765004
-10.258337732459124
-10.311576974110753
-10.372892497741903
-10.441474396758494
-9.998802127115026
-9.999027245216311
-9.999255840487743
-9.999489206831143
-9.999729102504899
-9.999977916609277
-10.000238895151448
-10.000516447918796
-10.000816564873833
-10.001167098430306
-10.001645322283023
-10.002317672120556
-10.003217733044554
-10.00440998626515
-10.00600162894002
-10.008259185023952
-10.011266382611828
-10.015224758046772
-10.020364577099537
-10.0276194514636
-10.037082530818049
-10.04920694436316
-10.064429996659973
-10.068885985631258
-10.102497405317173
-10.144093725907068
-10.194766870651055
-10.25918979266701
-10.33061990397102
-10.407294727315657
-10.513880563126238
-9.783337859619168
-9.78387659741929
-9.784422507777812
-9.784978260659305
-9.785547482382764
-9.786135097442745
-9.786747792036996
-9.787394642239498
-9.788087964572899
-9.78889179470175
-9.789987691912971
-9.791528801033838
-9.793586793270261
-9.796303707162812
-9.799917928963229
-9.805031478082508
-9.811799296762244
-9.820844979868346
-9.83286360283199
-9.849906328695713
-9.870488124124774
-9.89567819513166
-9.926355912026473
-9.966055692694333
-10.009345237865489
-10.080147290999621
-10.158939817321908
-10.233204309268086
-10.350737608391858
-10.473147784356884
-10.60194883732035
-9.500268983127057
-9.501370880383789
-9.502486358355073
-9.503621278890474
-9.504783604940464
-9.505984147626537
-9.507237576675353
-9.508563785162464
-9.509989729311314
-9.51164560495688
-9.513893283007219
-9.517029949080495
-9.52118553631243
-9.526618376826445
-9.533750988877001
-9.543601566662922
-9.55628150772245
-9.573068376650767
-9.59495189804446
-9.613086271205319
-9.657100449465148
-9.709192581379673
-9.769844594751737
-9.842395282263624
-9.918039295418245
-10.026290453268356
-10.12407695492475
-10.266496265498454
-10.398604191587578
-10.567361540545383
-10.730722637499753
-9.13997683208162
-9.142513302557129
-9.145070826067155
-9.147663089152754
-9.150308759150832
-9.153033235003928
-9.155871000277335
-9.158868774951845
-9.162089717781543
-9.165819090535773
-9.170826562821844
-9.177692167418757
-9.186600521597867
-9.197943220672954
-9.212307337210323
-9.213399858537127
-9.249682903797487
-9.294052854857878
-9.344121327305924
-9.404792461712727
-9.474120308287361
-9.547861338186873
-9.650945231363293
-9.746885316225221
-9.88882096160434
-10.01563986146208
-10.180814192992624
-10.341549149444536
-10.513048167712702
-10.716585390150591
-10.916590394262313
-8.876673884091552
-8.882610949971737
-8.888583384580507
-8.894617665917787
-8.90075013229379
-8.907030366189801
-8.913525683370755
-8.920327046901175
-8.927556783514206
-8.935826025027799
-8.946799607593086
-8.961595397720144
-8.980364071413367
-9.004414769546573
-9.035489270621367
-9.057422889239541
-9.117285954700616
-9.187123799942642
-9.26452716040228
-9.336210156000053
-9.453675331394901
-9.570176379614752
-9.697337538366632
-9.831651259758575
-10.006319519045437
-10.171645891232101
-10.347254403352071
-10.555099873430787
-10.761038502191525
-10.975721595643684
-11.200684621703894
-8.876673884091552
-8.882610949971737
-8.888583384580507
-8.894617665917787
-8.90075013229379
-8.907030366189801
-8.913525683370755
-8.920327046901175
-8.927556783514206
-8.935826025027799
-8.946799607593086
-8.961595397720144
-8.980364071413367
-9.004414769546573
-9.035489270621367
-9.057422889239541
-9.117285954700616
-9.187123799942642
-9.26452716040228
-9.336210156000053
-9.453675331394901
-9.570176379614752
-9.697337538366632
-9.831651259758575
-10.006319519045437
-10.171645891232101
-10.347254403352071
-10.555099873430787
-10.761038502191525
-10.975721595643684
-11.200684621703894
-8.876673884091552
-8.882610949971737
-8.888583384580507
-8.894617665917787
-8.90075013229379
-8.907030366189801
-8.913525683370755
-8.920327046901175
-8.927556783514206
-8.935826025027799
-8.946799607593086
-8.961595397720144
-8.980364071413367
-9.004414769546573
-9.035489270621367
-9.057422889239541
-9.117285954700616
-9.187123799942642
-9.26452716040228
-9.336210156000053
-9.453675331394901
-9.570176379614752
-9.697337538366632
-9.831651259758575
-10.006319519045437
-10.171645891232101
-10.347254403352071
-10.555099873430787
-10.761038502191525
-10.975721595643684
-11.200684621703894
-8.876673884091552
-8.882610949971737
-8.888583384580507
-8.894617665917787
-8.90075013229379
-8.907030366189801
-8.913525683370755
-8.920327046901175
-8.927556783514206
-8.935826025027799
-8.946799607593086
-8.961595397720144
-8.980364071413367
-9.004414769546573
-9.035489270621367
-9.057422889239541
-9.117285954700616
-9.187123799942642
-9.26452716040228
-9.336210156000053
-9.453675331394901
-9.570176379614752
-9.697337538366632
-9.831651259758575
-10.006319519045437
-10.171645891232101
-10.347254403352071
-10.555099873430787
-10.761038502191525
-10.975721595643684
-11.200684621703894
-8.876673884091552
-8.882610949971737
-8.888583384580507
-8.894617665917787
-8.90075013229379
-8.907030366189801
-8.913525683370755
-8.920327046901175
-8.927556783514206
-8.935826025027799
-8.946799607593086
-8.961595397720144
-8.980364071413367
-9.004414769546573
-9.035489270621367
-9.057422889239541
-9.117285954700616
-9.187123799942642
-9.26452716040228
-9.336210156000053
-9.453675331394901
-9.570176379614752
-9.697337538366632
-9.831651259758575
-10.006319519045437
-10.171645891232101
-10.347254403352071
-10.555099873430787
-10.761038502191525
-10.975721595643684
-11.200684621703894
-8.876673884091552
-8.882610949971737
-8.888583384580507
-8.894617665917787
-8.90075013229379
-8.907030366189801
-8.913525683370755
-8.920327046901175
-8.927556783514206
-8.935826025027799
-8.946799607593086
-8.961595397720144
-8.980364071413367
-9.004414769546573
-9.035489270621367
-9.057422889239541
-9.117285954700616
-9.187123799942642
-9.26452716040228
-9.336210156000053
-9.453675331394901
-9.570176379614752
-9.697337538366632
-9.831651259758575
-10.006319519045437
-10.171645891232101
-10.347254403352071
-10.555099873430787
-10.761038502191525
-10.975721595643684
-11.200684621703894
-8.876673884091552
-8.882610949971737
-8.888583384580507
-8.894617665917787
-8.90075013229379
-8.907030366189801
-8.913525683370755
-8.920327046901175
-8.927556783514206
-8.935826025027799
-8.946799607593086
-8.961595397720144
-8.980364071413367
-9.004414769546573
-9.035489270621367
-9.057422889239541
-9.117285954700616
-9.187123799942642
-9.26452716040228
-9.336210156000053
-9.453675331394901
-9.570176379614752
-9.697337538366632
-9.831651259758575
-10.006319519045437
-10.171645891232101
-10.347254403352071
-10.555099873430787
-10.761038502191525
-10.975721595643684
-11.200684621703894
-8.876673884091552
-8.882610949971737
-8.888583384580507
-8.894617665917787
-8.90075013229379
-8.907030366189801
-8.913525683370755
-8.920327046901175
-8.927556783514206
-8.935826025027799
-8.946799607593086
-8.961595397720144
-8.980364071413367
-9.004414769546573
-9.035489270621367
-9.057422889239541
-9.117285954700616
-9.187123799942642
-9.26452716040228
-9.336210156000053
-9.453675331394901
-9.570176379614752
-9.697337538366632
-9.831651259758575
-10.006319519045437
-10.171645891232101
-10.347254403352071
-10.555099873430787
-10.761038502191525
-10.975721595643684
-11.200684621703894
-8.876673884091552
-8.882610949971737
-8.888583384580507
-8.894617665917787
-8.90075013229379
-8.907030366189801
-8.913525683370755
-8.920327046901175
-8.927556783514206
-8.935826025027799
-8.946799607593086
-8.961595397720144
-8.980364071413367
-9.004414769546573
-9.035489270621367
-9.057422889239541
-9.117285954700616
-9.187123799942642
-9.26452716040228
-9.336210156000053
-9.453675331394901
-9.570176379614752
-9.697337538366632
-9.831651259758575
-10.006319519045437
-10.171645891232101
-10.347254403352071
-10.555099873430787
-10.761038502191525
-10.975721595643684
-11.200684621703894
-8.876673884091552
-8.882610949971737
-8.888583384580507
-8.894617665917787
-8.90075013229379
-8.907030366189801
-8.913525683370755
-8.920327046901175
-8.927556783514206
-8.935826025027799
-8.946799607593086
-8.961595397720144
-8.980364071413367
-9.004414769546573
-9.035489270621367
-9.057422889239541
-9.117285954700616
-9.187123799942642
-9.26452716040228
-9.336210156000053
-9.453675331394901
-9.570176379614752
-9.697337538366632
-9.831651259758575
-10.006319519045437
-10.171645891232101
-10.347254403352071
-10.555099873430787
-10.761038502191525
-10.975721595643684
-11.200684621703894
-8.876673884091552
-8.882610949971737
-8.888583384580507
-8.894617665917787
-8.90075013229379
-8.907030366189801
-8.913525683370755
-8.920327046901175
-8.927556783514206
-8.935826025027799
-8.946799607593086
-8.961595397720144
-8.980364071413367
-9.004414769546573
-9.035489270621367
-9.057422889239541
-9.117285954700616
-9.187123799942642
-9.26452716040228
-9.336210156000053
-9.453675331394901
-9.570176379614752
-9.697337538366632
-9.831651259758575
-10.006319519045437
-10.171645891232101
-10.347254403352071
-10.555099873430787
-10.761038502191525
-10.975721595643684
-11.200684621703894
-8.876673884091552
-8.882610949971737
-8.888583384580507
-8.894617665917787
-8.90075013229379
-8.907030366189801
-8.913525683370755
-8.920327046901175
-8.927556783514206
-8.935826025027799
-8.946799607593086
-8.961595397720144
-8.980364071413367
-9.004414769546573
-9.035489270621367
-9.057422889239541
-9.117285954700616
-9.187123799942642
-9.26452716040228
-9.336210156000053
-9.453675331394901
-9.570176379614752
-9.697337538366632
-9.831651259758575
-10.006319519045437
-10.171645891232101
-10.347254403352071
-10.555099873430787
-10.761038502191525
-10.975721595643684
-11.200684621703894
-8.876673884091552
-8.882610949971737
-8.888583384580507
-8.894617665917787
-8.90075013229379
-8.907030366189801
-8.913525683370755
-8.920327046901175
-8.927556783514206
-8.935826025027799
-8.946799607593086
-8.961595397720144
-8.980364071413367
-9.004414769546573
-9.035489270621367
-9.057422889239541
-9.117285954700616
-9.187123799942642
-9.26452716040228
-9.336210156000053
-9.453675331394901
-9.570176379614752
-9.697337538366632
-9.831651259758575
-10.006319519045437
-10.171645891232101
-10.347254403352071
-10.555099873430787
-10.761038502191525
-10.975721595643684
-11.200684621703894
-8.876673884091552
-8.882610949971737
-8.888583384580507
-8.894617665917787
-8.90075013229379
-8.907030366189801
-8.913525683370755
-8.920327046901175
-8.927556783514206
-8.935826025027799
-8.946799607593086
-8.961595397720144
-8.980364071413367
-9.004414769546573
-9.035489270621367
-9.057422889239541
-9.117285954700616
-9.187123799942642
-9.26452716040228
-9.336210156000053
-9.453675331394901
-9.570176379614752
-9.697337538366632
-9.831651259758575
-10.006319519045437
-10.171645891232101
-10.347254403352071
-10.555099873430787
-10.761038502191525
-10.975721595643684
-11.200684621703894
-8.876673884091552
-8.882610949971737
-8.888583384580507
-8.894617665917787
-8.90075013229379
-8.907030366189801
-8.913525683370755
-8.920327046901175
-8.927556783514206
-8.935826025027799
-8.946799607593086
-8.961595397720144
-8.980364071413367
-9.004414769546573
-9.035489270621367
-9.057422889239541
-9.117285954700616
-9.187123799942642
-9.26452716040228
-9.336210156000053
-9.453675331394901
-9.570176379614752
-9.697337538366632
-9.831651259758575
-10.006319519045437
-10.171645891232101
-10.347254403352071
-10.555099873430787
-10.761038502191525
-10.975721595643684
-11.200684621703894
-8.876673884091552
-8.882610949971737
-8.888583384580507
-8.894617665917787
-8.90075013229379
-8.907030366189801
-8.913525683370755
-8.920327046901175
-8.927556783514206
-8.935826025027799
-8.946799607593086
-8.961595397720144
-8.980364071413367
-9.004414769546573
-9.035489270621367
-9.057422889239541
-9.117285954700616
-9.187123799942642
-9.26452716040228
-9.336210156000053
-9.453675331394901
-9.570176379614752
-9.697337538366632
-9.831651259758575
-10.006319519045437
-10.171645891232101
-10.347254403352071
-10.555099873430787
-10.761038502191525
-10.975721595643684
-11.200684621703894
-10.048285146276152
-10.048300987267371
-10.048318586132353
-10.048338575093434
-10.048361813479978
-10.048389469278705
-10.048423129941007
-10.048464952921172
-10.048517870150238
-10.04858687568556
-10.048680778607832
-10.048809597670557
-10.048984047131784
-10.049219655687871
-10.049538549041754
-10.049977286366277
-10.05057107261682
-10.051372341886394
-10.052449844704162
-10.05393343902002
-10.055934985085804
-10.058624488312695
-10.06222074728417
-10.067102280139833
-10.073635351163375
-10.082281741610602
-10.093773929562198
-10.109753143667843
-10.118006976004354
-10.145994270845883
-10.180893320636345
-9.75074453045345
-9.750762659418191
-9.750781418201328
-9.750801033213621
-9.750821812207873
-9.750844173498443
-9.750868685673622
-9.750896121565912
-9.750927531594062
-9.750965857078963
-9.751018130756504
-9.751090994768845
-9.751189142005975
-9.751320428457417
-9.751497119749247
-9.75174576739509
-9.752080896875599
-9.752529498173043
-9.75312509856349
-9.753970031757852
-9.755107803926306
-9.756628878896937
-9.758644629285985
-9.761449856275568
-9.76524140073363
-9.770271554680303
-9.777071968236966
-9.787552826395608
-9.799709481205591
-9.815002456182857
-9.834361624825577
-9.629831633005441
-9.629848506163988
-9.629865824216845
-9.629883747276406
-9.629902492981003
-9.629922357161073
-9.62994374192796
-9.629967193849872
-9.629993455834823
-9.6300249824411
-9.63006800677904
-9.630128216757814
-9.630209206030283
-9.630317270391549
-9.630462484395384
-9.630667971127869
-9.630944587967905
-9.631314021527892
-9.6318027637621
-9.632500966390193
-9.633440081005627
-9.63469288085394
-9.636347537116912
-9.638660495775003
-9.641786864925614
-9.645924387117455
-9.651439395021297
-9.659570081294943
-9.669447015431775
-9.681912187693237
-9.697560527558997
-9.600686399106449
-9.600701515853316
-9.600717035086365
-9.60073310187831
-9.600749913425975
-9.600767737776613
-9.600786939280539
-9.600808013184961
-9.60083163264973
-9.60086000540343
-9.600898723849838
-9.600952897037125
-9.60102576681165
-9.601123001554898
-9.60125366124697
-9.601438484504076
-9.601687256413955
-9.602019464654013
-9.602458919451358
-9.60308621329818
-9.60392950247785
-9.605053745951272
-9.6065375254009
-9.608607812031195
-9.611400123968654
-9.615085894041172
-9.619904470692784
-9.626469508086414
-9.635017198030303
-9.645834495137612
-9.645517188738161
-9.651479173208871
-9.65149781008129
-9.651516843485274
-9.651536416040575
-9.6515567216085
-9.651578023700763
-9.651600680500525
-9.651625178869443
-9.65165218056587
-9.651684205846053
-9.651727930404174
-9.651789306121303
-9.651871782353403
-9.65198163224691
-9.652129088290941
-9.652338657524112
-9.652620571456886
-9.652996534391335
-9.653492720395382
-9.654205771103925
-9.655164758736145
-9.656443204902082
-9.658273366738023
-9.66297630203322
-9.666771813022038
-9.671027128064093
-9.676590504211674
-9.684150074343147
-9.694294007614003
-9.70737597874199
-9.723937201899924
-9.804977626706863
-9.804997512347738
-9.805017781586823
-9.805038572348787
-9.805060072113017
-9.805082535716569
-9.805106309551695
-9.805131864453791
-9.80515984039886
-9.805192846895567
-9.8052379194564
-9.805301269938619
-9.805386360948816
-9.805499600260235
-9.805651529160908
-9.805867848948646
-9.806158726876369
-9.806546355353523
-9.80705734233526
-9.807793348452886
-9.808782843319
-9.81010105555446
-9.811837749027521
-9.814282366507536
-9.817596225031632
-9.821985924410821
-9.827729682367215
-9.835560380749444
-9.846113988622463
-9.859902196095701
-9.877487401136433
-10.008073114173907
-10.00808837820724
-10.008104029821489
-10.008120208929652
-10.008137105716756
-10.00815497870147
-10.008174179285593
-10.0081951851208
-10.008218645457372
-10.008246752508436
-10.008285111353386
-10.008338815140283
-10.008411035325794
-10.008507360877998
-10.008636760648347
-10.008819954910578
-10.009066463982757
-10.009395491885325
-10.009830424081931
-10.010451822018696
-10.011286781022083
-10.012399095339022
-10.01386558328563
-10.017851574445517
-10.00496104458055
-10.009771545811073
-10.016066227061557
-10.02466409333709
-10.036278839535543
-10.051507910776051
-10.071083671255423
-9.878678472428486
-9.87871630165986
-9.878754834692781
-9.878794325460126
-9.87883511911897
-9.878877684817297
-9.878922660225838
-9.878970912055923
-9.879023618295182
-9.879085692668133
-9.879170454812364
-9.879289619206055
-9.879449619411938
-9.879662431837955
-9.87994780288987
-9.880354114192807
-9.880899982219193
-9.881626532036373
-9.882582798604462
-9.883958325356932
-9.885802576900364
-9.888250720767653
-9.891461539818343
-9.895953068239375
-9.903798584332158
-9.913010217284224
-9.923141834654277
-9.936581585955471
-9.953987400015178
-9.975394095267216
-9.993577462839054
-9.853519619676772
-9.853567403603932
-9.8536163026989
-9.853666723716625
-9.853719219530827
-9.85377454161021
-9.853833711329756
-9.853898116868265
-9.853969644855407
-9.85405497050794
-9.854171397963356
-9.854334487555496
-9.854553596324545
-9.855357038662365
-9.84319922851487
-9.84459108789675
-9.84573797695648
-9.84702444440782
-9.848748748041036
-9.851233147403212
-9.854555362167583
-9.858949621876505
-9.864687447951896
-9.872691633347461
-9.883378320187985
-9.897254515290586
-9.915001947049252
-9.938581267640863
-9.968781607566578
-10.006084285628814
-10.050504959228517
-9.814900443400628
-9.81501536442125
-9.815132114267845
-9.815251354912673
-9.815373986006941
-9.815501230182164
-9.815634748936743
-9.81577680004979
-9.815930451358192
-9.816109998606324
-9.816355164225879
-9.816700335932735
-9.817163213877556
-9.817777684287545
-9.818600273281563
-9.821711712822742
-9.823987628981216
-9.825993425500325
-9.82872374426384
-9.832641265656047
-9.837852240116954
-9.845313112253088
-9.855690386659955
-9.867886159281523
-9.883812523986611
-9.90392391876293
-9.928827209272216
-9.96054904734032
-9.989044526212277
-10.04718877624647
-10.115450529066965
-9.7359957391689
-9.736191307758157
-9.736390006130309
-9.73659298231874
-9.73680179635969
-9.737018568031301
-9.737246177483373
-9.737488537619322
-9.73775096375598
-9.738057834251057
-9.738476619078602
-9.739065585671284
-9.739854632413692
-9.740900882798206
-9.742299272173243
-9.744285927943684
-9.746938742641916
-9.75044152126381
-9.755006642486276
-9.761491921671269
-9.770021760873938
-9.781385287966717
-9.796193408069664
-9.814920062679752
-9.839995264552059
-9.858965642949498
-9.904269049252965
-9.961151462863539
-10.027387716787567
-10.10084547156214
-10.184518675571653
-9.587528545983817
-9.587926110052132
-9.5883295226894
-9.588740959551172
-9.589163376166576
-9.589600787011676
-9.590058644137077
-9.590544350600883
-9.591067956218229
-9.591677907565458
-9.592509583873687
-9.593678317024603
-9.595240544516232
-9.597305887606376
-9.600056958584503
-9.603948368274217
-9.609108931956756
-9.615863749485927
-9.624576845716502
-9.636749311487728
-9.652415597486467
-9.672189584174212
-9.696543462713407
-9.727219881094205
-9.756851918796412
-9.816899785018125
-9.887837883883842
-9.96545856751064
-10.049225632563097
-10.162345665400354
-10.268271585422271
-9.35115819662477
-9.351800711034302
-9.352453439916951
-9.353120984418219
-9.353809598764608
-9.354527780272363
-9.355287068543593
-9.356103126841829
-9.356997203111257
-9.358051326847901
-9.359481367530774
-9.361469439097947
-9.36410670343524
-9.370207593416099
-9.355936800557503
-9.36485503288878
-9.376560374330781
-9.391693481176214
-9.410940233365357
-9.437710282737735
-9.471823699349613
-9.513838490119927
-9.56339770979265
-9.619480288158892
-9.68219915427252
-9.774514841114305
-9.871596551760808
-9.978348800376036
-10.109196904983797
-10.245363263440703
-10.387665568356123
-9.004123457367259
-9.006390444797802
-9.00868578479331
-9.011020352430887
-9.013408888283129
-9.01587135518589
-9.018434763453133
-9.02113561985617
-9.024023201800922
-9.027356652654984
-9.03186917891689
-9.038143746792487
-9.046407696763893
-9.057136332255473
-9.071112650291193
-9.090208864700982
-9.114485196104212
-9.144928216681834
-9.182274236044364
-9.230744051199073
-9.268260469435846
-9.346489954589806
-9.433473571036341
-9.525331418604411
-9.632264806734563
-9.758159929715806
-9.890006466918976
-10.028074769592322
-10.202116806841573
-10.370592737114105
-10.548406399076518
-8.619381561182694
-8.6235980453624
-8.627811990101911
-8.63204710863761
-8.636336467876667
-8.640725771445004
-8.645277742150153
-8.650077934927218
-8.655242379275522
-8.661796036165107
-8.653991681646746
-8.670124509016674
-8.690001719516905
-8.715037116944282
-8.746445096792261
-8.786903190519983
-8.83569541267691
-8.891922681485426
-8.944279590614926
-9.036464693660333
-9.13618373051726
-9.235213988897181
-9.364812237301875
-9.49104902234108
-9.645399050845446
-9.803730252038502
-9.967659405511025
-10.143863173165029
-10.348669263096124
-10.55046382694976
-10.761206075016702
-8.276849933107966
-8.290021752167863
-8.283575687032704
-8.3012326965044
-8.318905699547074
-8.336646080011793
-8.35453129918033
-8.372674071157746
-8.391234198915349
-8.410387653942689
-8.430297521438188
-8.455816060519485
-8.48652823240338
-8.504924949684723
-8.56519114972367
-8.64035496332073
-8.71925561221131
-8.791405073697003
-8.906772122101037
-9.00568107893168
-9.152090582792749
-9.28369803506946
-9.448974490541557
-9.61261165054603
-9.784140535515867
-9.965625463092287
-10.175296859140717
-10.381340702617413
-10.596276572534347
-10.820659481930054
-11.054843589116029
-8.276849933107966
-8.290021752167863
-8.283575687032704
-8.3012326965044
-8.318905699547074
-8.336646080011793
-8.35453129918033
-8.372674071157746
-8.391234198915349
-8.410387653942689
-8.430297521438188
-8.455816060519485
-8.48652823240338
-8.504924949684723
-8.56519114972367
-8.64035496332073
-8.71925561221131
-8.791405073697003
-8.906772122101037
-9.00568107893168
-9.152090582792749
-9.28369803506946
-9.448974490541557
-9.61261165054603
-9.784140535515867
-9.965625463092287
-10.175296859140717
-10.381340702617413
-10.596276572534347
-10.820659481930054
-11.054843589116029
-8.276849933107966
-8.290021752167863
-8.283575687032704
-8.3012326965044
-8.318905699547074
-8.336646080011793
-8.35453129918033
-8.372674071157746
-8.391234198915349
-8.410387653942689
-8.430297521438188
-8.455816060519485
-8.48652823240338
-8.504924949684723
-8.56519114972367
-8.64035496332073
-8.71925561221131
-8.791405073697003
-8.906772122101037
-9.00568107893168
-9.152090582792749
-9.28369803506946
-9.448974490541557
-9.61261165054603
-9.784140535515867
-9.965625463092287
-10.175296859140717
-10.381340702617413
-10.596276572534347
-10.820659481930054
-11.054843589116029
-8.276849933107966
-8.290021752167863
-8.283575687032704
-8.3012326965044
-8.318905699547074
-8.336646080011793
-8.35453129918033
-8.372674071157746
-8.391234198915349
-8.410387653942689
-8.430297521438188
-8.455816060519485
-8.48652823240338
-8.504924949684723
-8.56519114972367
-8.64035496332073
-8.71925561221131
-8.791405073697003
-8.906772122101037
-9.00568107893168
-9.152090582792749
-9.28369803506946
-9.448974490541557
-9.61261165054603
-9.784140535515867
-9.965625463092287
-10.175296859140717
-10.381340702617413
-10.596276572534347
-10.820659481930054
-11.054843589116029
-8.276849933107966
-8.290021752167863
-8.283575687032704
-8.3012326965044
-8.318905699547074
-8.336646080011793
-8.35453129918033
-8.372674071157746
-8.391234198915349
-8.410387653942689
-8.430297521438188
-8.455816060519485
-8.48652823240338
-8.504924949684723
-8.56519114972367
-8.64035496332073
-8.71925561221131
-8.791405073697003
-8.906772122101037
-9.00568107893168
-9.152090582792749
-9.28369803506946
-9.448974490541557
-9.61261165054603
-9.784140535515867
-9.965625463092287
-10.175296859140717
-10.381340702617413
-10.596276572534347
-10.820659481930054
-11.054843589116029
-8.276849933107966
-8.290021752167863
-8.283575687032704
-8.3012326965044
-8.318905699547074
-8.336646080011793
-8.35453129918033
-8.372674071157746
-8.391234198915349
-8.410387653942689
-8.430297521438188
-8.455816060519485
-8.48652823240338
-8.504924949684723
-8.56519114972367
-8.64035496332073
-8.71925561221131
-8.791405073697003
-8.906772122101037
-9.00568107893168
-9.152090582792749
-9.28369803506946
-9.448974490541557
-9.61261165054603
-9.784140535515867
-9.965625463092287
-10.175296859140717
-10.381340702617413
-10.596276572534347
-10.820659481930054
-11.054843589116029
-8.276849933107966
-8.290021752167863
-8.283575687032704
-8.3012326965044
-8.318905699547074
-8.336646080011793
-8.35453129918033
-8.372674071157746
-8.391234198915349
-8.410387653942689
-8.430297521438188
-8.455816060519485
-8.48652823240338
-8.504924949684723
-8.56519114972367
-8.64035496332073
-8.71925561221131
-8.791405073697003
-8.906772122101037
-9.00568107893168
-9.152090582792749
-9.28369803506946
-9.448974490541557
-9.61261165054603
-9.784140535515867
-9.965625463092287
-10.175296859140717
-10.381340702617413
-10.596276572534347
-10.820659481930054
-11.054843589116029
-8.276849933107966
-8.290021752167863
-8.283575687032704
-8.3012326965044
-8.318905699547074
-8.336646080011793
-8.35453129918033
-8.372674071157746
-8.391234198915349
-8.410387653942689
-8.430297521438188
-8.455816060519485
-8.48652823240338
-8.504924949684723
-8.56519114972367
-8.64035496332073
-8.71925561221131
-8.791405073697003
-8.906772122101037
-9.00568107893168
-9.152090582792749
-9.28369803506946
-9.448974490541557
-9.61261165054603
-9.784140535515867
-9.965625463092287
-10.175296859140717
-10.381340702617413
-10.596276572534347
-10.820659481930054
-11.054843589116029
-8.276849933107966
-8.290021752167863
-8.283575687032704
-8.3012326965044
-8.318905699547074
-8.336646080011793
-8.35453129918033
-8.372674071157746
-8.391234198915349
-8.410387653942689
-8.430297521438188
-8.455816060519485
-8.48652823240338
-8.504924949684723
-8.56519114972367
-8.64035496332073
-8.71925561221131
-8.791405073697003
-8.906772122101037
-9.00568107893168
-9.152090582792749
-9.28369803506946
-9.448974490541557
-9.61261165054603
-9.784140535515867
-9.965625463092287
-10.175296859140717
-10.381340702617413
-10.596276572534347
-10.820659481930054
-11.054843589116029
-8.276849933107966
-8.290021752167863
-8.283575687032704
-8.3012326965044
-8.318905699547074
-8.336646080011793
-8.35453129918033
-8.372674071157746
-8.391234198915349
-8.410387653942689
-8.430297521438188
-8.455816060519485
-8.48652823240338
-8.504924949684723
-8.56519114972367
-8.64035496332073
-8.71925561221131
-8.791405073697003
-8.906772122101037
-9.00568107893168
-9.152090582792749
-9.28369803506946
-9.448974490541557
-9.61261165054603
-9.784140535515867
-9.965625463092287
-10.175296859140717
-10.381340702617413
-10.596276572534347
-10.820659481930054
-11.054843589116029
-8.276849933107966
-8.290021752167863
-8.283575687032704
-8.3012326965044
-8.318905699547074
-8.336646080011793
-8.35453129918033
-8.372674071157746
-8.391234198915349
-8.410387653942689
-8.430297521438188
-8.455816060519485
-8.48652823240338
-8.504924949684723
-8.56519114972367
-8.64035496332073
-8.71925561221131
-8.791405073697003
-8.906772122101037
-9.00568107893168
-9.152090582792749
-9.28369803506946
-9.448974490541557
-9.61261165054603
-9.784140535515867
-9.965625463092287
-10.175296859140717
-10.381340702617413
-10.596276572534347
-10.820659481930054
-11.054843589116029
-8.276849933107966
-8.290021752167863
-8.283575687032704
-8.3012326965044
-8.318905699547074
-8.336646080011793
-8.35453129918033
-8.372674071157746
-8.391234198915349
-8.410387653942689
-8.430297521438188
-8.455816060519485
-8.48652823240338
-8.504924949684723
-8.56519114972367
-8.64035496332073
-8.71925561221131
-8.791405073697003
-8.906772122101037
-9.00568107893168
-9.152090582792749
-9.28369803506946
-9.448974490541557
-9.61261165054603
-9.784140535515867
-9.965625463092287
-10.175296859140717
-10.381340702617413
-10.596276572534347
-10.820659481930054
-11.054843589116029
-8.276849933107966
-8.290021752167863
-8.283575687032704
-8.3012326965044
-8.318905699547074
-8.336646080011793
-8.35453129918033
-8.372674071157746
-8.391234198915349
-8.410387653942689
-8.430297521438188
-8.455816060519485
-8.48652823240338
-8.504924949684723
-8.56519114972367
-8.64035496332073
-8.71925561221131
-8.791405073697003
-8.906772122101037
-9.00568107893168
-9.152090582792749
-9.28369803506946
-9.448974490541557
-9.61261165054603
-9.784140535515867
-9.965625463092287
-10.175296859140717
-10.381340702617413
-10.596276572534347
-10.820659481930054
-11.054843589116029
-8.276849933107966
-8.290021752167863
-8.283575687032704
-8.3012326965044
-8.318905699547074
-8.336646080011793
-8.35453129918033
-8.372674071157746
-8.391234198915349
-8.410387653942689
-8.430297521438188
-8.455816060519485
-8.48652823240338
-8.504924949684723
-8.56519114972367
-8.64035496332073
-8.71925561221131
-8.791405073697003
-8.906772122101037
-9.00568107893168
-9.152090582792749
-9.28369803506946
-9.448974490541557
-9.61261165054603
-9.784140535515867
-9.965625463092287
-10.175296859140717
-10.381340702617413
-10.596276572534347
-10.820659481930054
-11.054843589116029
-8.276849933107966
-8.290021752167863
-8.283575687032704
-8.3012326965044
-8.318905699547074
-8.336646080011793
-8.35453129918033
-8.372674071157746
-8.391234198915349
-8.410387653942689
-8.430297521438188
-8.455816060519485
-8.48652823240338
-8.504924949684723
-8.56519114972367
-8.64035496332073
-8.71925561221131
-8.791405073697003
-8.906772122101037
-9.00568107893168
-9.152090582792749
-9.28369803506946
-9.448974490541557
-9.61261165054603
-9.784140535515867
-9.965625463092287
-10.175296859140717
-10.381340702617413
-10.596276572534347
-10.820659481930054
-11.054843589116029
-8.276849933107966
-8.290021752167863
-8.283575687032704
-8.3012326965044
-8.318905699547074
-8.336646080011793
-8.35453129918033
-8.372674071157746
-8.391234198915349
-8.410387653942689
-8.430297521438188
-8.455816060519485
-8.48652823240338
-8.504924949684723
-8.56519114972367
-8.64035496332073
-8.71925561221131
-8.791405073697003
-8.906772122101037
-9.00568107893168
-9.152090582792749
-9.28369803506946
-9.448974490541557
-9.61261165054603
-9.784140535515867
-9.965625463092287
-10.175296859140717
-10.381340702617413
-10.596276572534347
-10.820659481930054
-11.054843589116029
-9.882915989762914
-9.882948179233576
-9.882983029103217
-9.883021495294521
-9.883064877022603
-9.883114940007543
-9.883174083849658
-9.88324556934516
-9.883333827114354
-9.883447165544473
-9.883601458533885
-9.883813852481309
-9.88410107096882
-9.884488030951946
-9.885010906791756
-9.88573358103358
-9.886710021176258
-9.88802395916685
-9.889783458352031
-9.892218302645308
-9.895493936923884
-9.899876194135613
-9.905698731153313
-9.913604235440525
-9.924131911177282
-9.937940802587852
-9.95681003042206
-9.9874530550039
-10.017914345811665
-10.0537741235295
-10.096239857816085
-9.600120755533405
-9.600146272261126
-9.600172707948545
-9.600200393353706
-9.600229778053507
-9.60026147311856
-9.600296309108058
-9.600335414878002
-9.600380324661348
-9.600435244106563
-9.600510139723898
-9.600614467580556
-9.600755003960455
-9.600943023331899
-9.601196061472217
-9.60155174099191
-9.602030980987385
-9.602672289883836
-9.60352349313672
-9.604728303130056
-9.606348275815842
-9.608510003026614
-9.611368259249748
-9.615326688294603
-9.620646669996185
-9.627655182004954
-9.637451805022769
-9.654697618053433
-9.671006307129938
-9.690032340971817
-9.712507834165535
-9.463994932672612
-9.464016492559777
-9.464038707712465
-9.464061814593785
-9.464086134619121
-9.464112104671782
-9.464140318576524
-9.46417158346257
-9.464206996356
-9.464249869733267
-9.464308356214673
-9.464390021847288
-9.464499931262706
-9.46464674190277
-9.464844120098066
-9.46512246431446
-9.46549715758866
-9.465997761881258
-9.466660610524286
-9.467602326722593
-9.468866892972738
-9.470550863105869
-9.472770897352024
-9.475848068155866
-9.479973593391659
-9.485383142875358
-9.492688803556904
-9.504210652134232
-9.516201301445959
-9.520932519501244
-9.545264904451967
-9.413032582557273
-9.413048798610685
-9.413065616275732
-9.413083253317573
-9.413102005741223
-9.413122275898136
-9.413144610686578
-9.413169753468035
-9.413198714619625
-9.41323420700803
-9.41328260095027
-9.413349965787818
-9.413440710410782
-9.41356212786704
-9.41372551725324
-9.413954878014994
-9.414263763988778
-9.414676900894346
-9.415225012617356
-9.417943092046693
-9.41898674315632
-9.404715853529872
-9.407228965741922
-9.410746621269004
-9.41549484332329
-9.421759817209459
-9.429994626592846
-9.441592737454142
-9.456331673712981
-9.474992529450182
-9.498610091983249
-9.457910309129954
-9.457934910202397
-9.457960089677131
-9.457986056013779
-9.458013092564256
-9.458041584475493
-9.458072055253288
-9.458105216454237
-9.458142035214912
-9.458185949536807
-9.458245889395142
-9.458329897325584
-9.458442822443029
-9.458593327630885
-9.458795411440034
-9.459081919603026
-9.459467270468947
-9.459981208254895
-9.460659756942057
-9.461630812775743
-9.46293465573806
-9.464669648994507
-9.466971524715651
-9.470450125816036
-9.474809308137187
-9.480443883961852
-9.487748463448487
-9.497516318609003
-9.510332657884346
-9.526409026971958
-9.546014385416434
-9.588830985876601
-9.588857794054807
-9.588885163364006
-9.588913295864264
-9.588942466208557
-9.588973047719563
-9.589005547831034
-9.58904065625447
-9.58907931043595
-9.589125117159838
-9.589187655679597
-9.589275449522502
-9.589393403590508
-9.589550462522132
-9.589761231548707
-9.590060765601995
-9.590463507627934
-9.591000262944698
-9.591708090799449
-9.5927244430916
-9.594089309429332
-9.595905330477661
-9.59829473042382
-9.601641305783298
-9.60615510534882
-9.612100370550989
-9.619825467163139
-9.630225831961127
-9.64465091850279
-9.66246266956499
-9.68422113385829
-9.753520575169746
-9.753551428959124
-9.753582865403837
-9.753615094127376
-9.753648400061776
-9.753683170499224
-9.753719931857962
-9.753759399648516
-9.75380254637506
-9.753853395423162
-9.753922832546342
-9.754020447015733
-9.754151536353433
-9.754325940437498
-9.7545598717524
-9.754892990176968
-9.755340745074092
-9.755937096709717
-9.756722651608346
-9.757853707312952
-9.75937256321081
-9.761392899733817
-9.764049461675906
-9.767779942547362
-9.772818679318512
-9.77946155984617
-9.788101749806383
-9.799784339131135
-9.816231827276434
-9.837431640226482
-9.863350103470712
-9.6155294558737
-9.615578273281113
-9.615628143098117
-9.615679447247189
-9.615732704842118
-9.615788621456717
-9.615848156077456
-9.615912612079269
-9.615983760829005
-9.616068238435613
-9.616183536055555
-9.61634524811732
-9.616562446624643
-9.6168515684392
-9.617239330995575
-9.617789244301951
-9.618527506275093
-9.619509614535776
-9.620802037471137
-9.622647210070959
-9.625111064546175
-9.62836586276117
-9.632611313774712
-9.63846183750339
-9.646393150995483
-9.65644273907921
-9.657371191925375
-9.679104316473863
-9.707391330738595
-9.743957910451904
-9.788531200499547
-9.549756588929409
-9.549860839812846
-9.549966845288317
-9.550075237564469
-9.550186875840952
-9.550302927775892
-9.550424980165836
-9.550555189290838
-9.550696485098706
-9.550862017256772
-9.55108803430863
-9.551406061301103
-9.551832661021859
-9.552506128906753
-9.553693848322835
-9.554864238434165
-9.556335011979705
-9.558254511877005
-9.560776356172157
-9.564394334466071
-9.569214826945048
-9.575562340475448
-9.583807371041335
-9.59519206472747
-9.610206633919695
-9.629417285280422
-9.653517223336982
-9.684459880696789
-9.724898179268719
-9.769871138354972
-9.818925082203878
-9.493177567860716
-9.493353245268185
-9.493531774240052
-9.493714192948246
-9.493901912147102
-9.494096848792736
-9.49430160751153
-9.494519726992412
-9.494756014419846
-9.495032423829125
-9.495409675609583
-9.495940273706884
-9.496651287756249
-9.497594369568068
-9.498855366039377
-9.500911234519648
-9.503401573844245
-9.50655565378682
-9.51068570223146
-9.516562708484578
-9.524311624748306
-9.534462880215257
-9.547532931504072
-9.56484071504449
-9.586878263761177
-9.613824686424186
-9.64774518218146
-9.683805788094576
-9.74722952341992
-9.81795192628874
-9.881189103913803
-9.376849072655643
-9.377165720549439
-9.377487432757858
-9.37781607753122
-9.378154193013057
-9.378505227108958
-9.37887386301611
-9.379266460810209
-9.379691656108573
-9.380188865090291
-9.380867014019733
-9.381819810891827
-9.383094891748934
-9.384783326702342
-9.387036072730334
-9.390226327065838
-9.39447040593789
-9.40004806806205
-9.407277076147327
-9.417441881708292
-9.430649577211629
-9.447536058538839
-9.468806988979376
-9.498247489682797
-9.519507207802235
-9.570391035318263
-9.630515390278061
-9.70354393280963
-9.769114646864034
-9.872363787387616
-9.981172396735584
-9.190973715287905
-9.191650844177072
-9.19233794550691
-9.193038709960296
-9.193758148491996
-9.194503063225552
-9.195282685410799
-9.196109538957451
-9.197000607920684
-9.198037958701319
-9.199450931020452
-9.201433235873544
-9.204077426698712
-9.20756420772744
-9.212193716471424
-9.218705808791269
-9.2272842380452
-9.238421396169565
-9.252652622633054
-9.272202416113657
-9.296885018956823
-9.327304090973685
-9.3636619456297
-9.40938754940613
-9.46153545807495
-9.540136891487382
-9.623362206466979
-9.713784355945961
-9.831704739050377
-9.946420967807313
-10.090305556633453
-8.932345062395331
-8.933750978016757
-8.935175120184342
-8.936625322548284
-8.938112223565621
-8.939650259702178
-8.941259006275379
-8.942964984239556
-8.944804088621451
-8.946942929723958
-8.949840259981775
-8.953868142931688
-8.959185224725825
-8.966107225959776
-8.975144378137285
-8.987487321336852
-9.003192226456617
-9.022698335236015
-9.046240746237006
-9.068852003184391
-9.119353070618455
-9.179456462594173
-9.248371924223
-9.311261723019637
-9.415496142033266
-9.522586292537047
-9.63334588971894
-9.76926793110627
-9.912223780728306
-10.06046945926603
-10.234011241920536
-8.565995604177626
-8.569588447258186
-8.573215755797088
-8.576895852673053
-8.580653698477374
-8.584523196645414
-8.588550275186945
-8.592796987863455
-8.597346937841028
-8.602598960107606
-8.609643916530095
-8.6219353530185
-8.635644631151246
-8.651326712535896
-8.67096994773328
-8.69603914354492
-8.710642486167075
-8.76052564901803
-8.820921143850027
-8.89214897409459
-8.965296893007507
-9.051043320758957
-9.15917408062461
-9.268843922867184
-9.40652237334149
-9.543556384212717
-9.68646294006991
-9.862316990426908
-10.034926103952486
-10.215365767458204
-10.405086629798888
-8.126186832371479
-8.132799026526376
-8.139238111758502
-8.145532115343435
-8.154837181213683
-8.143186466264325
-8.15442045225711
-8.166200884205656
-8.178722121748722
-8.19310379908881
-8.212464796341544
-8.237910350419595
-8.268971978681265
-8.307174380107943
-8.354459349252366
-8.389605614318258
-8.466345746047335
-8.552336220510288
-8.627242304102113
-8.749251479322039
-8.867473780100328
-8.996546389496459
-9.129075432736615
-9.294350148485751
-9.456615436460588
-9.625777179484121
-9.803990429274116
-10.006080120930385
-10.20785521945382
-10.417637197542291
-10.63593055494558
-7.752942483713535
-7.768103618573009
-7.785028418807938
-7.784583483135262
-7.808725675444007
-7.833013772440938
-7.857553408971758
-7.8825025729962475
-7.908089277724764
-7.935481305202424
-7.967370588706127
-8.00468814312065
-8.049659978881463
-8.124369896913572
-8.202228434698185
-8.279804097808936
-8.394321986551898
-8.493462483009974
-8.635631231233326
-8.76809098639554
-8.92665935920331
-9.087262505536009
-9.25351218022372
-9.429664374338376
-9.615261012086556
-9.825034827777626
-10.030302481302886
-10.24386359545039
-10.466750070349866
-10.697602649263708
-10.936339003154131
-7.752942483713535
-7.768103618573009
-7.785028418807938
-7.784583483135262
-7.808725675444007
-7.833013772440938
-7.857553408971758
-7.8825025729962475
-7.908089277724764
-7.935481305202424
-7.967370588706127
-8.00468814312065
-8.049659978881463
-8.124369896913572
-8.202228434698185
-8.279804097808936
-8.394321986551898
-8.493462483009974
-8.635631231233326
-8.76809098639554
-8.92665935920331
-9.087262505536009
-9.25351218022372
-9.429664374338376
-9.615261012086556
-9.825034827777626
-10.030302481302886
-10.24386359545039
-10.466750070349866
-10.697602649263708
-10.936339003154131
-7.752942483713535
-7.768103618573009
-7.785028418807938
-7.784583483135262
-7.808725675444007
-7.833013772440938
-7.857553408971758
-7.8825025729962475
-7.908089277724764
-7.935481305202424
-7.967370588706127
-8.00468814312065
-8.049659978881463
-8.124369896913572
-8.202228434698185
-8.279804097808936
-8.394321986551898
-8.493462483009974
-8.635631231233326
-8.76809098639554
-8.92665935920331
-9.087262505536009
-9.25351218022372
-9.429664374338376
-9.615261012086556
-9.825034827777626
-10.030302481302886
-10.24386359545039
-10.466750070349866
-10.697602649263708
-10.936339003154131
-7.752942483713535
-7.768103618573009
-7.785028418807938
-7.784583483135262
-7.808725675444007
-7.833013772440938
-7.857553408971758
-7.8825025729962475
-7.908089277724764
-7.935481305202424
-7.967370588706127
-8.00468814312065
-8.049659978881463
-8.124369896913572
-8.202228434698185
-8.279804097808936
-8.394321986551898
-8.493462483009974
-8.635631231233326
-8.76809098639554
-8.92665935920331
-9.087262505536009
-9.25351218022372
-9.429664374338376
-9.615261012086556
-9.825034827777626
-10.030302481302886
-10.24386359545039
-10.466750070349866
-10.697602649263708
-10.936339003154131
-7.752942483713535
-7.768103618573009
-7.785028418807938
-7.784583483135262
-7.808725675444007
-7.833013772440938
-7.857553408971758
-7.8825025729962475
-7.908089277724764
-7.935481305202424
-7.967370588706127
-8.00468814312065
-8.049659978881463
-8.124369896913572
-8.202228434698185
-8.279804097808936
-8.394321986551898
-8.493462483009974
-8.635631231233326
-8.76809098639554
-8.92665935920331
-9.087262505536009
-9.25351218022372
-9.429664374338376
-9.615261012086556
-9.825034827777626
-10.030302481302886
-10.24386359545039
-10.466750070349866
-10.697602649263708
-10.936339003154131
-7.752942483713535
-7.768103618573009
-7.785028418807938
-7.784583483135262
-7.808725675444007
-7.833013772440938
-7.857553408971758
-7.8825025729962475
-7.908089277724764
-7.935481305202424
-7.967370588706127
-8.00468814312065
-8.049659978881463
-8.124369896913572
-8.202228434698185
-8.279804097808936
-8.394321986551898
-8.493462483009974
-8.635631231233326
-8.76809098639554
-8.92665935920331
-9.087262505536009
-9.25351218022372
-9.429664374338376
-9.615261012086556
-9.825034827777626
-10.030302481302886
-10.24386359545039
-10.466750070349866
-10.697602649263708
-10.936339003154131
-7.752942483713535
-7.768103618573009
-7.785028418807938
-7.784583483135262
-7.808725675444007
-7.833013772440938
-7.857553408971758
-7.8825025729962475
-7.908089277724764
-7.935481305202424
-7.967370588706127
-8.00468814312065
-8.049659978881463
-8.124369896913572
-8.202228434698185
-8.279804097808936
-8.394321986551898
-8.493462483009974
-8.635631231233326
-8.76809098639554
-8.92665935920331
-9.087262505536009
-9.25351218022372
-9.429664374338376
-9.615261012086556
-9.825034827777626
-10.030302481302886
-10.24386359545039
-10.466750070349866
-10.697602649263708
-10.936339003154131
-7.752942483713535
-7.768103618573009
-7.785028418807938
-7.784583483135262
-7.808725675444007
-7.833013772440938
-7.857553408971758
-7.8825025729962475
-7.908089277724764
-7.935481305202424
-7.967370588706127
-8.00468814312065
-8.049659978881463
-8.124369896913572
-8.202228434698185
-8.279804097808936
-8.394321986551898
-8.493462483009974
-8.635631231233326
-8.76809098639554
-8.92665935920331
-9.087262505536009
-9.25351218022372
-9.429664374338376
-9.615261012086556
-9.825034827777626
-10.030302481302886
-10.24386359545039
-10.466750070349866
-10.697602649263708
-10.936339003154131
-7.752942483713535
-7.768103618573009
-7.785028418807938
-7.784583483135262
-7.808725675444007
-7.833013772440938
-7.857553408971758
-7.8825025729962475
-7.908089277724764
-7.935481305202424
-7.967370588706127
-8.00468814312065
-8.049659978881463
-8.124369896913572
-8.202228434698185
-8.279804097808936
-8.394321986551898
-8.493462483009974
-8.635631231233326
-8.76809098639554
-8.92665935920331
-9.087262505536009
-9.25351218022372
-9.429664374338376
-9.615261012086556
-9.825034827777626
-10.030302481302886
-10.24386359545039
-10.466750070349866
-10.697602649263708
-10.936339003154131
-7.752942483713535
-7.768103618573009
-7.785028418807938
-7.784583483135262
-7.808725675444007
-7.833013772440938
-7.857553408971758
-7.8825025729962475
-7.908089277724764
-7.935481305202424
-7.967370588706127
-8.00468814312065
-8.049659978881463
-8.124369896913572
-8.202228434698185
-8.279804097808936
-8.394321986551898
-8.493462483009974
-8.635631231233326
-8.76809098639554
-8.92665935920331
-9.087262505536009
-9.25351218022372
-9.429664374338376
-9.615261012086556
-9.825034827777626
-10.030302481302886
-10.24386359545039
-10.466750070349866
-10.697602649263708
-10.936339003154131
-7.752942483713535
-7.768103618573009
-7.785028418807938
-7.784583483135262
-7.808725675444007
-7.833013772440938
-7.857553408971758
-7.8825025729962475
-7.908089277724764
-7.935481305202424
-7.967370588706127
-8.00468814312065
-8.049659978881463
-8.124369896913572
-8.202228434698185
-8.279804097808936
-8.394321986551898
-8.493462483009974
-8.635631231233326
-8.76809098639554
-8.92665935920331
-9.087262505536009
-9.25351218022372
-9.429664374338376
-9.615261012086556
-9.825034827777626
-10.030302481302886
-10.24386359545039
-10.466750070349866
-10.697602649263708
-10.936339003154131
-7.752942483713535
-7.768103618573009
-7.785028418807938
-7.784583483135262
-7.808725675444007
-7.833013772440938
-7.857553408971758
-7.8825025729962475
-7.908089277724764
-7.935481305202424
-7.967370588706127
-8.00468814312065
-8.049659978881463
-8.124369896913572
-8.202228434698185
-8.279804097808936
-8.394321986551898
-8.493462483009974
-8.635631231233326
-8.76809098639554
-8.92665935920331
-9.087262505536009
-9.25351218022372
-9.429664374338376
-9.615261012086556
-9.825034827777626
-10.030302481302886
-10.24386359545039
-10.466750070349866
-10.697602649263708
-10.936339003154131
-7.752942483713535
-7.768103618573009
-7.785028418807938
-7.784583483135262
-7.808725675444007
-7.833013772440938
-7.857553408971758
-7.8825025729962475
-7.908089277724764
-7.935481305202424
-7.967370588706127
-8.00468814312065
-8.049659978881463
-8.124369896913572
-8.202228434698185
-8.279804097808936
-8.394321986551898
-8.493462483009974
-8.635631231233326
-8.76809098639554
-8.92665935920331
-9.087262505536009
-9.25351218022372
-9.429664374338376
-9.615261012086556
-9.825034827777626
-10.030302481302886
-10.24386359545039
-10.466750070349866
-10.697602649263708
-10.936339003154131
-7.752942483713535
-7.768103618573009
-7.785028418807938
-7.784583483135262
-7.808725675444007
-7.833013772440938
-7.857553408971758
-7.8825025729962475
-7.908089277724764
-7.935481305202424
-7.967370588706127
-8.00468814312065
-8.049659978881463
-8.124369896913572
-8.202228434698185
-8.279804097808936
-8.394321986551898
-8.493462483009974
-8.635631231233326
-8.76809098639554
-8.92665935920331
-9.087262505536009
-9.25351218022372
-9.429664374338376
-9.615261012086556
-9.825034827777626
-10.030302481302886
-10.24386359545039
-10.466750070349866
-10.697602649263708
-10.936339003154131
-7.752942483713535
-7.768103618573009
-7.785028418807938
-7.784583483135262
-7.808725675444007
-7.833013772440938
-7.857553408971758
-7.8825025729962475
-7.908089277724764
-7.935481305202424
-7.967370588706127
-8.00468814312065
-8.049659978881463
-8.124369896913572
-8.202228434698185
-8.279804097808936
-8.394321986551898
-8.493462483009974
-8.635631231233326
-8.76809098639554
-8.92665935920331
-9.087262505536009
-9.25351218022372
-9.429664374338376
-9.615261012086556
-9.825034827777626
-10.030302481302886
-10.24386359545039
-10.466750070349866
-10.697602649263708
-10.936339003154131
-7.752942483713535
-7.768103618573009
-7.785028418807938
-7.784583483135262
-7.808725675444007
-7.833013772440938
-7.857553408971758
-7.8825025729962475
-7.908089277724764
-7.935481305202424
-7.967370588706127
-8.00468814312065
-8.049659978881463
-8.124369896913572
-8.202228434698185
-8.279804097808936
-8.394321986551898
-8.493462483009974
-8.635631231233326
-8.76809098639554
-8.92665935920331
-9.087262505536009
-9.25351218022372
-9.429664374338376
-9.615261012086556
-9.825034827777626
-10.030302481302886
-10.24386359545039
-10.466750070349866
-10.697602649263708
-10.936339003154131
-9.754347851560814
-9.754390079733135
-9.75443604126351
-9.754487078855298
-9.754545017296815
-9.754612336408826
-9.754692405918078
-9.754789804329613
-9.75491075165312
-9.75506662900013
-9.755278765755673
-9.75557044400603
-9.755964851346254
-9.75649626075094
-9.757214114111811
-9.75820402454297
-9.759540194470379
-9.76133618304207
-9.76373835707335
-9.767045446270075
-9.766875584894636
-9.768618791983576
-9.776560463330044
-9.787239061409595
-9.801307688033102
-9.819530502331833
-9.842781638159408
-9.87237269328755
-9.90914744589007
-9.953274092554203
-9.998936196771
-9.455063215381301
-9.455093385857069
-9.455124879509844
-9.45515817451146
-9.45519392079331
-9.455233001724146
-9.455276617920989
-9.455326401122713
-9.455384568886323
-9.455456573110904
-9.455554705627213
-9.455690948087
-9.455874587627372
-9.456120601279931
-9.456451839140998
-9.456914923783408
-9.457538521623267
-9.458372878646507
-9.459480884661879
-9.46103398734342
-9.460785522019146
-9.461432549808707
-9.465138658959543
-9.470201056165926
-9.47691165290537
-9.485615531051623
-9.496719754523417
-9.512733166683429
-9.52075348871679
-9.550468489660142
-9.587734274108106
-9.282350436840577
-9.282390215307736
-9.282430990877575
-9.282473122104347
-9.282517096329261
-9.282563575928581
-9.282613461161146
-9.282667975566083
-9.282728781988652
-9.28280155809254
-9.282900872552633
-9.283039928231707
-9.283226876934135
-9.283476127049695
-9.283810826985963
-9.284284577290864
-9.284921597328
-9.285771037008686
-9.28689256612645
-9.288492745521241
-9.289646144458732
-9.291593737173066
-9.29533625753749
-9.300536244820055
-9.307503680294865
-9.316621816261245
-9.328384599945903
-9.343988270757293
-9.364273199892045
-9.389509359693603
-9.420533113512112
-9.223835474227474
-9.2238740031977
-9.223913434356446
-9.223954092589992
-9.22399641948445
-9.224041015236219
-9.224088695606712
-9.224140569315994
-9.22419814319896
-9.224266791592362
-9.224360487361373
-9.22449180326663
-9.224668297430991
-9.224903483760079
-9.225219203523839
-9.225666736142799
-9.226268428444724
-9.227070481375128
-9.22812872875213
-9.22964190238891
-9.233173181697412
-9.237226598881461
-9.240765532638683
-9.245682787341513
-9.252258854370087
-9.260836766490314
-9.271855092246977
-9.286394036390588
-9.305120246643146
-9.328083429048474
-9.355329069284082
-9.25980712253668
-9.259837264434251
-9.25986826436483
-9.25990043299339
-9.259934192588464
-9.259970117106795
-9.260008986668842
-9.260051861586275
-9.260100182948834
-9.260158467520716
-9.260237979053915
-9.260349083229249
-9.260498535159698
-9.260698000806745
-9.260965986961036
-9.26134415842842
-9.261852736108043
-9.2625312566547
-9.263427978356033
-9.264827427154218
-9.266564003875676
-9.268818929001771
-9.271786137708865
-9.275875269333222
-9.282706523358064
-9.290650730305234
-9.287454676824456
-9.303316236852424
-9.324068289900179
-9.350060089048322
-9.381844764993938
-9.374894598287137
-9.37492927825374
-9.37496478537948
-9.375001418649344
-9.375039584454324
-9.375079835168238
-9.37512292157416
-9.375169864107804
-9.37522204966233
-9.375284350470503
-9.375369375295955
-9.375488493666587
-9.375648598308453
-9.375861965181354
-9.376148389913483
-9.376554123096842
-9.37709951499956
-9.377826389048261
-9.378785296502388
-9.382125899449823
-9.384452616891735
-9.386774658304077
-9.389951944192763
-9.39435140477187
-9.400211482431216
-9.407816596030331
-9.417518118390701
-9.430155685308312
-9.43530598147909
-9.462123298883107
-9.495208216549383
-9.524783512772684
-9.524825309249996
-9.524867954952503
-9.524911756340963
-9.524957129963406
-9.525004641993288
-9.525055061961663
-9.525109435773784
-9.525169184921563
-9.525239881548702
-9.525336395919625
-9.525471912012778
-9.525653919798701
-9.52589614647894
-9.526221048943208
-9.526682736997246
-9.527302971751451
-9.528128639306988
-9.529215896254058
-9.530774764320412
-9.532862611825252
-9.535631021739071
-9.539258206323215
-9.544306569288832
-9.551055729895374
-9.55984500562317
-9.571106299304867
-9.585946940264533
-9.60499753954636
-9.628177830141228
-9.649378971388007
-9.338966033923608
-9.339056601776653
-9.339148822184749
-9.339243289667309
-9.339340812213225
-9.339442487901321
-9.339549808998946
-9.339664803373168
-9.339790226552557
-9.339937759171983
-9.340139185139225
-9.340422360296406
-9.340802396466913
-9.34130754882348
-9.341984462190798
-9.34294765280369
-9.34423992853715
-9.34595693801236
-9.348212085395703
-9.351446498585213
-9.355764715189379
-9.361466203626104
-9.36889647081384
-9.379190785560167
-9.39284623109867
-9.41181556024687
-9.436710391933156
-9.465501250020864
-9.501310362430662
-9.543288295140263
-9.580112777353701
-9.26743250025143
-9.267583874705407
-9.267737926777338
-9.267895624718015
-9.268058284284006
-9.268227693379316
-9.268406281341209
-9.268597348808624
-9.26880537975754
-9.269049723045729
-9.269383231732043
-9.26985200451329
-9.270480647853145
-9.271315413836264
-9.272432723050553
-9.274020445687773
-9.276145766392899
-9.278961325041779
-9.282646233058008
-9.287902583593551
-9.294868890592504
-9.30398136253328
-9.315723116382056
-9.331704729875389
-9.35241283569945
-9.379752041379502
-9.413665230460042
-9.450996374801663
-9.4924482333991
-9.558671672052126
-9.63297438968589
-9.179283617990869
-9.17954746383104
-9.179815779435316
-9.180090204251918
-9.180372965708662
-9.180667089840766
-9.18097668719375
-9.181307340754213
-9.181666632042404
-9.182087892487795
-9.182662493206301
-9.183469481336406
-9.184550004920599
-9.185981953200926
-9.187893957043855
-9.190601400718675
-9.194207615987022
-9.19895509105087
-9.205122292646358
-9.213807004848881
-9.225132518703319
-9.239647220099878
-9.257885481928643
-9.281699801823802
-9.310861841397546
-9.338530367220308
-9.395372433733856
-9.45913070972326
-9.531552555608288
-9.606521246652694
-9.70917193219783
-9.03042416960574
-9.030932992027992
-9.031450035224555
-9.031978347479535
-9.032522068598677
-9.033086819819948
-9.033680232397572
-9.034312663664728
-9.034998166121593
-9.035800086971163
-9.036892900960627
-9.038425979257976
-9.04047444331743
-9.043181823795699
-9.046784950731388
-9.051863852788493
-9.058584823007212
-9.067359633099274
-9.078642753215192
-9.094285007273745
-9.116394070670378
-9.142900208091305
-9.172468512752323
-9.19564077313514
-9.252056221435478
-9.319490923415243
-9.395355601646376
-9.467779886428614
-9.576473796395966
-9.67582861875987
-9.808479012583192
-8.829772858799798
-8.830506129669656
-8.831252212598555
-8.83201720517785
-8.832809397974167
-8.833640055715238
-8.834524474289235
-8.835483408873475
-8.83654499969542
-8.837806232386848
-8.842005806441184
-8.825590724526228
-8.829981450985885
-8.83574906244536
-8.84336897548621
-8.853989885755551
-8.867841111967174
-8.885609397867132
-8.908004696307472
-8.938028012016654
-8.9750223273169
-9.019049361624093
-9.069407391038295
-9.126681709573365
-9.21214369433833
-9.303145129199523
-9.399634250491653
-9.51964889116783
-9.64310475853493
-9.785881953663974
-9.936622225109657
-8.513270498141406
-8.515890863861317
-8.518546169971614
-8.52125016672701
-8.524021493051675
-8.526885383359737
-8.529875957755017
-8.533039284748437
-8.536437458374312
-8.540728958043534
-8.547937101707822
-8.555542414709222
-8.565194423670446
-8.577640373253825
-8.593706923646169
-8.615281524729145
-8.642205190058394
-8.67491222942893
-8.713355710972522
-8.74683948090073
-8.819370174548894
-8.899837024282784
-8.98271759686606
-9.0800015033332
-9.195114327066065
-9.313593534238574
-9.451140552085983
-9.5993598990913
-9.752643290567894
-9.914517772797963
-10.10042940663073
-8.13730924409442
-8.14235161702148
-8.147374933766706
-8.152407246428085
-8.157488299451014
-8.162673644137035
-8.168040111893427
-8.173693036473434
-8.179775677321413
-8.187055532680946
-8.183996792266322
-8.202356697673347
-8.2253993271892
-8.255075426599232
-8.294040505572546
-8.338745759866512
-8.389396563767235
-8.432693848030713
-8.516987631144582
-8.610114669325357
-8.697393570682907
-8.81952171566239
-8.933147656846756
-9.07876083720217
-9.22111956460548
-9.370265793418897
-9.544888167505109
-9.719967620924951
-9.902319048705849
-10.092399813635456
-10.290721742419286
-7.608486253909939
-7.626861473138755
-7.643979804047927
-7.659635642292726
-7.658248594322329
-7.683211154449835
-7.7084287293082285
-7.734011521701223
-7.76012285184545
-7.787092984266164
-7.815523606526049
-7.850269071646368
-7.891803318970653
-7.935530295404167
-8.012535537108796
-8.092092153041946
-8.173039251515782
-8.285289653213217
-8.386437656191696
-8.525795238460912
-8.659402726535793
-8.799531848135324
-8.969500841359924
-9.135212334230095
-9.307949786212633
-9.488543599886649
-9.677378879409854
-9.885834923688101
-10.094656029143872
-10.31004832022283
-10.532103017168529
-7.1754254710562115
-7.215556804442318
-7.2528912246227275
-7.28631154531531
-7.295902058466053
-7.342584537839618
-7.388568513716227
-7.433410549756864
-7.476574630125205
-7.517813159627042
-7.560312564653452
-7.635475018609752
-7.716846742446741
-7.794377078653907
-7.90609326466322
-8.010531549019403
-8.149751857980231
-8.280482911276321
-8.417973840472232
-8.588726549116087
-8.75307352450648
-8.92462037014289
-9.102881269555922
-9.290869735171755
-9.49812575959904
-9.702870791104555
-9.914290185208277
-10.134265121569966
-10.361122668353882
-10.594956715050515
-10.836348165959384
-7.1754254710562115
-7.215556804442318
-7.2528912246227275
-7.28631154531531
-7.295902058466053
-7.342584537839618
-7.388568513716227
-7.433410549756864
-7.476574630125205
-7.517813159627042
-7.560312564653452
-7.635475018609752
-7.716846742446741
-7.794377078653907
-7.90609326466322
-8.010531549019403
-8.149751857980231
-8.280482911276321
-8.417973840472232
-8.588726549116087
-8.75307352450648
-8.92462037014289
-9.102881269555922
-9.290869735171755
-9.49812575959904
-9.702870791104555
-9.914290185208277
-10.134265121569966
-10.361122668353882
-10.594956715050515
-10.836348165959384
-7.1754254710562115
-7.215556804442318
-7.2528912246227275
-7.28631154531531
-7.295902058466053
-7.342584537839618
-7.388568513716227
-7.433410549756864
-7.476574630125205
-7.517813159627042
-7.560312564653452
-7.635475018609752
-7.716846742446741
-7.794377078653907
-7.90609326466322
-8.010531549019403
-8.149751857980231
-8.280482911276321
-8.417973840472232
-8.588726549116087
-8.75307352450648
-8.92462037014289
-9.102881269555922
-9.290869735171755
-9.49812575959904
-9.702870791104555
-9.914290185208277
-10.134265121569966
-10.361122668353882
-10.594956715050515
-10.836348165959384
-7.1754254710562115
-7.215556804442318
-7.2528912246227275
-7.28631154531531
-7.295902058466053
-7.342584537839618
-7.388568513716227
-7.433410549756864
-7.476574630125205
-7.517813159627042
-7.560312564653452
-7.635475018609752
-7.716846742446741
-7.794377078653907
-7.90609326466322
-8.010531549019403
-8.149751857980231
-8.280482911276321
-8.417973840472232
-8.588726549116087
-8.75307352450648
-8.92462037014289
-9.102881269555922
-9.290869735171755
-9.49812575959904
-9.702870791104555
-9.914290185208277
-10.134265121569966
-10.361122668353882
-10.594956715050515
-10.836348165959384
-7.1754254710562115
-7.215556804442318
-7.2528912246227275
-7.28631154531531
-7.295902058466053
-7.342584537839618
-7.388568513716227
-7.433410549756864
-7.476574630125205
-7.517813159627042
-7.560312564653452
-7.635475018609752
-7.716846742446741
-7.794377078653907
-7.90609326466322
-8.010531549019403
-8.149751857980231
-8.280482911276321
-8.417973840472232
-8.588726549116087
-8.75307352450648
-8.92462037014289
-9.102881269555922
-9.290869735171755
-9.49812575959904
-9.702870791104555
-9.914290185208277
-10.134265121569966
-10.361122668353882
-10.594956715050515
-10.836348165959384
-7.1754254710562115
-7.215556804442318
-7.2528912246227275
-7.28631154531531
-7.295902058466053
-7.342584537839618
-7.388568513716227
-7.433410549756864
-7.476574630125205
-7.517813159627042
-7.560312564653452
-7.635475018609752
-7.716846742446741
-7.794377078653907
-7.90609326466322
-8.010531549019403
-8.149751857980231
-8.280482911276321
-8.417973840472232
-8.588726549116087
-8.75307352450648
-8.92462037014289
-9.102881269555922
-9.290869735171755
-9.49812575959904
-9.702870791104555
-9.914290185208277
-10.134265121569966
-10.361122668353882
-10.594956715050515
-10.836348165959384
-7.1754254710562115
-7.215556804442318
-7.2528912246227275
-7.28631154531531
-7.295902058466053
-7.342584537839618
-7.388568513716227
-7.433410549756864
-7.476574630125205
-7.517813159627042
-7.560312564653452
-7.635475018609752
-7.716846742446741
-7.794377078653907
-7.90609326466322
-8.010531549019403
-8.149751857980231
-8.280482911276321
-8.417973840472232
-8.588726549116087
-8.75307352450648
-8.92462037014289
-9.102881269555922
-9.290869735171755
-9.49812575959904
-9.702870791104555
-9.914290185208277
-10.134265121569966
-10.361122668353882
-10.594956715050515
-10.836348165959384
-7.1754254710562115
-7.215556804442318
-7.2528912246227275
-7.28631154531531
-7.295902058466053
-7.342584537839618
-7.388568513716227
-7.433410549756864
-7.476574630125205
-7.517813159627042
-7.560312564653452
-7.635475018609752
-7.716846742446741
-7.794377078653907
-7.90609326466322
-8.010531549019403
-8.149751857980231
-8.280482911276321
-8.417973840472232
-8.588726549116087
-8.75307352450648
-8.92462037014289
-9.102881269555922
-9.290869735171755
-9.49812575959904
-9.702870791104555
-9.914290185208277
-10.134265121569966
-10.361122668353882
-10.594956715050515
-10.836348165959384
-7.1754254710562115
-7.215556804442318
-7.2528912246227275
-7.28631154531531
-7.295902058466053
-7.342584537839618
-7.388568513716227
-7.433410549756864
-7.476574630125205
-7.517813159627042
-7.560312564653452
-7.635475018609752
-7.716846742446741
-7.794377078653907
-7.90609326466322
-8.010531549019403
-8.149751857980231
-8.280482911276321
-8.417973840472232
-8.588726549116087
-8.75307352450648
-8.92462037014289
-9.102881269555922
-9.290869735171755
-9.49812575959904
-9.702870791104555
-9.914290185208277
-10.134265121569966
-10.361122668353882
-10.594956715050515
-10.836348165959384
-7.1754254710562115
-7.215556804442318
-7.2528912246227275
-7.28631154531531
-7.295902058466053
-7.342584537839618
-7.388568513716227
-7.433410549756864
-7.476574630125205
-7.517813159627042
-7.560312564653452
-7.635475018609752
-7.716846742446741
-7.794377078653907
-7.90609326466322
-8.010531549019403
-8.149751857980231
-8.280482911276321
-8.417973840472232
-8.588726549116087
-8.75307352450648
-8.92462037014289
-9.102881269555922
-9.290869735171755
-9.49812575959904
-9.702870791104555
-9.914290185208277
-10.134265121569966
-10.361122668353882
-10.594956715050515
-10.836348165959384
-7.1754254710562115
-7.215556804442318
-7.2528912246227275
-7.28631154531531
-7.295902058466053
-7.342584537839618
-7.388568513716227
-7.433410549756864
-7.476574630125205
-7.517813159627042
-7.560312564653452
-7.635475018609752
-7.716846742446741
-7.794377078653907
-7.90609326466322
-8.010531549019403
-8.149751857980231
-8.280482911276321
-8.417973840472232
-8.588726549116087
-8.75307352450648
-8.92462037014289
-9.102881269555922
-9.290869735171755
-9.49812575959904
-9.702870791104555
-9.914290185208277
-10.134265121569966
-10.361122668353882
-10.594956715050515
-10.836348165959384
-7.1754254710562115
-7.215556804442318
-7.2528912246227275
-7.28631154531531
-7.295902058466053
-7.342584537839618
-7.388568513716227
-7.433410549756864
-7.476574630125205
-7.517813159627042
-7.560312564653452
-7.635475018609752
-7.716846742446741
-7.794377078653907
-7.90609326466322
-8.010531549019403
-8.149751857980231
-8.280482911276321
-8.417973840472232
-8.588726549116087
-8.75307352450648
-8.92462037014289
-9.102881269555922
-9.290869735171755
-9.49812575959904
-9.702870791104555
-9.914290185208277
-10.134265121569966
-10.361122668353882
-10.594956715050515
-10.836348165959384
-7.1754254710562115
-7.215556804442318
-7.2528912246227275
-7.28631154531531
-7.295902058466053
-7.342584537839618
-7.388568513716227
-7.433410549756864
-7.476574630125205
-7.517813159627042
-7.560312564653452
-7.635475018609752
-7.716846742446741
-7.794377078653907
-7.90609326466322
-8.010531549019403
-8.149751857980231
-8.280482911276321
-8.417973840472232
-8.588726549116087
-8.75307352450648
-8.92462037014289
-9.102881269555922
-9.290869735171755
-9.49812575959904
-9.702870791104555
-9.914290185208277
-10.134265121569966
-10.361122668353882
-10.594956715050515
-10.836348165959384
-7.1754254710562115
-7.215556804442318
-7.2528912246227275
-7.28631154531531
-7.295902058466053
-7.342584537839618
-7.388568513716227
-7.433410549756864
-7.476574630125205
-7.517813159627042
-7.560312564653452
-7.635475018609752
-7.716846742446741
-7.794377078653907
-7.90609326466322
-8.010531549019403
-8.149751857980231
-8.280482911276321
-8.417973840472232
-8.588726549116087
-8.75307352450648
-8.92462037014289
-9.102881269555922
-9.290869735171755
-9.49812575959904
-9.702870791104555
-9.914290185208277
-10.134265121569966
-10.361122668353882
-10.594956715050515
-10.836348165959384
-7.1754254710562115
-7.215556804442318
-7.2528912246227275
-7.28631154531531
-7.295902058466053
-7.342584537839618
-7.388568513716227
-7.433410549756864
-7.476574630125205
-7.517813159627042
-7.560312564653452
-7.635475018609752
-7.716846742446741
-7.794377078653907
-7.90609326466322
-8.010531549019403
-8.149751857980231
-8.280482911276321
-8.417973840472232
-8.588726549116087
-8.75307352450648
-8.92462037014289
-9.102881269555922
-9.290869735171755
-9.49812575959904
-9.702870791104555
-9.914290185208277
-10.134265121569966
-10.361122668353882
-10.594956715050515
-10.836348165959384
-7.1754254710562115
-7.215556804442318
-7.2528912246227275
-7.28631154531531
-7.295902058466053
-7.342584537839618
-7.388568513716227
-7.433410549756864
-7.476574630125205
-7.517813159627042
-7.560312564653452
-7.635475018609752
-7.716846742446741
-7.794377078653907
-7.90609326466322
-8.010531549019403
-8.149751857980231
-8.280482911276321
-8.417973840472232
-8.588726549116087
-8.75307352450648
-8.92462037014289
-9.102881269555922
-9.290869735171755
-9.49812575959904
-9.702870791104555
-9.914290185208277
-10.134265121569966
-10.361122668353882
-10.594956715050515
-10.836348165959384
-9.616216800342185
-9.616258540670366
-9.616305637591108
-9.61636002208241
-9.616424318270855
-9.616502091954427
-9.61659818798565
-9.616719188079626
-9.616874031647301
-9.617077309259273
-9.617353724307119
-9.617732013052107
-9.618244091462833
-9.618935515710183
-9.619870330041675
-9.621150151317531
-9.622877364973494
-9.625200181534131
-9.62831109920037
-9.632543990599347
-9.632099101319634
-9.633647201844541
-9.644130040258837
-9.658026135688408
-9.676080651300216
-9.699108484974609
-9.717005206928343
-9.749382152524246
-9.798474999276007
-9.858631740540403
-9.930680473203845
-9.293711988768676
-9.293765281723944
-9.293820540055059
-9.293878470840987
-9.293940035066253
-9.294006538756744
-9.294079756794376
-9.294162101100731
-9.294256849037655
-9.29437286473756
-9.294531032559672
-9.294751192063881
-9.295047650079805
-9.295444114084285
-9.295977329853086
-9.296725420668826
-9.297731788840077
-9.2990758905219
-9.30085606705779
-9.303361997093132
-9.299920108781059
-9.298189310645915
-9.30407974647733
-9.312146882672854
-9.322851317322487
-9.336742942832306
-9.353598027181114
-9.369769257419776
-9.398259211129163
-9.434669884812129
-9.479524876392487
-9.129967439337735
-9.130017323935792
-9.13006863765036
-9.130121895711296
-9.130177798386827
-9.130237297416624
-9.130301686278225
-9.130372722822685
-9.130452795859414
-9.130549385982533
-9.130681144777926
-9.130865231225314
-9.131112824136622
-9.131443223696602
-9.131887036236435
-9.132513071500348
-9.133354606923655
-9.13447672312849
-9.135958801379894
-9.138060823924981
-9.138947705728198
-9.1409325428421
-9.145830863622237
-9.152571124250157
-9.161512549896328
-9.173078393858765
-9.18731621466395
-9.202831098402317
-9.226460190083301
-9.255425541742376
-9.281140678398714
-9.050169764784833
-9.050216641907914
-9.050264840440393
-9.050314837783654
-9.050367282803563
-9.050423057395633
-9.050483360140312
-9.05054981996214
-9.050624650530073
-9.05071484373845
-9.050837883176317
-9.051009831209376
-9.051241096172891
-9.051549688557147
-9.051964206088638
-9.052549199311681
-9.053335679544924
-9.054384503236125
-9.055769763922068
-9.057736531750518
-9.06314173745979
-9.069070685669
-9.073583226142645
-9.07977396232851
-9.087945911981858
-9.098442772295089
-9.111597743032208
-9.127969148802814
-9.137728718592442
-9.171571618117014
-9.212089739126334
-9.048527629111927
-9.048581176422015
-9.048636041935413
-9.048692699852854
-9.048751794680637
-9.04881420237677
-9.048881113436007
-9.048954145773017
-9.049035498067095
-9.049132765185849
-9.049265504294045
-9.049451404644097
-9.04970130605678
-9.050034424107475
-9.0504816745503
-9.05111495348761
-9.051966366484484
-9.05310139555078
-9.054599275577793
-9.057102176988518
-9.060061086430428
-9.063846796527626
-9.068840415594698
-9.075772788411511
-9.089408333031388
-9.10465633614396
-9.120049053575618
-9.140166572919897
-9.16573434034793
-9.196560398795885
-9.232213106407313
-9.159759615696299
-9.159795453929878
-9.159832527091199
-9.159871284236575
-9.159912335732008
-9.159956511182019
-9.16000493814827
-9.160059149108022
-9.160121226762366
-9.160196979977561
-9.160300264444817
-9.160444140665112
-9.16063781137843
-9.160896659124296
-9.161244632936162
-9.161733303420128
-9.162390369776654
-9.163267247530808
-9.16636674942618
-9.157060037468698
-9.161290406769984
-9.16490737658559
-9.169997855795922
-9.177067046932908
-9.186505572878733
-9.198787777444851
-9.214518963167059
-9.235229181612112
-9.261013513560616
-9.293127465084522
-9.331448086644864
-9.297813733844214
-9.29786050494045
-9.297908526913126
-9.297958253612622
-9.298010301911292
-9.2980655102436
-9.298125018154026
-9.298190374380203
-9.298263683686038
-9.29835179298095
-9.298471992125158
-9.29864006459151
-9.298866028599615
-9.299167362731032
-9.299571929038944
-9.300143162833061
-9.300910579404244
-9.301932922398702
-9.303281416955391
-9.30519513181249
-9.307750528598808
-9.311127895113065
-9.315537914018453
-9.321578912208876
-9.329529962190508
-9.326933223920694
-9.343932730383056
-9.366395431633356
-9.39434612432921
-9.42851887673168
-9.470069468540233
-9.094918239607752
-9.095034321214632
-9.095152856366047
-9.095274730125883
-9.095401145267068
-9.095533736255085
-9.095674724073554
-9.095827126482162
-9.095995043473483
-9.096194119402922
-9.096465798888532
-9.096846898461132
-9.097358554130192
-9.098039239747353
-9.098951600957077
-9.10024520833419
-9.10198005765476
-9.104284607422628
-9.107311655555497
-9.111626321430855
-9.117369796939231
-9.124926222546158
-9.13473194133174
-9.148165754579468
-9.165768167792258
-9.190633108928594
-9.222803707435238
-9.256697823061105
-9.28692657632181
-9.344355398894434
-9.410497973355428
-8.993773125277384
-8.993969368819064
-8.99416970723481
-8.994375627151738
-8.994589148508
-8.994813015684777
-8.995050956992184
-8.99530803683148
-8.99559113340599
-8.995926580091977
-8.996384169133888
-8.997025661157824
-8.997886150368924
-8.99902961111943
-9.000560051108986
-9.002725121404138
-9.0056201030829
-9.00945124035964
-9.0144604498676
-9.021544511248855
-9.030881989998338
-9.043012677657282
-9.058508969213444
-9.079209332840747
-9.105421928550166
-9.139542269178774
-9.174585031947595
-9.231839169077531
-9.296061237245299
-9.368066574033714
-9.447832382909183
-8.876327146081888
-8.876679551165976
-8.877038994793683
-8.877408068270901
-8.877790291495632
-8.878190445096543
-8.878615020929919
-8.879072832739833
-8.879575843236221
-8.880170682750604
-8.880981411931097
-8.88211673479047
-8.883636687274919
-8.885651422090532
-8.888339727174206
-8.892125735398315
-8.897156491999256
-8.9037611162278
-8.912313905113288
-8.924213900702622
-8.939578409826217
-8.959014744286964
-8.983018028963508
-9.013315338564205
-9.042864282666532
-9.102920184348102
-9.174076056579336
-9.244747587895338
-9.32550652006791
-9.43043416677158
-9.534525134642095
-8.696607195698792
-8.697317640404036
-8.698041594443081
-8.69878403923879
-8.699551736536845
-8.700353862261197
-8.701202864418805
-8.702115622879978
-8.703115014738776
-8.704293176832827
-8.705897087806516
-8.708140260945791
-8.711135561206186
-8.715092301481244
-8.720349829261766
-8.727714391569855
-8.73742212069852
-8.75003646285083
-8.766163126603345
-8.788194914339321
-8.820156867567746
-8.85694428325421
-8.895130552881945
-8.935105317421016
-9.004892669281249
-9.086574740247828
-9.167932750106251
-9.274102708694494
-9.381207400225918
-9.518594179129243
-9.64901051360915
-8.475738478783214
-8.47698651253993
-8.478257321418328
-8.479560936204937
-8.48091098113014
-8.482325944662907
-8.483830893063487
-8.48545977540697
-8.48725851405243
-8.489390366698165
-8.492274056760706
-8.496260035352396
-8.501523224952166
-8.508380191600178
-8.517316210394988
-8.529371863761671
-8.544593372856674
-8.552168501241004
-8.584051183321403
-8.625918308627636
-8.676536931135873
-8.735145160007528
-8.799477126723623
-8.885246403346656
-8.982826591771165
-9.080793070038874
-9.210777789088972
-9.333167006741743
-9.471052618561238
-9.636895185550943
-9.796391622780707
-8.145427902402762
-8.14847380317324
-8.15155511144707
-8.154694316207294
-8.157922125723788
-8.161280323973642
-8.164825583327817
-8.168634524841261
-8.172810381905546
-8.178256960282628
-8.187576063762874
-8.19667967275729
-8.20789998001365
-8.221946657721206
-8.228793686697458
-8.2611970275828
-8.301181074974037
-8.349155723687506
-8.40473746965956
-8.46962172966518
-8.547749622430388
-8.647054864093315
-8.73818280886747
-8.868979937914062
-8.989287201436936
-9.13392283943938
-9.286275987352672
-9.442856380322604
-9.60834812478581
-9.782524829717877
-9.978308829770445
-7.700270251311923
-7.7095288831676285
-7.718894013011432
-7.72841717338497
-7.7381691149186835
-7.748246125910789
-7.758778206457712
-7.769939481293481
-7.781961181220715
-7.796665578589382
-7.819182944229216
-7.8403165715772465
-7.8680864031064734
-7.904056591781032
-7.938011968971783
-8.004099277152317
-8.078124333417211
-8.156966381930323
-8.245082731864999
-8.358466434960771
-8.47304797738924
-8.608322809251735
-8.750771775226658
-8.897291625842358
-9.051197323835154
-9.229603403877102
-9.406776448232407
-9.590367070967506
-9.781394321493256
-9.979510077019238
-10.184892508805543
-7.105210322284631
-7.138395768274028
-7.169088858817986
-7.19641149194073
-7.206226810052979
-7.2459228413328844
-7.28521555107887
-7.323841024459485
-7.361502132852354
-7.397553806708784
-7.421902581476959
-7.480823644485493
-7.5487187313402195
-7.623501306628588
-7.702182615553684
-7.811590224378481
-7.9158826542844425
-8.050672420574964
-8.174718905473084
-8.314059666379313
-8.483094721827142
-8.646643305679113
-8.814286435776095
-8.990355143468332
-9.173830681009099
-9.364378684827312
-9.561952178577457
-9.76721610246726
-9.981837645033758
-10.201664183991875
-10.426545249749918
-6.648934437334995
-6.693817181977808
-6.732174655701866
-6.793820327634902
-6.848262601176541
-6.883909887203028
-6.9538522777894425
-7.019742223818977
-7.0784918894989275
-7.141351745059372
-7.222581649805159
-7.309390358262909
-7.409582358749052
-7.525176272780959
-7.647941854358335
-7.778365119181249
-7.936022597625501
-8.091864320290076
-8.251248053378356
-8.416001116704724
-8.593347751194838
-8.778597746046524
-8.979132464323888
-9.176713068341693
-9.380799678427891
-9.590625294413314
-9.806776023656996
-10.022700108737443
-10.253272096954012
-10.490231395705392
-10.735003810873629
-6.648934437334995
-6.693817181977808
-6.732174655701866
-6.793820327634902
-6.848262601176541
-6.883909887203028
-6.9538522777894425
-7.019742223818977
-7.0784918894989275
-7.141351745059372
-7.222581649805159
-7.309390358262909
-7.409582358749052
-7.525176272780959
-7.647941854358335
-7.778365119181249
-7.936022597625501
-8.091864320290076
-8.251248053378356
-8.416001116704724
-8.593347751194838
-8.778597746046524
-8.979132464323888
-9.176713068341693
-9.380799678427891
-9.590625294413314
-9.806776023656996
-10.022700108737443
-10.253272096954012
-10.490231395705392
-10.735003810873629
-6.648934437334995
-6.693817181977808
-6.732174655701866
-6.793820327634902
-6.848262601176541
-6.883909887203028
-6.9538522777894425
-7.019742223818977
-7.0784918894989275
-7.141351745059372
-7.222581649805159
-7.309390358262909
-7.409582358749052
-7.525176272780959
-7.647941854358335
-7.778365119181249
-7.936022597625501
-8.091864320290076
-8.251248053378356
-8.416001116704724
-8.593347751194838
-8.778597746046524
-8.979132464323888
-9.176713068341693
-9.380799678427891
-9.590625294413314
-9.806776023656996
-10.022700108737443
-10.253272096954012
-10.490231395705392
-10.735003810873629
-6.648934437334995
-6.693817181977808
-6.732174655701866
-6.793820327634902
-6.848262601176541
-6.883909887203028
-6.9538522777894425
-7.019742223818977
-7.0784918894989275
-7.141351745059372
-7.222581649805159
-7.309390358262909
-7.409582358749052
-7.525176272780959
-7.647941854358335
-7.778365119181249
-7.936022597625501
-8.091864320290076
-8.251248053378356
-8.416001116704724
-8.593347751194838
-8.778597746046524
-8.979132464323888
-9.176713068341693
-9.380799678427891
-9.590625294413314
-9.806776023656996
-10.022700108737443
-10.253272096954012
-10.490231395705392
-10.735003810873629
-6.648934437334995
-6.693817181977808
-6.732174655701866
-6.793820327634902
-6.848262601176541
-6.883909887203028
-6.9538522777894425
-7.019742223818977
-7.0784918894989275
-7.141351745059372
-7.222581649805159
-7.309390358262909
-7.409582358749052
-7.525176272780959
-7.647941854358335
-7.778365119181249
-7.936022597625501
-8.091864320290076
-8.251248053378356
-8.416001116704724
-8.593347751194838
-8.778597746046524
-8.979132464323888
-9.176713068341693
-9.380799678427891
-9.590625294413314
-9.806776023656996
-10.022700108737443
-10.253272096954012
-10.490231395705392
-10.735003810873629
-6.648934437334995
-6.693817181977808
-6.732174655701866
-6.793820327634902
-6.848262601176541
-6.883909887203028
-6.9538522777894425
-7.019742223818977
-7.0784918894989275
-7.141351745059372
-7.222581649805159
-7.309390358262909
-7.409582358749052
-7.525176272780959
-7.647941854358335
-7.778365119181249
-7.936022597625501
-8.091864320290076
-8.251248053378356
-8.416001116704724
-8.593347751194838
-8.778597746046524
-8.979132464323888
-9.176713068341693
-9.380799678427891
-9.590625294413314
-9.806776023656996
-10.022700108737443
-10.253272096954012
-10.490231395705392
-10.735003810873629
-6.648934437334995
-6.693817181977808
-6.732174655701866
-6.793820327634902
-6.848262601176541
-6.883909887203028
-6.9538522777894425
-7.019742223818977
-7.0784918894989275
-7.141351745059372
-7.222581649805159
-7.309390358262909
-7.409582358749052
-7.525176272780959
-7.647941854358335
-7.778365119181249
-7.936022597625501
-8.091864320290076
-8.251248053378356
-8.416001116704724
-8.593347751194838
-8.778597746046524
-8.979132464323888
-9.176713068341693
-9.380799678427891
-9.590625294413314
-9.806776023656996
-10.022700108737443
-10.253272096954012
-10.490231395705392
-10.735003810873629
-6.648934437334995
-6.693817181977808
-6.732174655701866
-6.793820327634902
-6.848262601176541
-6.883909887203028
-6.9538522777894425
-7.019742223818977
-7.0784918894989275
-7.141351745059372
-7.222581649805159
-7.309390358262909
-7.409582358749052
-7.525176272780959
-7.647941854358335
-7.778365119181249
-7.936022597625501
-8.091864320290076
-8.251248053378356
-8.416001116704724
-8.593347751194838
-8.778597746046524
-8.979132464323888
-9.176713068341693
-9.380799678427891
-9.590625294413314
-9.806776023656996
-10.022700108737443
-10.253272096954012
-10.490231395705392
-10.735003810873629
-6.648934437334995
-6.693817181977808
-6.732174655701866
-6.793820327634902
-6.848262601176541
-6.883909887203028
-6.9538522777894425
-7.019742223818977
-7.0784918894989275
-7.141351745059372
-7.222581649805159
-7.309390358262909
-7.409582358749052
-7.525176272780959
-7.647941854358335
-7.778365119181249
-7.936022597625501
-8.091864320290076
-8.251248053378356
-8.416001116704724
-8.593347751194838
-8.778597746046524
-8.979132464323888
-9.176713068341693
-9.380799678427891
-9.590625294413314
-9.806776023656996
-10.022700108737443
-10.253272096954012
-10.490231395705392
-10.735003810873629
-6.648934437334995
-6.693817181977808
-6.732174655701866
-6.793820327634902
-6.848262601176541
-6.883909887203028
-6.9538522777894425
-7.019742223818977
-7.0784918894989275
-7.141351745059372
-7.222581649805159
-7.309390358262909
-7.409582358749052
-7.525176272780959
-7.647941854358335
-7.778365119181249
-7.936022597625501
-8.091864320290076
-8.251248053378356
-8.416001116704724
-8.593347751194838
-8.778597746046524
-8.979132464323888
-9.176713068341693
-9.380799678427891
-9.590625294413314
-9.806776023656996
-10.022700108737443
-10.253272096954012
-10.490231395705392
-10.735003810873629
-6.648934437334995
-6.693817181977808
-6.732174655701866
-6.793820327634902
-6.848262601176541
-6.883909887203028
-6.9538522777894425
-7.019742223818977
-7.0784918894989275
-7.141351745059372
-7.222581649805159
-7.309390358262909
-7.409582358749052
-7.525176272780959
-7.647941854358335
-7.778365119181249
-7.936022597625501
-8.091864320290076
-8.251248053378356
-8.416001116704724
-8.593347751194838
-8.778597746046524
-8.979132464323888
-9.176713068341693
-9.380799678427891
-9.590625294413314
-9.806776023656996
-10.022700108737443
-10.253272096954012
-10.490231395705392
-10.735003810873629
-6.648934437334995
-6.693817181977808
-6.732174655701866
-6.793820327634902
-6.848262601176541
-6.883909887203028
-6.9538522777894425
-7.019742223818977
-7.0784918894989275
-7.141351745059372
-7.222581649805159
-7.309390358262909
-7.409582358749052
-7.525176272780959
-7.647941854358335
-7.778365119181249
-7.936022597625501
-8.091864320290076
-8.251248053378356
-8.416001116704724
-8.593347751194838
-8.778597746046524
-8.979132464323888
-9.176713068341693
-9.380799678427891
-9.590625294413314
-9.806776023656996
-10.022700108737443
-10.253272096954012
-10.490231395705392
-10.735003810873629
-6.648934437334995
-6.693817181977808
-6.732174655701866
-6.793820327634902
-6.848262601176541
-6.883909887203028
-6.9538522777894425
-7.019742223818977
-7.0784918894989275
-7.141351745059372
-7.222581649805159
-7.309390358262909
-7.409582358749052
-7.525176272780959
-7.647941854358335
-7.778365119181249
-7.936022597625501
-8.091864320290076
-8.251248053378356
-8.416001116704724
-8.593347751194838
-8.778597746046524
-8.979132464323888
-9.176713068341693
-9.380799678427891
-9.590625294413314
-9.806776023656996
-10.022700108737443
-10.253272096954012
-10.490231395705392
-10.735003810873629
-6.648934437334995
-6.693817181977808
-6.732174655701866
-6.793820327634902
-6.848262601176541
-6.883909887203028
-6.9538522777894425
-7.019742223818977
-7.0784918894989275
-7.141351745059372
-7.222581649805159
-7.309390358262909
-7.409582358749052
-7.525176272780959
-7.647941854358335
-7.778365119181249
-7.936022597625501
-8.091864320290076
-8.251248053378356
-8.416001116704724
-8.593347751194838
-8.778597746046524
-8.979132464323888
-9.176713068341693
-9.380799678427891
-9.590625294413314
-9.806776023656996
-10.022700108737443
-10.253272096954012
-10.490231395705392
-10.735003810873629
-6.648934437334995
-6.693817181977808
-6.732174655701866
-6.793820327634902
-6.848262601176541
-6.883909887203028
-6.9538522777894425
-7.019742223818977
-7.0784918894989275
-7.141351745059372
-7.222581649805159
-7.309390358262909
-7.409582358749052
-7.525176272780959
-7.647941854358335
-7.778365119181249
-7.936022597625501
-8.091864320290076
-8.251248053378356
-8.416001116704724
-8.593347751194838
-8.778597746046524
-8.979132464323888
-9.176713068341693
-9.380799678427891
-9.590625294413314
-9.806776023656996
-10.022700108737443
-10.253272096954012
-10.490231395705392
-10.735003810873629
-6.648934437334995
-6.693817181977808
-6.732174655701866
-6.793820327634902
-6.848262601176541
-6.883909887203028
-6.9538522777894425
-7.019742223818977
-7.0784918894989275
-7.141351745059372
-7.222581649805159
-7.309390358262909
-7.409582358749052
-7.525176272780959
-7.647941854358335
-7.778365119181249
-7.936022597625501
-8.091864320290076
-8.251248053378356
-8.416001116704724
-8.593347751194838
-8.778597746046524
-8.979132464323888
-9.176713068341693
-9.380799678427891
-9.590625294413314
-9.806776023656996
-10.022700108737443
-10.253272096954012
-10.490231395705392
-10.735003810873629
-9.474370402981764
-9.474447242753602
-9.474531738345716
-9.474626641801898
-9.474735692432404
-9.474863970395258
-9.475018376411096
-9.475208282186257
-9.475446411512545
-9.475755135415575
-9.476175013906584
-9.476751128340426
-9.477529902594238
-9.478578988409165
-9.479994832479743
-9.481939183500991
-9.484557504585894
-9.488066819970841
-9.492744137977517
-9.499122369959402
-9.492223061973167
-9.48957227834332
-9.505007849002473
-9.52531360225445
-9.551411628549051
-9.584252491074247
-9.622895742394693
-9.659000410538775
-9.717921886411018
-9.788960569588454
-9.870552211431018
-9.15500614060213
-9.155066163951965
-9.15512897722335
-9.155195587249347
-9.155267362352905
-9.155346162054496
-9.155434513253766
-9.15553584948052
-9.155654835688004
-9.15580261661859
-9.15600395760469
-9.15628317013627
-9.156659474793143
-9.15716359196808
-9.15784209619298
-9.158788555405721
-9.160061642902264
-9.161762760562082
-9.164018442833521
-9.167164128447196
-9.16239341529492
-9.15969133154975
-9.16724585964787
-9.177469300101798
-9.190881806611523
-9.208066999942742
-9.228266912162296
-9.245094959767169
-9.278562537144905
-9.32023479461865
-9.368779108578236
-8.974006610174396
-8.974060575368226
-8.97411661209134
-8.974175470457734
-8.974238169947318
-8.974306096089675
-8.974381131813393
-8.974465835859036
-8.974563685061021
-8.974683835935853
-8.97484760289147
-8.975075350313604
-8.975382023626626
-8.975792194527573
-8.976343745864375
-8.977116258200109
-8.978154784175272
-8.979540785811265
-8.981374845563119
-8.983946918916205
-8.984982925168348
-8.987376517038468
-8.993391514953974
-9.00153836065779
-9.012183092654658
-9.025712489416494
-9.041909569466409
-9.058652005583776
-9.078047399674954
-9.120696968039974
-9.17299009736756
-8.873692871923682
-8.873741826450031
-8.873792737399274
-8.87384631488266
-8.873903524033821
-8.873965676553784
-8.874034555084434
-8.874112582155032
-8.874203049623523
-8.874314428153738
-8.87446622701835
-8.87467720458015
-8.87496137062552
-8.875341603904523
-8.875853039500514
-8.876568823833464
-8.877531391444906
-8.878816632016587
-8.880518360082808
-8.882903089855537
-8.889275122518674
-8.89606686905039
-8.901323807385957
-8.895755591916293
-8.90822806116807
-8.924332898714097
-8.944603556000505
-8.969739445264606
-9.00275173717256
-9.042404183756608
-9.087349841164563
-8.863594273659784
-8.863657983149777
-8.86372362161195
-8.863791884365375
-8.86386371641025
-8.863940402047048
-8.86402368663109
-8.864115941959037
-8.864220390872728
-8.864346795030174
-8.864519204655853
-8.864759902438111
-8.86508373450191
-8.865516090629946
-8.866097029687634
-8.866915699068251
-8.86801653923923
-8.86948513623917
-8.871425955761783
-8.874690790162777
-8.878499133053127
-8.883345240449586
-8.889728024561355
-8.898497640852382
-8.915947807426651
-8.934821239801746
-8.953231473980363
-8.976509366086574
-8.991734737053017
-9.034846006666482
-9.08576230412574
-8.944827809576395
-8.944895440347684
-8.94496493368436
-8.945036960391286
-8.945112432151856
-8.945192587989121
-8.945279111731505
-8.945374291576552
-8.945481236793201
-8.94560993603858
-8.945785514440542
-8.94603098303273
-8.946361088976975
-8.946801465422958
-8.947392914124018
-8.948228103648901
-8.949350858483568
-8.950847822903683
-8.952824237902444
-8.962921850599525
-8.968502220922085
-8.973073180073822
-8.979543767723825
-8.988440722923167
-9.000208877825706
-9.01536036843619
-9.034500952846944
-9.05905491378744
-9.088206797885318
-9.110723968420661
-9.1625607670217
-9.062030245246222
-9.062106110026239
-9.062183878235636
-9.06226423481053
-9.062348110629298
-9.06243677078672
-9.062531934520722
-9.06263593811532
-9.062751956132123
-9.062890816044618
-9.063080288030527
-9.063345523380193
-9.063702028531953
-9.064177199595084
-9.064815014666848
-9.06571722432253
-9.06692938742176
-9.068544044728116
-9.070673008281792
-9.073704187580368
-9.077756793319187
-9.08312053939366
-9.090135203347437
-9.099807512874152
-9.112631830838758
-9.129186964558874
-9.150177668325835
-9.177332704412787
-9.209624281042966
-9.247679260280467
-9.280019892734497
-8.85680617944433
-8.856943522587041
-8.857084520930833
-8.857230497716538
-8.857383251050805
-8.857545224175885
-8.857719736676982
-8.857911298337934
-8.858126035009843
-8.858383970280357
-8.85873573927677
-8.859227430156555
-8.859888052331128
-8.860768259845152
-8.861948713181002
-8.86361308685828
-8.865844336057085
-8.868808451386954
-8.872704105497805
-8.878204911963403
-8.885499295272808
-8.895052294749647
-8.907380003930381
-8.923992939607796
-8.945372557962571
-8.974885449835377
-9.002221695867767
-9.051277544490613
-9.110123951322546
-9.173849131509789
-9.233106587799154
-8.728382817982146
-8.728620084598925
-8.728863625666678
-8.729115727083578
-8.729379494351834
-8.729659146002716
-8.729960411726744
-8.730291072281547
-8.73066169112961
-8.731106755297047
-8.731713384606492
-8.73256056551647
-8.733697577805751
-8.735210421897099
-8.73723560928322
-8.740082529830797
-8.743884913147369
-8.748912078554692
-8.75548015084305
-8.764661832809091
-8.776685219568753
-8.792176453261828
-8.811755062658323
-8.837265508374168
-8.868563329937647
-8.906209483760993
-8.971965976569672
-9.038088662756861
-9.094621309755512
-9.188000814299075
-9.291890902368703
-8.583748398353233
-8.584189204899735
-8.584641134788676
-8.585108283226724
-8.5855962113305
-8.58611246935421
-8.586667305573389
-8.58727462577241
-8.587953290218131
-8.588766167838376
-8.58987297793891
-8.591416770573183
-8.59348388628157
-8.596225897494891
-8.599882764211932
-8.604996825415288
-8.611776478036296
-8.620654334000589
-8.632117293354769
-8.64784262361434
-8.667935900952425
-8.693007037086508
-8.7233894592378
-8.752561788804705
-8.810921894673589
-8.883494346921974
-8.964442896000373
-9.044827437578444
-9.15007511035199
-9.257566487929411
-9.388376380228399
-8.374268455758328
-8.375185666360474
-8.376125213227047
-8.377095245363423
-8.378106816300946
-8.379174913326226
-8.380319847084778
-8.381569124097735
-8.382959963327247
-8.384620195754595
-8.386877335487975
-8.390020117138265
-8.394214604799409
-8.399754660015233
-8.407103876694809
-8.417313572068498
-8.430716479552864
-8.44804802123626
-8.47007561421174
-8.499673286748088
-8.542412958385633
-8.590112923429729
-8.628797721567356
-8.695665882356673
-8.778172720590863
-8.859356603027
-8.980204456757944
-9.079776651997062
-9.223874240823667
-9.361018018741461
-9.503707609715418
-8.128318824120411
-8.130112635404853
-8.131948231562879
-8.133842368386746
-8.135817759626795
-8.137905161030922
-8.140146164978674
-8.142596932727976
-8.145333150975599
-8.148601197394733
-8.1530164233406
-8.159100260056926
-8.167127219190668
-8.177577202486047
-8.191172353709659
-8.209425415049768
-8.23242511255611
-8.260597012926707
-8.282180295094781
-8.337260556760194
-8.40268829567925
-8.476703510359355
-8.54681899746518
-8.666028874876742
-8.762483982340758
-8.895623755876048
-9.02932216283205
-9.174775031712164
-9.333555279062104
-9.498388976495685
-9.667925359023215
-7.76188261455818
-7.766513007000554
-7.771237446776109
-7.776095170855287
-7.781139288237319
-7.786441446860666
-7.79209796702389
-7.7982378195805095
-7.805032855698416
-7.814058429420022
-7.829949745134003
-7.844988449032473
-7.863474648117794
-7.8867206535112695
-7.915617748455836
-7.951710006758262
-7.9843061410447165
-8.04898602484414
-8.123100552123617
-8.20780617037406
-8.304454262164954
-8.420355196717509
-8.534117022010363
-8.665275026779947
-8.817729130607194
-8.967527586893997
-9.131694993729205
-9.300031245781248
-9.477082648431088
-9.672804444591346
-9.865473078264156
-7.315582744422785
-7.32650190279768
-7.337478637642369
-7.348589049423614
-7.3599414931042
-7.371687341922118
-7.384034683093321
-7.397265277551154
-7.411754732352153
-7.429394746973286
-7.44153673725061
-7.472474651835077
-7.5146312426081545
-7.571298235923329
-7.642327524817987
-7.6998423572312
-7.796822388628478
-7.900049916625137
-8.005244914749635
-8.136565331898375
-8.273554519367163
-8.417775799116127
-8.570682311991014
-8.744980264224205
-8.915115693437139
-9.092704279417632
-9.279165302883863
-9.471023789219409
-9.6695394515665
-9.874308670412079
-10.085464355950645
-6.622460859375394
-6.671582660336061
-6.7174626158186195
-6.758179531807235
-6.780414940953598
-6.834959424866062
-6.887785197796788
-6.937574962151097
-6.969638451658566
-7.0344937387194655
-7.0964730065838895
-7.166803528056635
-7.230878952610545
-7.335782158678295
-7.446220565809147
-7.564990186904301
-7.692456763820346
-7.845564501152881
-7.988068645009337
-8.146714750534384
-8.316387535889683
-8.492645194316255
-8.671857291565237
-8.858529962469797
-9.051423893705012
-9.250208379357057
-9.454888035138126
-9.666029331602909
-9.886448121783102
-10.110337736325864
-10.337544652320709
-6.121570221826783
-6.20437392458306
-6.275533871684295
-6.3311012812362
-6.414788162438773
-6.467433323143507
-6.561892541538412
-6.648778066363815
-6.722790497051102
-6.823941120636992
-6.91699120919998
-7.028038949327771
-7.140113407721088
-7.286980050506378
-7.425908429266189
-7.578098950434813
-7.740166466657077
-7.921508636475311
-8.096982629361007
-8.274998683725652
-8.46468893978914
-8.660614261945588
-8.858254864667796
-9.062766276766794
-9.271877069920409
-9.485931639120256
-9.69840700347317
-9.929438628236516
-10.162622375087222
-10.40151427858321
-10.648205011528235
-6.121570221826783
-6.20437392458306
-6.275533871684295
-6.3311012812362
-6.414788162438773
-6.467433323143507
-6.561892541538412
-6.648778066363815
-6.722790497051102
-6.823941120636992
-6.91699120919998
-7.028038949327771
-7.140113407721088
-7.286980050506378
-7.425908429266189
-7.578098950434813
-7.740166466657077
-7.921508636475311
-8.096982629361007
-8.274998683725652
-8.46468893978914
-8.660614261945588
-8.858254864667796
-9.062766276766794
-9.271877069920409
-9.485931639120256
-9.69840700347317
-9.929438628236516
-10.162622375087222
-10.40151427858321
-10.648205011528235
-6.121570221826783
-6.20437392458306
-6.275533871684295
-6.3311012812362
-6.414788162438773
-6.467433323143507
-6.561892541538412
-6.648778066363815
-6.722790497051102
-6.823941120636992
-6.91699120919998
-7.028038949327771
-7.140113407721088
-7.286980050506378
-7.425908429266189
-7.578098950434813
-7.740166466657077
-7.921508636475311
-8.096982629361007
-8.274998683725652
-8.46468893978914
-8.660614261945588
-8.858254864667796
-9.062766276766794
-9.271877069920409
-9.485931639120256
-9.69840700347317
-9.929438628236516
-10.162622375087222
-10.40151427858321
-10.648205011528235
-6.121570221826783
-6.20437392458306
-6.275533871684295
-6.3311012812362
-6.414788162438773
-6.467433323143507
-6.561892541538412
-6.648778066363815
-6.722790497051102
-6.823941120636992
-6.91699120919998
-7.028038949327771
-7.140113407721088
-7.286980050506378
-7.425908429266189
-7.578098950434813
-7.740166466657077
-7.921508636475311
-8.096982629361007
-8.274998683725652
-8.46468893978914
-8.660614261945588
-8.858254864667796
-9.062766276766794
-9.271877069920409
-9.485931639120256
-9.69840700347317
-9.929438628236516
-10.162622375087222
-10.40151427858321
-10.648205011528235
-6.121570221826783
-6.20437392458306
-6.275533871684295
-6.3311012812362
-6.414788162438773
-6.467433323143507
-6.561892541538412
-6.648778066363815
-6.722790497051102
-6.823941120636992
-6.91699120919998
-7.028038949327771
-7.140113407721088
-7.286980050506378
-7.425908429266189
-7.578098950434813
-7.740166466657077
-7.921508636475311
-8.096982629361007
-8.274998683725652
-8.46468893978914
-8.660614261945588
-8.858254864667796
-9.062766276766794
-9.271877069920409
-9.485931639120256
-9.69840700347317
-9.929438628236516
-10.162622375087222
-10.40151427858321
-10.648205011528235
-6.121570221826783
-6.20437392458306
-6.275533871684295
-6.3311012812362
-6.414788162438773
-6.467433323143507
-6.561892541538412
-6.648778066363815
-6.722790497051102
-6.823941120636992
-6.91699120919998
-7.028038949327771
-7.140113407721088
-7.286980050506378
-7.425908429266189
-7.578098950434813
-7.740166466657077
-7.921508636475311
-8.096982629361007
-8.274998683725652
-8.46468893978914
-8.660614261945588
-8.858254864667796
-9.062766276766794
-9.271877069920409
-9.485931639120256
-9.69840700347317
-9.929438628236516
-10.162622375087222
-10.40151427858321
-10.648205011528235
-6.121570221826783
-6.20437392458306
-6.275533871684295
-6.3311012812362
-6.414788162438773
-6.467433323143507
-6.561892541538412
-6.648778066363815
-6.722790497051102
-6.823941120636992
-6.91699120919998
-7.028038949327771
-7.140113407721088
-7.286980050506378
-7.425908429266189
-7.578098950434813
-7.740166466657077
-7.921508636475311
-8.096982629361007
-8.274998683725652
-8.46468893978914
-8.660614261945588
-8.858254864667796
-9.062766276766794
-9.271877069920409
-9.485931639120256
-9.69840700347317
-9.929438628236516
-10.162622375087222
-10.40151427858321
-10.648205011528235
-6.121570221826783
-6.20437392458306
-6.275533871684295
-6.3311012812362
-6.414788162438773
-6.467433323143507
-6.561892541538412
-6.648778066363815
-6.722790497051102
-6.823941120636992
-6.91699120919998
-7.028038949327771
-7.140113407721088
-7.286980050506378
-7.425908429266189
-7.578098950434813
-7.740166466657077
-7.921508636475311
-8.096982629361007
-8.274998683725652
-8.46468893978914
-8.660614261945588
-8.858254864667796
-9.062766276766794
-9.271877069920409
-9.485931639120256
-9.69840700347317
-9.929438628236516
-10.162622375087222
-10.40151427858321
-10.648205011528235
-6.121570221826783
-6.20437392458306
-6.275533871684295
-6.3311012812362
-6.414788162438773
-6.467433323143507
-6.561892541538412
-6.648778066363815
-6.722790497051102
-6.823941120636992
-6.91699120919998
-7.028038949327771
-7.140113407721088
-7.286980050506378
-7.425908429266189
-7.578098950434813
-7.740166466657077
-7.921508636475311
-8.096982629361007
-8.274998683725652
-8.46468893978914
-8.660614261945588
-8.858254864667796
-9.062766276766794
-9.271877069920409
-9.485931639120256
-9.69840700347317
-9.929438628236516
-10.162622375087222
-10.40151427858321
-10.648205011528235
-6.121570221826783
-6.20437392458306
-6.275533871684295
-6.3311012812362
-6.414788162438773
-6.467433323143507
-6.561892541538412
-6.648778066363815
-6.722790497051102
-6.823941120636992
-6.91699120919998
-7.028038949327771
-7.140113407721088
-7.286980050506378
-7.425908429266189
-7.578098950434813
-7.740166466657077
-7.921508636475311
-8.096982629361007
-8.274998683725652
-8.46468893978914
-8.660614261945588
-8.858254864667796
-9.062766276766794
-9.271877069920409
-9.485931639120256
-9.69840700347317
-9.929438628236516
-10.162622375087222
-10.40151427858321
-10.648205011528235
-6.121570221826783
-6.20437392458306
-6.275533871684295
-6.3311012812362
-6.414788162438773
-6.467433323143507
-6.561892541538412
-6.648778066363815
-6.722790497051102
-6.823941120636992
-6.91699120919998
-7.028038949327771
-7.140113407721088
-7.286980050506378
-7.425908429266189
-7.578098950434813
-7.740166466657077
-7.921508636475311
-8.096982629361007
-8.274998683725652
-8.46468893978914
-8.660614261945588
-8.858254864667796
-9.062766276766794
-9.271877069920409
-9.485931639120256
-9.69840700347317
-9.929438628236516
-10.162622375087222
-10.40151427858321
-10.648205011528235
-6.121570221826783
-6.20437392458306
-6.275533871684295
-6.3311012812362
-6.414788162438773
-6.467433323143507
-6.561892541538412
-6.648778066363815
-6.722790497051102
-6.823941120636992
-6.91699120919998
-7.028038949327771
-7.140113407721088
-7.286980050506378
-7.425908429266189
-7.578098950434813
-7.740166466657077
-7.921508636475311
-8.096982629361007
-8.274998683725652
-8.46468893978914
-8.660614261945588
-8.858254864667796
-9.062766276766794
-9.271877069920409
-9.485931639120256
-9.69840700347317
-9.929438628236516
-10.162622375087222
-10.40151427858321
-10.648205011528235
-6.121570221826783
-6.20437392458306
-6.275533871684295
-6.3311012812362
-6.414788162438773
-6.467433323143507
-6.561892541538412
-6.648778066363815
-6.722790497051102
-6.823941120636992
-6.91699120919998
-7.028038949327771
-7.140113407721088
-7.286980050506378
-7.425908429266189
-7.578098950434813
-7.740166466657077
-7.921508636475311
-8.096982629361007
-8.274998683725652
-8.46468893978914
-8.660614261945588
-8.858254864667796
-9.062766276766794
-9.271877069920409
-9.485931639120256
-9.69840700347317
-9.929438628236516
-10.162622375087222
-10.40151427858321
-10.648205011528235
-6.121570221826783
-6.20437392458306
-6.275533871684295
-6.3311012812362
-6.414788162438773
-6.467433323143507
-6.561892541538412
-6.648778066363815
-6.722790497051102
-6.823941120636992
-6.91699120919998
-7.028038949327771
-7.140113407721088
-7.286980050506378
-7.425908429266189
-7.578098950434813
-7.740166466657077
-7.921508636475311
-8.096982629361007
-8.274998683725652
-8.46468893978914
-8.660614261945588
-8.858254864667796
-9.062766276766794
-9.271877069920409
-9.485931639120256
-9.69840700347317
-9.929438628236516
-10.162622375087222
-10.40151427858321
-10.648205011528235
-6.121570221826783
-6.20437392458306
-6.275533871684295
-6.3311012812362
-6.414788162438773
-6.467433323143507
-6.561892541538412
-6.648778066363815
-6.722790497051102
-6.823941120636992
-6.91699120919998
-7.028038949327771
-7.140113407721088
-7.286980050506378
-7.425908429266189
-7.578098950434813
-7.740166466657077
-7.921508636475311
-8.096982629361007
-8.274998683725652
-8.46468893978914
-8.660614261945588
-8.858254864667796
-9.062766276766794
-9.271877069920409
-9.485931639120256
-9.69840700347317
-9.929438628236516
-10.162622375087222
-10.40151427858321
-10.648205011528235
-6.121570221826783
-6.20437392458306
-6.275533871684295
-6.3311012812362
-6.414788162438773
-6.467433323143507
-6.561892541538412
-6.648778066363815
-6.722790497051102
-6.823941120636992
-6.91699120919998
-7.028038949327771
-7.140113407721088
-7.286980050506378
-7.425908429266189
-7.578098950434813
-7.740166466657077
-7.921508636475311
-8.096982629361007
-8.274998683725652
-8.46468893978914
-8.660614261945588
-8.858254864667796
-9.062766276766794
-9.271877069920409
-9.485931639120256
-9.69840700347317
-9.929438628236516
-10.162622375087222
-10.40151427858321
-10.648205011528235
-9.340239891479284
-9.340318882106011
-9.340408750805583
-9.340513414769573
-9.340638195810511
-9.34079032283191
-9.340979613035694
-9.341219394593915
-9.341527754800632
-9.341933668653692
-9.342485275536292
-9.343239083073229
-9.34425873297045
-9.345634264569332
-9.347491145260337
-9.350024555888526
-9.353433020719057
-9.357998449217577
-9.364080890784642
-9.372281735319273
-9.368057057021716
-9.367586123567182
-9.387793293948924
-9.41394265037221
-9.44697433468822
-9.487743202090162
-9.535070665710101
-9.580212118113886
-9.649640860552363
-9.730305718103716
-9.818507748810221
-9.007171786597539
-9.007226056687104
-9.007284372024596
-9.007348199855102
-9.007419534159386
-9.00750108457785
-9.007596532953837
-9.00771088157884
-9.00785092569679
-9.008029818228461
-9.008273253196094
-9.008608445649992
-9.009061038054785
-9.009669515569739
-9.010489857094019
-9.01162188692233
-9.013145099018761
-9.015183674880264
-9.017895178057811
-9.0216132346082
-9.018515081408596
-9.017160530009917
-9.026540549655262
-9.039009964923073
-9.0550995606525
-9.077004221346193
-9.089934869663367
-9.12194166965304
-9.154676164616271
-9.213111864635584
-9.28454504496356
-8.79576008258303
-8.795841898785966
-8.79592687526976
-8.79601614820441
-8.796111261583215
-8.796214313507807
-8.796328154859822
-8.796456659048244
-8.79660508812689
-8.796787324301633
-8.797035718599707
-8.797381180256814
-8.797846370769543
-8.798468555299737
-8.799305207834573
-8.800477311114678
-8.802053214248359
-8.804156583392169
-8.806939914277477
-8.810846920687691
-8.811900083679935
-8.81505308460917
-8.824118986704057
-8.836429247178785
-8.852584405862572
-8.873257950878179
-8.897779927418394
-8.919884333770836
-8.959580458592518
-9.008691711739827
-9.053351336420933
-8.682964289978434
-8.683045558144636
-8.683129827166251
-8.683218176475826
-8.683312072986908
-8.683413510095315
-8.683525196467391
-8.683650812383558
-8.68379535769001
-8.68397235195117
-8.684213641094592
-8.684549484481789
-8.685001688430894
-8.685606363454678
-8.686419445048957
-8.687560104500738
-8.689094224449429
-8.691142333829578
-8.693852671975556
-8.697667920124923
-8.709167235194156
-8.721575184040043
-8.730273017616092
-8.742094504407687
-8.757584642421275
-8.777338662809955
-8.801793120782548
-8.831241517998432
-8.86845803807897
-8.902279221033917
-8.962754999671194
-8.678683132399982
-8.67875280047735
-8.6788253132319
-8.678901698818015
-8.678983354530784
-8.67907217925498
-8.679170753367476
-8.67928258303609
-8.679412431855956
-8.679572455435235
-8.679790547905792
-8.680093600339358
-8.680501827488849
-8.681048154237539
-8.681783074245354
-8.682811449622776
-8.68419462977826
-8.686041892668678
-8.688488287308617
-8.692513083160055
-8.697231512262528
-8.703236255296721
-8.711118735025828
-8.72177869640003
-8.74164171703433
-8.74997253247688
-8.776602252951376
-8.810677195317178
-8.852959355221842
-8.902718545460916
-8.958512116154948
-8.747795095999136
-8.747870413455006
-8.747948461411106
-8.748030225734258
-8.74811704624842
-8.748210743739016
-8.748313792463774
-8.748429554421714
-8.74856259738883
-8.748725366032373
-8.748947263593884
-8.7492561676212
-8.749672049968117
-8.750228057758326
-8.750975591974848
-8.752024425951044
-8.753434725050852
-8.755316949320083
-8.757806827245226
-8.769890096875612
-8.776601276279742
-8.782214497385011
-8.79009733852861
-8.80077060218873
-8.814686985933179
-8.832309994748949
-8.854080829281596
-8.874005456842454
-8.914735559135499
-8.964954004666248
-9.023624021039875
-8.853399470038937
-8.853485226746383
-8.853573746774899
-8.853666026996192
-8.85376342217116
-8.853867773357406
-8.853981582322744
-8.854108248392405
-8.854252389976677
-8.854427476513553
-8.854666222030925
-8.854999149754756
-8.855447087318264
-8.856045275973722
-8.85684895624483
-8.857979193391643
-8.859497974467685
-8.861522742647828
-8.864196867843281
-8.867970213553354
-8.873003757229595
-8.879650051655691
-8.888320110760908
-8.90012367454897
-8.915591156764615
-8.935294262645414
-8.959841235185445
-8.990534840448005
-9.016771783230599
-9.06746865110289
-9.128123869637733
-8.623034820423639
-8.623187123303339
-8.623344900920745
-8.623510143116478
-8.623685553589036
-8.623874805668015
-8.624082889469989
-8.62431658286507
-8.624585090004807
-8.624913477263572
-8.625360917031527
-8.625983298855205
-8.62682035549162
-8.627937951378506
-8.62943787215217
-8.63153652104229
-8.634348462423722
-8.63808413211804
-8.642997322087123
-8.649845471650607
-8.658877868240104
-8.670630693275513
-8.685676510616176
-8.705476388489346
-8.718042579501386
-8.761709041673317
-8.818200450576997
-8.87493355815352
-8.939312929207688
-9.00395508912775
-9.09263781113214
-8.470195005421347
-8.470469688824323
-8.470754011914877
-8.471051495555784
-8.471366922149478
-8.471706786616396
-8.472079907776212
-8.4724982564958
-8.47297807619028
-8.47356402489226
-8.474361863021256
-8.475470757884255
-8.476959976016833
-8.478944477866726
-8.481601410732777
-8.485306940032853
-8.490248672696227
-8.49677357528963
-8.505288596291
-8.51702007204381
-8.53225519029167
-8.551678426170565
-8.57589097871703
-8.595162849766021
-8.642705421450868
-8.705786394879182
-8.781369859696818
-8.845190738262783
-8.934447343581722
-9.034282357626486
-9.142620648725218
-8.300434660320333
-8.300966927812508
-8.301516816524712
-8.302090796770992
-8.30269765144707
-8.303349298969303
-8.304061906317852
-8.30485739214141
-8.305765452368012
-8.306870082101153
-8.308372280387845
-8.310457453545382
-8.313249781349912
-8.316956601802996
-8.321896331361428
-8.328745949478376
-8.337799977902975
-8.349617734300558
-8.364819270643906
-8.385331184250024
-8.41123105551877
-8.443052725151544
-8.46962554924952
-8.528115151263622
-8.597943830408264
-8.681281162364428
-8.771499988266829
-8.87542682113451
-8.980707472123344
-9.114474386800435
-9.250513496555078
-8.080427504335495
-8.081142933280624
-8.081890081602698
-8.0826820206493
-8.085897041821447
-8.08684606970862
-8.06994778873513
-8.071627424278008
-8.073538232539223
-8.07585486717983
-8.078998360669763
-8.083349899814857
-8.089151863141613
-8.096809677426291
-8.106940499320242
-8.120861804604509
-8.139030462735487
-8.162364948251588
-8.191784195234643
-8.23053090334227
-8.285269528138208
-8.344803492432394
-8.401104713309751
-8.479392852571586
-8.573603731811128
-8.67696982609288
-8.807326838350676
-8.926971914266717
-9.068212194665197
-9.228322119354926
-9.387349653929162
-7.788659195147695
-7.791015214725879
-7.793446819879366
-7.795982266589619
-7.798659750595026
-7.80153082625507
-7.804664949757056
-7.808155473830265
-7.812127480619928
-7.816933629464691
-7.823409475446155
-7.832277439643948
-7.843950710679098
-7.85911049839
-7.878745103914587
-7.904833483866386
-7.937517469070749
-7.977342411223396
-8.024235158746576
-8.075405728448885
-8.15652791515782
-8.246402698071787
-8.336148821952216
-8.470280670568958
-8.586573529523749
-8.726478629558867
-8.880529655252431
-9.027702256766824
-9.196360070126254
-9.371966270082954
-9.550993408579915
-7.4176535125533265
-7.422079301494691
-7.426603599479944
-7.431291678718389
-7.436232813478752
-7.441548273679106
-7.447401670038274
-7.454012094793299
-7.461670369503878
-7.457079138909351
-7.48043149519113
-7.5026927006674295
-7.52997553753941
-7.5641324873927775
-7.606402089083394
-7.659030227083256
-7.719728115802925
-7.779838488826211
-7.872694268917426
-7.9771182165966215
-8.091354555107563
-8.210290966807015
-8.35399357929569
-8.50421173474296
-8.652958250068082
-8.824388940819496
-9.003254076885247
-9.183382465782948
-9.370034709658107
-9.562681948776799
-9.761299795188101
-6.937493287852727
-6.948540217104587
-6.959433675728869
-6.970281099825962
-6.966468781480812
-6.985115013890623
-7.00520913633377
-7.027196265559329
-7.051634738234407
-7.081750218918066
-7.125746476384427
-7.164003756835931
-7.214277684919231
-7.2642618833874035
-7.36068257292274
-7.457563854385348
-7.551478310539813
-7.676389172473098
-7.798671825461902
-7.944907370205878
-8.098794009618752
-8.260445829344123
-8.428968234277551
-8.601872851452177
-8.78009159694718
-8.966614978961246
-9.162183562403486
-9.36132593513554
-9.566095614996295
-9.776275909289556
-9.99203094010931
-6.1945112000910845
-6.228626725576587
-6.291216880914171
-6.347466519464979
-6.384353378095099
-6.45449898205196
-6.52089674588659
-6.566191571696809
-6.64737628784679
-6.726529021117517
-6.799634422178562
-6.877127673872543
-6.98419312506928
-7.085173267282707
-7.222921873460476
-7.354999088421798
-7.502448934333775
-7.669350592068336
-7.825533207549193
-7.997985887465794
-8.180834862896102
-8.36863149599608
-8.55719461042335
-8.751363789165222
-8.950357313941568
-9.153970477328725
-9.355520876036074
-9.571363846755558
-9.796513611273731
-10.023660229420289
-10.25259324832713
-5.6796116187364065
-5.7653156824059275
-5.847550894823376
-5.939387720925296
-6.027961382965731
-6.127077256354961
-6.223145403800249
-6.330507490969675
-6.43494981645989
-6.550806830922412
-6.661581142142512
-6.795594290465628
-6.937219466301764
-7.083610480087974
-7.2390218851131864
-7.407621538063922
-7.585197747416999
-7.768317810316324
-7.953038207654749
-8.138576951193047
-8.337720532553945
-8.54249360935492
-8.746670254986704
-8.95699074547991
-9.170669775522382
-9.380498130327771
-9.605915980785275
-9.84097298204329
-10.07614117916457
-10.316318019560015
-10.564047585857073
-5.6796116187364065
-5.7653156824059275
-5.847550894823376
-5.939387720925296
-6.027961382965731
-6.127077256354961
-6.223145403800249
-6.330507490969675
-6.43494981645989
-6.550806830922412
-6.661581142142512
-6.795594290465628
-6.937219466301764
-7.083610480087974
-7.2390218851131864
-7.407621538063922
-7.585197747416999
-7.768317810316324
-7.953038207654749
-8.138576951193047
-8.337720532553945
-8.54249360935492
-8.746670254986704
-8.95699074547991
-9.170669775522382
-9.380498130327771
-9.605915980785275
-9.84097298204329
-10.07614117916457
-10.316318019560015
-10.564047585857073
-5.6796116187364065
-5.7653156824059275
-5.847550894823376
-5.939387720925296
-6.027961382965731
-6.127077256354961
-6.223145403800249
-6.330507490969675
-6.43494981645989
-6.550806830922412
-6.661581142142512
-6.795594290465628
-6.937219466301764
-7.083610480087974
-7.2390218851131864
-7.407621538063922
-7.585197747416999
-7.768317810316324
-7.953038207654749
-8.138576951193047
-8.337720532553945
-8.54249360935492
-8.746670254986704
-8.95699074547991
-9.170669775522382
-9.380498130327771
-9.605915980785275
-9.84097298204329
-10.07614117916457
-10.316318019560015
-10.564047585857073
-5.6796116187364065
-5.7653156824059275
-5.847550894823376
-5.939387720925296
-6.027961382965731
-6.127077256354961
-6.223145403800249
-6.330507490969675
-6.43494981645989
-6.550806830922412
-6.661581142142512
-6.795594290465628
-6.937219466301764
-7.083610480087974
-7.2390218851131864
-7.407621538063922
-7.585197747416999
-7.768317810316324
-7.953038207654749
-8.138576951193047
-8.337720532553945
-8.54249360935492
-8.746670254986704
-8.95699074547991
-9.170669775522382
-9.380498130327771
-9.605915980785275
-9.84097298204329
-10.07614117916457
-10.316318019560015
-10.564047585857073
-5.6796116187364065
-5.7653156824059275
-5.847550894823376
-5.939387720925296
-6.027961382965731
-6.127077256354961
-6.223145403800249
-6.330507490969675
-6.43494981645989
-6.550806830922412
-6.661581142142512
-6.795594290465628
-6.937219466301764
-7.083610480087974
-7.2390218851131864
-7.407621538063922
-7.585197747416999
-7.768317810316324
-7.953038207654749
-8.138576951193047
-8.337720532553945
-8.54249360935492
-8.746670254986704
-8.95699074547991
-9.170669775522382
-9.380498130327771
-9.605915980785275
-9.84097298204329
-10.07614117916457
-10.316318019560015
-10.564047585857073
-5.6796116187364065
-5.7653156824059275
-5.847550894823376
-5.939387720925296
-6.027961382965731
-6.127077256354961
-6.223145403800249
-6.330507490969675
-6.43494981645989
-6.550806830922412
-6.661581142142512
-6.795594290465628
-6.937219466301764
-7.083610480087974
-7.2390218851131864
-7.407621538063922
-7.585197747416999
-7.768317810316324
-7.953038207654749
-8.138576951193047
-8.337720532553945
-8.54249360935492
-8.746670254986704
-8.95699074547991
-9.170669775522382
-9.380498130327771
-9.605915980785275
-9.84097298204329
-10.07614117916457
-10.316318019560015
-10.564047585857073
-5.6796116187364065
-5.7653156824059275
-5.847550894823376
-5.939387720925296
-6.027961382965731
-6.127077256354961
-6.223145403800249
-6.330507490969675
-6.43494981645989
-6.550806830922412
-6.661581142142512
-6.795594290465628
-6.937219466301764
-7.083610480087974
-7.2390218851131864
-7.407621538063922
-7.585197747416999
-7.768317810316324
-7.953038207654749
-8.138576951193047
-8.337720532553945
-8.54249360935492
-8.746670254986704
-8.95699074547991
-9.170669775522382
-9.380498130327771
-9.605915980785275
-9.84097298204329
-10.07614117916457
-10.316318019560015
-10.564047585857073
-5.6796116187364065
-5.7653156824059275
-5.847550894823376
-5.939387720925296
-6.027961382965731
-6.127077256354961
-6.223145403800249
-6.330507490969675
-6.43494981645989
-6.550806830922412
-6.661581142142512
-6.795594290465628
-6.937219466301764
-7.083610480087974
-7.2390218851131864
-7.407621538063922
-7.585197747416999
-7.768317810316324
-7.953038207654749
-8.138576951193047
-8.337720532553945
-8.54249360935492
-8.746670254986704
-8.95699074547991
-9.170669775522382
-9.380498130327771
-9.605915980785275
-9.84097298204329
-10.07614117916457
-10.316318019560015
-10.564047585857073
-5.6796116187364065
-5.7653156824059275
-5.847550894823376
-5.939387720925296
-6.027961382965731
-6.127077256354961
-6.223145403800249
-6.330507490969675
-6.43494981645989
-6.550806830922412
-6.661581142142512
-6.795594290465628
-6.937219466301764
-7.083610480087974
-7.2390218851131864
-7.407621538063922
-7.585197747416999
-7.768317810316324
-7.953038207654749
-8.138576951193047
-8.337720532553945
-8.54249360935492
-8.746670254986704
-8.95699074547991
-9.170669775522382
-9.380498130327771
-9.605915980785275
-9.84097298204329
-10.07614117916457
-10.316318019560015
-10.564047585857073
-5.6796116187364065
-5.7653156824059275
-5.847550894823376
-5.939387720925296
-6.027961382965731
-6.127077256354961
-6.223145403800249
-6.330507490969675
-6.43494981645989
-6.550806830922412
-6.661581142142512
-6.795594290465628
-6.937219466301764
-7.083610480087974
-7.2390218851131864
-7.407621538063922
-7.585197747416999
-7.768317810316324
-7.953038207654749
-8.138576951193047
-8.337720532553945
-8.54249360935492
-8.746670254986704
-8.95699074547991
-9.170669775522382
-9.380498130327771
-9.605915980785275
-9.84097298204329
-10.07614117916457
-10.316318019560015
-10.564047585857073
-5.6796116187364065
-5.7653156824059275
-5.847550894823376
-5.939387720925296
-6.027961382965731
-6.127077256354961
-6.223145403800249
-6.330507490969675
-6.43494981645989
-6.550806830922412
-6.661581142142512
-6.795594290465628
-6.937219466301764
-7.083610480087974
-7.2390218851131864
-7.407621538063922
-7.585197747416999
-7.768317810316324
-7.953038207654749
-8.138576951193047
-8.337720532553945
-8.54249360935492
-8.746670254986704
-8.95699074547991
-9.170669775522382
-9.380498130327771
-9.605915980785275
-9.84097298204329
-10.07614117916457
-10.316318019560015
-10.564047585857073
-5.6796116187364065
-5.7653156824059275
-5.847550894823376
-5.939387720925296
-6.027961382965731
-6.127077256354961
-6.223145403800249
-6.330507490969675
-6.43494981645989
-6.550806830922412
-6.661581142142512
-6.795594290465628
-6.937219466301764
-7.083610480087974
-7.2390218851131864
-7.407621538063922
-7.585197747416999
-7.768317810316324
-7.953038207654749
-8.138576951193047
-8.337720532553945
-8.54249360935492
-8.746670254986704
-8.95699074547991
-9.170669775522382
-9.380498130327771
-9.605915980785275
-9.84097298204329
-10.07614117916457
-10.316318019560015
-10.564047585857073
-5.6796116187364065
-5.7653156824059275
-5.847550894823376
-5.939387720925296
-6.027961382965731
-6.127077256354961
-6.223145403800249
-6.330507490969675
-6.43494981645989
-6.550806830922412
-6.661581142142512
-6.795594290465628
-6.937219466301764
-7.083610480087974
-7.2390218851131864
-7.407621538063922
-7.585197747416999
-7.768317810316324
-7.953038207654749
-8.138576951193047
-8.337720532553945
-8.54249360935492
-8.746670254986704
-8.95699074547991
-9.170669775522382
-9.380498130327771
-9.605915980785275
-9.84097298204329
-10.07614117916457
-10.316318019560015
-10.564047585857073
-5.6796116187364065
-5.7653156824059275
-5.847550894823376
-5.939387720925296
-6.027961382965731
-6.127077256354961
-6.223145403800249
-6.330507490969675
-6.43494981645989
-6.550806830922412
-6.661581142142512
-6.795594290465628
-6.937219466301764
-7.083610480087974
-7.2390218851131864
-7.407621538063922
-7.585197747416999
-7.768317810316324
-7.953038207654749
-8.138576951193047
-8.337720532553945
-8.54249360935492
-8.746670254986704
-8.95699074547991
-9.170669775522382
-9.380498130327771
-9.605915980785275
-9.84097298204329
-10.07614117916457
-10.316318019560015
-10.564047585857073
-5.6796116187364065
-5.7653156824059275
-5.847550894823376
-5.939387720925296
-6.027961382965731
-6.127077256354961
-6.223145403800249
-6.330507490969675
-6.43494981645989
-6.550806830922412
-6.661581142142512
-6.795594290465628
-6.937219466301764
-7.083610480087974
-7.2390218851131864
-7.407621538063922
-7.585197747416999
-7.768317810316324
-7.953038207654749
-8.138576951193047
-8.337720532553945
-8.54249360935492
-8.746670254986704
-8.95699074547991
-9.170669775522382
-9.380498130327771
-9.605915980785275
-9.84097298204329
-10.07614117916457
-10.316318019560015
-10.564047585857073
-5.6796116187364065
-5.7653156824059275
-5.847550894823376
-5.939387720925296
-6.027961382965731
-6.127077256354961
-6.223145403800249
-6.330507490969675
-6.43494981645989
-6.550806830922412
-6.661581142142512
-6.795594290465628
-6.937219466301764
-7.083610480087974
-7.2390218851131864
-7.407621538063922
-7.585197747416999
-7.768317810316324
-7.953038207654749
-8.138576951193047
-8.337720532553945
-8.54249360935492
-8.746670254986704
-8.95699074547991
-9.170669775522382
-9.380498130327771
-9.605915980785275
-9.84097298204329
-10.07614117916457
-10.316318019560015
-10.564047585857073
-9.193204122721351
-9.193328304911132
-9.19346820757434
-9.19362947496318
-9.19381977307465
-9.19404951135125
-9.194332819913031
-9.19468887102896
-9.195143662830011
-9.195739789448117
-9.196549632489505
-9.197656704019417
-9.199152530276457
-9.20116710816905
-9.203881787363928
-9.207583298598552
-9.212549063208385
-9.219173947779806
-9.22795260357825
-9.239742106160154
-9.229820393521964
-9.24464844863872
-9.270852533603444
-9.304041071862569
-9.336288407074704
-9.389591140161574
-9.449475288334796
-9.513373802642228
-9.58600489605277
-9.681386460812499
-9.78739353835055
-8.852161649660012
-8.852258282347993
-8.852360853776647
-8.852471501281887
-8.852593128999013
-8.852729682604593
-8.852886522196489
-8.853070928113649
-8.853292786621495
-8.853572884059702
-8.853954175637591
-8.85448064338834
-8.855190788264526
-8.856143797528814
-8.857427144705397
-8.859205148813379
-8.861595351873163
-8.86478859437323
-8.869023733924363
-8.874864420866443
-8.866311143232382
-8.861818333568547
-8.875817613099928
-8.894408805202394
-8.918379589824204
-8.94853620292016
-8.982825370413572
-9.007507196709986
-9.06168876530442
-9.128785344383667
-9.198030527461814
-8.645910223648249
-8.646002324836418
-8.64609895760821
-8.64620175456439
-8.646312934175183
-8.646435510813237
-8.64657357990714
-8.646732704935319
-8.64692044235743
-8.64715436904802
-8.647472998220053
-8.647914434770705
-8.648509397106013
-8.649306560578879
-8.650379291250134
-8.651873218940269
-8.653881563651899
-8.656563245548732
-8.660115619723062
-8.665054790641424
-8.666869051984019
-8.671300507803378
-8.682756114686153
-8.698097506051447
-8.717964961944148
-8.743006974723441
-8.772358024642577
-8.799696423729651
-8.845140201072368
-8.891834039568039
-8.967637945286357
-8.51651348774145
-8.516605017437264
-8.516700926363441
-8.516802792601665
-8.51691276056993
-8.517033744070812
-8.517169701974318
-8.517326012380238
-8.517509980181666
-8.517738832046657
-8.518050589828622
-8.518482738013168
-8.519065189413313
-8.519845535399348
-8.52089571067465
-8.522359748399749
-8.524328706819409
-8.526958846266039
-8.530443947366143
-8.535301095457163
-8.548989055382421
-8.56363074549009
-8.574396437716443
-8.58878884792056
-8.607348882479602
-8.630578615507766
-8.658674221693547
-8.6833604954852
-8.734777726901564
-8.795092327200877
-8.861511604453169
-8.491223566390795
-8.49129189522349
-8.491364469455057
-8.491442828342185
-8.49152906369145
-8.49162601801973
-8.49173755362463
-8.491868917807833
-8.492027238367156
-8.492227370312467
-8.49249982652734
-8.492875977551254
-8.493383527830451
-8.494064977688748
-8.49498307010123
-8.496255216482458
-8.497966757764106
-8.500255774880115
-8.503295623982856
-8.508046149300366
-8.513741400063283
-8.52102428769365
-8.51811953221276
-8.533943624333624
-8.56494392736801
-8.598331662016143
-8.63051505664424
-8.67055875136078
-8.718298815916437
-8.762733359695325
-8.835291801042576
-8.549812202162665
-8.549888457556516
-8.549968761075785
-8.550054578820902
-8.550147903178583
-8.550251441571364
-8.550368872759343
-8.550505194751322
-8.550667196847295
-8.550870064215928
-8.551146347773637
-8.55152867629959
-8.552044213575417
-8.552735515356789
-8.553666270696583
-8.5549604482726
-8.556701128672062
-8.55902734958142
-8.562112515851332
-8.574642436311276
-8.582026328116282
-8.575129783230622
-8.586645887281378
-8.602242260042445
-8.6226400962861
-8.648628760616381
-8.681077199720344
-8.721881300121355
-8.768928859680488
-8.82472526204805
-8.88106611680756
-8.645213186807045
-8.645301905539451
-8.645394680685335
-8.645492980433186
-8.645598799976435
-8.645714850509288
-8.645844815858789
-8.645993700838044
-8.646168303880337
-8.64638497166634
-8.646680138708888
-8.647089483636792
-8.647641021168074
-8.648379581503333
-8.649373136914019
-8.65075878499627
-8.652621182309113
-8.655106921380144
-8.658397423380594
-8.662980536226453
-8.669073961759624
-8.677091298188754
-8.687509827332848
-8.701425769188681
-8.719336672835068
-8.732013439819006
-8.766438555984482
-8.809938030493141
-8.859874482966083
-8.917393486241115
-8.983621014501608
-8.39182177737013
-8.39197985364886
-8.392146194331353
-8.392323815095626
-8.39251681307994
-8.39273075396682
-8.392973197017469
-8.393254406713181
-8.393588316395647
-8.394006136955738
-8.394574760370784
-8.395360861187827
-8.396419377255924
-8.397836190703156
-8.399739192071182
-8.402375863053592
-8.405905584630194
-8.41059371437623
-8.41676271883142
-8.425216404096817
-8.436283125206986
-8.438258218607565
-8.460601138163971
-8.490179486554414
-8.527785427285623
-8.579644915391553
-8.64381313103163
-8.694991168180241
-8.778750230767185
-8.866401873438354
-8.94993171010013
-8.218234124573947
-8.21854321069438
-8.218867152758175
-8.219211384306783
-8.219583283934265
-8.21999286913169
-8.22045373570505
-8.220984328047292
-8.221609653775579
-8.222387887025896
-8.223446226479357
-8.224909146788688
-8.22687488983676
-8.229498251833165
-8.233009880487996
-8.237862242145468
-8.244319142450038
-8.252826159485748
-8.263903240971453
-8.278901428390485
-8.298173132015004
-8.322415391805851
-8.344091015414303
-8.39073302926543
-8.447913739482265
-8.520834786598892
-8.595460003964638
-8.69105436709436
-8.786927024449337
-8.889456149100296
-9.018223149996384
-8.025414163625392
-8.026045516712202
-8.026704818576736
-8.027402287837132
-8.02815178745972
-8.028972115788124
-8.029888748103948
-8.03093618020111
-8.032161071540747
-8.033676355895818
-8.035733767282792
-8.038573849475629
-8.042376009979575
-8.047424722470607
-8.054142022339589
-8.063363414629423
-8.075500746351048
-8.091265837489061
-8.111428191075793
-8.138114199803418
-8.171332279132494
-8.211426850158468
-8.254366432938903
-8.324538467410191
-8.405799535884231
-8.489914130940996
-8.610622070826228
-8.711981748318369
-8.844969835354684
-8.979183682854279
-9.124458917466548
-7.785415152047768
-7.786388927059509
-7.787416086570824
-7.788517624952877
-7.789722002535556
-7.791067759027289
-7.792607013043474
-7.794410124129126
-7.796571859523097
-7.799288262908722
-7.802954936994551
-7.807954891672586
-7.814593448210135
-7.823320775474663
-7.820496568383345
-7.839421311296949
-7.863893780665403
-7.894992503334765
-7.933726216776107
-7.983506524933948
-8.051538822200076
-8.111619095132227
-8.198065376135277
-8.288129881639668
-8.393734382254493
-8.515681981587191
-8.649584051756904
-8.787918309087962
-8.94411279883633
-9.106663001147506
-9.272255383370773
-7.479622849011732
-7.481543419391278
-7.483568306669732
-7.485744449071866
-7.488135439730141
-7.493314627547406
-7.4782697753543514
-7.483164942734344
-7.488869370880485
-7.495876245673357
-7.505269962236814
-7.518006683138806
-7.534678110994479
-7.556189544962218
-7.583783334735317
-7.619802614992178
-7.6643720644162014
-7.718031428150584
-7.780565051419681
-7.8439347895636695
-7.940818201660546
-8.04617373624444
-8.153594089099181
-8.298536716308442
-8.431975185470542
-8.57519609399335
-8.73845975871589
-8.893737585638023
-9.07300880747437
-9.258137085872969
-9.445040493927857
-7.0645244218325445
-7.071270282036795
-7.078294059056125
-7.08570768113036
-7.093661234820598
-7.102354615371943
-7.112051924607871
-7.123098624251308
-7.135940856861379
-7.152921005160062
-7.179999692267322
-7.206821190342438
-7.239173498887647
-7.264952752117351
-7.322488074109129
-7.392756933152247
-7.473322080894415
-7.561412590196371
-7.656770244821422
-7.779042469980155
-7.908789715047326
-8.04475143252152
-8.197097050915719
-8.36135723579484
-8.522351840078572
-8.6943859685825
-8.882549829343736
-9.069552336740621
-9.262725551277846
-9.461307597323342
-9.665111328500211
-6.550127135939453
-6.568452545673371
-6.587417930133476
-6.607257087150984
-6.62828155704038
-6.6508993134316725
-6.675633973880306
-6.703141374224953
-6.734218196499784
-6.771850535540678
-6.810071843507194
-6.865069464090056
-6.936152390431032
-7.025366531865219
-7.11648540949711
-7.235302121205636
-7.356845194326452
-7.486941960406684
-7.624322186517309
-7.7737796600768805
-7.9474575832499506
-8.120641293881926
-8.299529347270298
-8.481136579377011
-8.667393298796535
-8.852551911901532
-9.055497163075112
-9.260543651731947
-9.470364649106571
-9.684869588402632
-9.904167187262821
-5.776710165418135
-5.835480260991558
-5.89651342013226
-5.970773423620599
-6.025463055049721
-6.112345917008879
-6.19291644565424
-6.26763004649388
-6.364006393234663
-6.455888344376533
-6.542801398857278
-6.653091070011559
-6.760577131871695
-6.897189954299055
-7.0341518275339645
-7.180695542425165
-7.343144950585092
-7.511888438348864
-7.685029057697623
-7.865785095251724
-8.050136085947912
-8.247510614559573
-8.443649301292968
-8.644458412972078
-8.849241056836231
-9.0577097263336
-9.263173638194527
-9.4827158325604
-9.711655064406091
-9.941239000049778
-10.171171930736904
-5.2830237154995965
-5.381009009946471
-5.473987325177281
-5.600446893931959
-5.704453434658682
-5.830602939043014
-5.946486717841493
-6.060937575726615
-6.200300286411607
-6.323818642398493
-6.46268086922574
-6.605654783337013
-6.75633570163652
-6.915307692748911
-7.083488796804273
-7.263206408564219
-7.451110661744286
-7.64341328608406
-7.835520228181569
-8.02665421385464
-8.222180661671153
-8.433775229975057
-8.643491556930355
-8.858839847440024
-9.076483288773211
-9.290232060601493
-9.51869849871431
-9.756951248158142
-9.993395594699134
-10.233990977147176
-10.474693366250776
-5.2830237154995965
-5.381009009946471
-5.473987325177281
-5.600446893931959
-5.704453434658682
-5.830602939043014
-5.946486717841493
-6.060937575726615
-6.200300286411607
-6.323818642398493
-6.46268086922574
-6.605654783337013
-6.75633570163652
-6.915307692748911
-7.083488796804273
-7.263206408564219
-7.451110661744286
-7.64341328608406
-7.835520228181569
-8.02665421385464
-8.222180661671153
-8.433775229975057
-8.643491556930355
-8.858839847440024
-9.076483288773211
-9.290232060601493
-9.51869849871431
-9.756951248158142
-9.993395594699134
-10.233990977147176
-10.474693366250776
-5.2830237154995965
-5.381009009946471
-5.473987325177281
-5.600446893931959
-5.704453434658682
-5.830602939043014
-5.946486717841493
-6.060937575726615
-6.200300286411607
-6.323818642398493
-6.46268086922574
-6.605654783337013
-6.75633570163652
-6.915307692748911
-7.083488796804273
-7.263206408564219
-7.451110661744286
-7.64341328608406
-7.835520228181569
-8.02665421385464
-8.222180661671153
-8.433775229975057
-8.643491556930355
-8.858839847440024
-9.076483288773211
-9.290232060601493
-9.51869849871431
-9.756951248158142
-9.993395594699134
-10.233990977147176
-10.474693366250776
-5.2830237154995965
-5.381009009946471
-5.473987325177281
-5.600446893931959
-5.704453434658682
-5.830602939043014
-5.946486717841493
-6.060937575726615
-6.200300286411607
-6.323818642398493
-6.46268086922574
-6.605654783337013
-6.75633570163652
-6.915307692748911
-7.083488796804273
-7.263206408564219
-7.451110661744286
-7.64341328608406
-7.835520228181569
-8.02665421385464
-8.222180661671153
-8.433775229975057
-8.643491556930355
-8.858839847440024
-9.076483288773211
-9.290232060601493
-9.51869849871431
-9.756951248158142
-9.993395594699134
-10.233990977147176
-10.474693366250776
-5.2830237154995965
-5.381009009946471
-5.473987325177281
-5.600446893931959
-5.704453434658682
-5.830602939043014
-5.946486717841493
-6.060937575726615
-6.200300286411607
-6.323818642398493
-6.46268086922574
-6.605654783337013
-6.75633570163652
-6.915307692748911
-7.083488796804273
-7.263206408564219
-7.451110661744286
-7.64341328608406
-7.835520228181569
-8.02665421385464
-8.222180661671153
-8.433775229975057
-8.643491556930355
-8.858839847440024
-9.076483288773211
-9.290232060601493
-9.51869849871431
-9.756951248158142
-9.993395594699134
-10.233990977147176
-10.474693366250776
-5.2830237154995965
-5.381009009946471
-5.473987325177281
-5.600446893931959
-5.704453434658682
-5.830602939043014
-5.946486717841493
-6.060937575726615
-6.200300286411607
-6.323818642398493
-6.46268086922574
-6.605654783337013
-6.75633570163652
-6.915307692748911
-7.083488796804273
-7.263206408564219
-7.451110661744286
-7.64341328608406
-7.835520228181569
-8.02665421385464
-8.222180661671153
-8.433775229975057
-8.643491556930355
-8.858839847440024
-9.076483288773211
-9.290232060601493
-9.51869849871431
-9.756951248158142
-9.993395594699134
-10.233990977147176
-10.474693366250776
-5.2830237154995965
-5.381009009946471
-5.473987325177281
-5.600446893931959
-5.704453434658682
-5.830602939043014
-5.946486717841493
-6.060937575726615
-6.200300286411607
-6.323818642398493
-6.46268086922574
-6.605654783337013
-6.75633570163652
-6.915307692748911
-7.083488796804273
-7.263206408564219
-7.451110661744286
-7.64341328608406
-7.835520228181569
-8.02665421385464
-8.222180661671153
-8.433775229975057
-8.643491556930355
-8.858839847440024
-9.076483288773211
-9.290232060601493
-9.51869849871431
-9.756951248158142
-9.993395594699134
-10.233990977147176
-10.474693366250776
-5.2830237154995965
-5.381009009946471
-5.473987325177281
-5.600446893931959
-5.704453434658682
-5.830602939043014
-5.946486717841493
-6.060937575726615
-6.200300286411607
-6.323818642398493
-6.46268086922574
-6.605654783337013
-6.75633570163652
-6.915307692748911
-7.083488796804273
-7.263206408564219
-7.451110661744286
-7.64341328608406
-7.835520228181569
-8.02665421385464
-8.222180661671153
-8.433775229975057
-8.643491556930355
-8.858839847440024
-9.076483288773211
-9.290232060601493
-9.51869849871431
-9.756951248158142
-9.993395594699134
-10.233990977147176
-10.474693366250776
-5.2830237154995965
-5.381009009946471
-5.473987325177281
-5.600446893931959
-5.704453434658682
-5.830602939043014
-5.946486717841493
-6.060937575726615
-6.200300286411607
-6.323818642398493
-6.46268086922574
-6.605654783337013
-6.75633570163652
-6.915307692748911
-7.083488796804273
-7.263206408564219
-7.451110661744286
-7.64341328608406
-7.835520228181569
-8.02665421385464
-8.222180661671153
-8.433775229975057
-8.643491556930355
-8.858839847440024
-9.076483288773211
-9.290232060601493
-9.51869849871431
-9.756951248158142
-9.993395594699134
-10.233990977147176
-10.474693366250776
-5.2830237154995965
-5.381009009946471
-5.473987325177281
-5.600446893931959
-5.704453434658682
-5.830602939043014
-5.946486717841493
-6.060937575726615
-6.200300286411607
-6.323818642398493
-6.46268086922574
-6.605654783337013
-6.75633570163652
-6.915307692748911
-7.083488796804273
-7.263206408564219
-7.451110661744286
-7.64341328608406
-7.835520228181569
-8.02665421385464
-8.222180661671153
-8.433775229975057
-8.643491556930355
-8.858839847440024
-9.076483288773211
-9.290232060601493
-9.51869849871431
-9.756951248158142
-9.993395594699134
-10.233990977147176
-10.474693366250776
-5.2830237154995965
-5.381009009946471
-5.473987325177281
-5.600446893931959
-5.704453434658682
-5.830602939043014
-5.946486717841493
-6.060937575726615
-6.200300286411607
-6.323818642398493
-6.46268086922574
-6.605654783337013
-6.75633570163652
-6.915307692748911
-7.083488796804273
-7.263206408564219
-7.451110661744286
-7.64341328608406
-7.835520228181569
-8.02665421385464
-8.222180661671153
-8.433775229975057
-8.643491556930355
-8.858839847440024
-9.076483288773211
-9.290232060601493
-9.51869849871431
-9.756951248158142
-9.993395594699134
-10.233990977147176
-10.474693366250776
-5.2830237154995965
-5.381009009946471
-5.473987325177281
-5.600446893931959
-5.704453434658682
-5.830602939043014
-5.946486717841493
-6.060937575726615
-6.200300286411607
-6.323818642398493
-6.46268086922574
-6.605654783337013
-6.75633570163652
-6.915307692748911
-7.083488796804273
-7.263206408564219
-7.451110661744286
-7.64341328608406
-7.835520228181569
-8.02665421385464
-8.222180661671153
-8.433775229975057
-8.643491556930355
-8.858839847440024
-9.076483288773211
-9.290232060601493
-9.51869849871431
-9.756951248158142
-9.993395594699134
-10.233990977147176
-10.474693366250776
-5.2830237154995965
-5.381009009946471
-5.473987325177281
-5.600446893931959
-5.704453434658682
-5.830602939043014
-5.946486717841493
-6.060937575726615
-6.200300286411607
-6.323818642398493
-6.46268086922574
-6.605654783337013
-6.75633570163652
-6.915307692748911
-7.083488796804273
-7.263206408564219
-7.451110661744286
-7.64341328608406
-7.835520228181569
-8.02665421385464
-8.222180661671153
-8.433775229975057
-8.643491556930355
-8.858839847440024
-9.076483288773211
-9.290232060601493
-9.51869849871431
-9.756951248158142
-9.993395594699134
-10.233990977147176
-10.474693366250776
-5.2830237154995965
-5.381009009946471
-5.473987325177281
-5.600446893931959
-5.704453434658682
-5.830602939043014
-5.946486717841493
-6.060937575726615
-6.200300286411607
-6.323818642398493
-6.46268086922574
-6.605654783337013
-6.75633570163652
-6.915307692748911
-7.083488796804273
-7.263206408564219
-7.451110661744286
-7.64341328608406
-7.835520228181569
-8.02665421385464
-8.222180661671153
-8.433775229975057
-8.643491556930355
-8.858839847440024
-9.076483288773211
-9.290232060601493
-9.51869849871431
-9.756951248158142
-9.993395594699134
-10.233990977147176
-10.474693366250776
-5.2830237154995965
-5.381009009946471
-5.473987325177281
-5.600446893931959
-5.704453434658682
-5.830602939043014
-5.946486717841493
-6.060937575726615
-6.200300286411607
-6.323818642398493
-6.46268086922574
-6.605654783337013
-6.75633570163652
-6.915307692748911
-7.083488796804273
-7.263206408564219
-7.451110661744286
-7.64341328608406
-7.835520228181569
-8.02665421385464
-8.222180661671153
-8.433775229975057
-8.643491556930355
-8.858839847440024
-9.076483288773211
-9.290232060601493
-9.51869849871431
-9.756951248158142
-9.993395594699134
-10.233990977147176
-10.474693366250776
-5.2830237154995965
-5.381009009946471
-5.473987325177281
-5.600446893931959
-5.704453434658682
-5.830602939043014
-5.946486717841493
-6.060937575726615
-6.200300286411607
-6.323818642398493
-6.46268086922574
-6.605654783337013
-6.75633570163652
-6.915307692748911
-7.083488796804273
-7.263206408564219
-7.451110661744286
-7.64341328608406
-7.835520228181569
-8.02665421385464
-8.222180661671153
-8.433775229975057
-8.643491556930355
-8.858839847440024
-9.076483288773211
-9.290232060601493
-9.51869849871431
-9.756951248158142
-9.993395594699134
-10.233990977147176
-10.474693366250776
-9.06222712299605
-9.06236256638585
-9.062520161876536
-9.062707870303079
-9.062936501321055
-9.063220727937443
-9.063580458179068
-9.064042686107912
-9.06464398323403
-9.065440547453367
-9.066521683881454
-9.067994717203222
-9.06998470501741
-9.072665258182457
-9.07627387924961
-9.081164302348624
-9.087707817444011
-9.096410829537152
-9.107900377885384
-9.123142273219969
-9.118882084270298
-9.122552786379545
-9.158497614770686
-9.203175726214132
-9.257223798809608
-9.320930505562876
-9.391527952990533
-9.456602721446167
-9.549950491658533
-9.65397178474316
-9.75854008466705
-8.710903014071148
-8.71100174724808
-8.711108979084058
-8.71122777663942
-8.711362306947647
-8.7115182307714
-8.711703236691905
-8.711927765023331
-8.712205988053208
-8.71256399930229
-8.713050898341663
-8.713719853635862
-8.714623134186075
-8.715837867361412
-8.717474814164994
-8.719725103247766
-8.722748701168344
-8.726788450542154
-8.732150005294285
-8.739449156977642
-8.733400747166652
-8.731369453745495
-8.749252809692228
-8.772603308421983
-8.802204940855209
-8.838742497625661
-8.880328289514212
-8.915390936959145
-8.978643995070897
-9.045216229834413
-9.1413335674937
-8.49226647552477
-8.49236136181817
-8.492462825040755
-8.492573241414473
-8.492695839644453
-8.49283500630616
-8.492996700260218
-8.493189014705724
-8.493422938888939
-8.49372040430786
-8.49412519280204
-8.494683049017384
-8.49543582776598
-8.496446847365796
-8.497808649013205
-8.499689733271554
-8.502217947902713
-8.505595449435946
-8.510075485720682
-8.516222343315519
-8.519784530698619
-8.52647607325268
-8.540727594168738
-8.559450183752103
-8.583244110718187
-8.612585945400552
-8.638274470774896
-8.673854461286261
-8.734149909774498
-8.80670155286931
-8.888025413733043
-8.348102305152429
-8.348198836715383
-8.34830181767164
-8.348413577093423
-8.348537279645726
-8.348677224940783
-8.348839253780284
-8.349031299149491
-8.349264132982645
-8.349559586026508
-8.349961697342447
-8.350516224179708
-8.351264499099857
-8.352269346176891
-8.353622906332308
-8.355494883241807
-8.358011868207996
-8.361375639365809
-8.365838621596701
-8.371978376194997
-8.387071187930687
-8.40301786219453
-8.416082332585972
-8.420569037776595
-8.447062156477076
-8.48029943678151
-8.520729701521745
-8.568195514891373
-8.62690377936488
-8.692340759935213
-8.76220120881955
-8.294146628551506
-8.294259350611679
-8.29437855691921
-8.294506578532925
-8.294646582691783
-8.294802872338101
-8.294981292573494
-8.295189781921867
-8.295439119429947
-8.295752660311946
-8.29617956940602
-8.296769685814324
-8.297565564603374
-8.29863319678666
-8.300070696510316
-8.30206623778114
-8.304749802393117
-8.308335494935307
-8.313089683642888
-8.320708565902667
-8.329709347182565
-8.341155539702157
-8.356104170089237
-8.376031227691449
-8.412509362808688
-8.451115435077293
-8.488711306918056
-8.522048890574997
-8.584893664655903
-8.656917330932185
-8.73565311997257
-8.338407349298391
-8.338523655486448
-8.338646171375048
-8.33877712863453
-8.33891955949543
-8.339077583541565
-8.339256796915933
-8.339464800234222
-8.339711914126966
-8.340021276818703
-8.340442575568055
-8.341025588960063
-8.341811646507272
-8.34286549651329
-8.34428404280814
-8.346256552664533
-8.348908890318887
-8.352451813242224
-8.357146864557768
-8.377917416813522
-8.389989643940256
-8.400430106746505
-8.414936877912142
-8.43430063754396
-8.459279456106868
-8.490616680122882
-8.52898371849572
-8.575602475522318
-8.61822392759746
-8.689943344878877
-8.771483598763856
-8.420458802480043
-8.420585558336189
-8.420718539329254
-8.420859982120744
-8.421012925685664
-8.421181498719296
-8.421371309670322
-8.421589975767331
-8.42184784005709
-8.42216903001501
-8.422606499613751
-8.423212596549849
-8.424029389152393
-8.425123556175754
-8.42659560163154
-8.428645631924859
-8.431400719859665
-8.435077669099178
-8.439944368842289
-8.446711392570645
-8.455704283324895
-8.46753102770839
-8.482890949229818
-8.50343332318597
-8.529981312382517
-8.563366785341147
-8.604400091176474
-8.654748088513935
-8.710998330453737
-8.765981701118022
-8.84840808281488
-8.149177713872497
-8.149421837478021
-8.149678973143889
-8.149953795022917
-8.15025265098441
-8.150584160222296
-8.150960022807844
-8.15139611514084
-8.15191397003586
-8.152561881771028
-8.153443518465648
-8.154662206298726
-8.156302839025567
-8.158497980603153
-8.161444902611754
-8.165527399317419
-8.170989601685175
-8.178238118778483
-8.187762745300374
-8.200831556592311
-8.217951112628795
-8.240059766688967
-8.268130994664588
-8.30450587730685
-8.349740389285616
-8.409234196891376
-8.471855612210923
-8.553840794732915
-8.645244015290631
-8.731016322429058
-8.8410791530465
-7.971598088527726
-7.97193985880098
-7.972304601688367
-7.972700720804751
-7.973139623998957
-7.973636791628283
-7.974213220074465
-7.974897368405132
-7.975727776378898
-7.97678154917635
-7.978212485789387
-7.980178841507502
-7.982821556959988
-7.986351868395834
-7.991073428404347
-7.997530549066665
-8.006093864716455
-8.017334792600264
-8.031911357218952
-8.05125648687953
-8.06524094630955
-8.101912442975278
-8.147137455785344
-8.203655701575482
-8.270999094461555
-8.35240711283174
-8.448013792010851
-8.55136417158115
-8.649145619398016
-8.77322270096523
-8.904270928247815
-7.757840220529347
-7.758585064671461
-7.759374248381132
-7.76022389875328
-7.761155876128372
-7.762199791234996
-7.763395715088803
-7.7647978053510585
-7.766479133091036
-7.768593709027702
-7.771458914795268
-7.7753898191995985
-7.780646229225066
-7.787619686713235
-7.796869230909182
-7.80941770535406
-7.825826009984281
-7.846974890340591
-7.873776376984523
-7.9084611053443625
-7.950881378116431
-7.992296297661512
-8.061566317827678
-8.143898379156786
-8.236106607531616
-8.338718602291564
-8.46684521504952
-8.585387157865267
-8.714327289998163
-8.868626224180591
-9.025256737528293
-7.497159968088405
-7.498437488406267
-7.499804224927269
-7.501293963750963
-7.50295240996631
-7.504841294652763
-7.507043823287384
-7.509671842247282
-7.512875153871892
-7.516939383054186
-7.522409887201745
-7.529826669877251
-7.539642897617588
-7.552499249750942
-7.569241721049513
-7.5912228951528125
-7.607925704823325
-7.648971748555186
-7.69919224551704
-7.76186942628288
-7.844157258012863
-7.921648403230977
-8.021245483524966
-8.122798512515294
-8.232652758384432
-8.374766634711307
-8.522773121305097
-8.660386263528515
-8.824500103930593
-8.995302476342728
-9.16831392282392
-7.171289517392852
-7.174161039996752
-7.177227256602474
-7.180564648715805
-7.184276155681641
-7.188499799322289
-7.193419747391161
-7.199280201098771
-7.206402287297284
-7.215377445841997
-7.227288939122241
-7.243116631058867
-7.263557165046493
-7.289508429594238
-7.311268487699976
-7.35966482087738
-7.41832576949958
-7.487562159758635
-7.566870091397631
-7.656738189406554
-7.7568886606458305
-7.87626588518389
-7.998471999526885
-8.147169786610874
-8.29723052520025
-8.452094900919857
-8.625202340471676
-8.788665858360007
-8.975141137193212
-9.166227433855067
-9.357801302227644
-6.73739206038293
-6.74337139068796
-6.749712716198418
-6.740187806614037
-6.751466282522578
-6.7640932321668155
-6.778493213957221
-6.7952033635523925
-6.81488915375625
-6.840671984078777
-6.880496430546567
-6.920485060009943
-6.968248670444653
-7.025413552707198
-7.0922013677415805
-7.161566082880661
-7.2606050246068
-7.368501077741349
-7.47608789943603
-7.612801479594472
-7.755110226081804
-7.903864569065004
-8.054141153217353
-8.227465556636563
-8.40470806223269
-8.5758064058142
-8.772059035347825
-8.965410375424606
-9.164315066118629
-9.368034020722778
-9.576208723039018
-6.20954060863754
-6.230122401686659
-6.251526850602675
-6.2741111534971745
-6.29835348974427
-6.32487695831045
-6.340131424080766
-6.382301430260968
-6.430002735799149
-6.487071922514936
-6.562228190581323
-6.6307935903371495
-6.714094287138691
-6.807072463894222
-6.9337897325014275
-7.050520589768744
-7.190354120594597
-7.329715426006747
-7.478941446384226
-7.639087692362793
-7.81187661699722
-7.993570747519477
-8.18079686718229
-8.369292384035456
-8.561083114154549
-8.759745255253348
-8.958454140167197
-9.167885923547368
-9.381642586817033
-9.59954459428806
-9.821437107034923
-5.389998613807635
-5.474223584785643
-5.544415423928429
-5.638731236955622
-5.714368573126679
-5.818621010163981
-5.902637748810308
-6.0163632649675725
-6.1253598644427285
-6.23157003174349
-6.34606366374374
-6.458658448386917
-6.595930307008339
-6.732000086122309
-6.880028818327322
-7.046297929546889
-7.2101160428489655
-7.387483782846309
-7.557698316219041
-7.746359604346378
-7.945789069694827
-8.147721529807521
-8.340273588138658
-8.546045149927574
-8.755592080318538
-8.968312665528787
-9.17718571027377
-9.399591640240399
-9.6314903898294
-9.862648382959604
-10.093078715939205
-4.9498220276192075
-5.08133573327317
-5.206290791762274
-5.329514058729392
-5.454331641422965
-5.599745246290321
-5.732619904335708
-5.866674083363137
-6.016083989543521
-6.156800052313206
-6.2955313890716935
-6.457378748376376
-6.61860412355645
-6.78634353359569
-6.953942683608674
-7.140408629287362
-7.334839286720702
-7.532368223446809
-7.721678952188919
-7.918129280005695
-8.128656288647019
-8.334935657855818
-8.548442790357846
-8.767699586810318
-8.988645737693194
-9.205500891702432
-9.436355726982686
-9.677007453343103
-9.913893593383436
-10.1480257285263
-10.398813491305159
-4.9498220276192075
-5.08133573327317
-5.206290791762274
-5.329514058729392
-5.454331641422965
-5.599745246290321
-5.732619904335708
-5.866674083363137
-6.016083989543521
-6.156800052313206
-6.2955313890716935
-6.457378748376376
-6.61860412355645
-6.78634353359569
-6.953942683608674
-7.140408629287362
-7.334839286720702
-7.532368223446809
-7.721678952188919
-7.918129280005695
-8.128656288647019
-8.334935657855818
-8.548442790357846
-8.767699586810318
-8.988645737693194
-9.205500891702432
-9.436355726982686
-9.677007453343103
-9.913893593383436
-10.1480257285263
-10.398813491305159
-4.9498220276192075
-5.08133573327317
-5.206290791762274
-5.329514058729392
-5.454331641422965
-5.599745246290321
-5.732619904335708
-5.866674083363137
-6.016083989543521
-6.156800052313206
-6.2955313890716935
-6.457378748376376
-6.61860412355645
-6.78634353359569
-6.953942683608674
-7.140408629287362
-7.334839286720702
-7.532368223446809
-7.721678952188919
-7.918129280005695
-8.128656288647019
-8.334935657855818
-8.548442790357846
-8.767699586810318
-8.988645737693194
-9.205500891702432
-9.436355726982686
-9.677007453343103
-9.913893593383436
-10.1480257285263
-10.398813491305159
-4.9498220276192075
-5.08133573327317
-5.206290791762274
-5.329514058729392
-5.454331641422965
-5.599745246290321
-5.732619904335708
-5.866674083363137
-6.016083989543521
-6.156800052313206
-6.2955313890716935
-6.457378748376376
-6.61860412355645
-6.78634353359569
-6.953942683608674
-7.140408629287362
-7.334839286720702
-7.532368223446809
-7.721678952188919
-7.918129280005695
-8.128656288647019
-8.334935657855818
-8.548442790357846
-8.767699586810318
-8.988645737693194
-9.205500891702432
-9.436355726982686
-9.677007453343103
-9.913893593383436
-10.1480257285263
-10.398813491305159
-4.9498220276192075
-5.08133573327317
-5.206290791762274
-5.329514058729392
-5.454331641422965
-5.599745246290321
-5.732619904335708
-5.866674083363137
-6.016083989543521
-6.156800052313206
-6.2955313890716935
-6.457378748376376
-6.61860412355645
-6.78634353359569
-6.953942683608674
-7.140408629287362
-7.334839286720702
-7.532368223446809
-7.721678952188919
-7.918129280005695
-8.128656288647019
-8.334935657855818
-8.548442790357846
-8.767699586810318
-8.988645737693194
-9.205500891702432
-9.436355726982686
-9.677007453343103
-9.913893593383436
-10.1480257285263
-10.398813491305159
-4.9498220276192075
-5.08133573327317
-5.206290791762274
-5.329514058729392
-5.454331641422965
-5.599745246290321
-5.732619904335708
-5.866674083363137
-6.016083989543521
-6.156800052313206
-6.2955313890716935
-6.457378748376376
-6.61860412355645
-6.78634353359569
-6.953942683608674
-7.140408629287362
-7.334839286720702
-7.532368223446809
-7.721678952188919
-7.918129280005695
-8.128656288647019
-8.334935657855818
-8.548442790357846
-8.767699586810318
-8.988645737693194
-9.205500891702432
-9.436355726982686
-9.677007453343103
-9.913893593383436
-10.1480257285263
-10.398813491305159
-4.9498220276192075
-5.08133573327317
-5.206290791762274
-5.329514058729392
-5.454331641422965
-5.599745246290321
-5.732619904335708
-5.866674083363137
-6.016083989543521
-6.156800052313206
-6.2955313890716935
-6.457378748376376
-6.61860412355645
-6.78634353359569
-6.953942683608674
-7.140408629287362
-7.334839286720702
-7.532368223446809
-7.721678952188919
-7.918129280005695
-8.128656288647019
-8.334935657855818
-8.548442790357846
-8.767699586810318
-8.988645737693194
-9.205500891702432
-9.436355726982686
-9.677007453343103
-9.913893593383436
-10.1480257285263
-10.398813491305159
-4.9498220276192075
-5.08133573327317
-5.206290791762274
-5.329514058729392
-5.454331641422965
-5.599745246290321
-5.732619904335708
-5.866674083363137
-6.016083989543521
-6.156800052313206
-6.2955313890716935
-6.457378748376376
-6.61860412355645
-6.78634353359569
-6.953942683608674
-7.140408629287362
-7.334839286720702
-7.532368223446809
-7.721678952188919
-7.918129280005695
-8.128656288647019
-8.334935657855818
-8.548442790357846
-8.767699586810318
-8.988645737693194
-9.205500891702432
-9.436355726982686
-9.677007453343103
-9.913893593383436
-10.1480257285263
-10.398813491305159
-4.9498220276192075
-5.08133573327317
-5.206290791762274
-5.329514058729392
-5.454331641422965
-5.599745246290321
-5.732619904335708
-5.866674083363137
-6.016083989543521
-6.156800052313206
-6.2955313890716935
-6.457378748376376
-6.61860412355645
-6.78634353359569
-6.953942683608674
-7.140408629287362
-7.334839286720702
-7.532368223446809
-7.721678952188919
-7.918129280005695
-8.128656288647019
-8.334935657855818
-8.548442790357846
-8.767699586810318
-8.988645737693194
-9.205500891702432
-9.436355726982686
-9.677007453343103
-9.913893593383436
-10.1480257285263
-10.398813491305159
-4.9498220276192075
-5.08133573327317
-5.206290791762274
-5.329514058729392
-5.454331641422965
-5.599745246290321
-5.732619904335708
-5.866674083363137
-6.016083989543521
-6.156800052313206
-6.2955313890716935
-6.457378748376376
-6.61860412355645
-6.78634353359569
-6.953942683608674
-7.140408629287362
-7.334839286720702
-7.532368223446809
-7.721678952188919
-7.918129280005695
-8.128656288647019
-8.334935657855818
-8.548442790357846
-8.767699586810318
-8.988645737693194
-9.205500891702432
-9.436355726982686
-9.677007453343103
-9.913893593383436
-10.1480257285263
-10.398813491305159
-4.9498220276192075
-5.08133573327317
-5.206290791762274
-5.329514058729392
-5.454331641422965
-5.599745246290321
-5.732619904335708
-5.866674083363137
-6.016083989543521
-6.156800052313206
-6.2955313890716935
-6.457378748376376
-6.61860412355645
-6.78634353359569
-6.953942683608674
-7.140408629287362
-7.334839286720702
-7.532368223446809
-7.721678952188919
-7.918129280005695
-8.128656288647019
-8.334935657855818
-8.548442790357846
-8.767699586810318
-8.988645737693194
-9.205500891702432
-9.436355726982686
-9.677007453343103
-9.913893593383436
-10.1480257285263
-10.398813491305159
-4.9498220276192075
-5.08133573327317
-5.206290791762274
-5.329514058729392
-5.454331641422965
-5.599745246290321
-5.732619904335708
-5.866674083363137
-6.016083989543521
-6.156800052313206
-6.2955313890716935
-6.457378748376376
-6.61860412355645
-6.78634353359569
-6.953942683608674
-7.140408629287362
-7.334839286720702
-7.532368223446809
-7.721678952188919
-7.918129280005695
-8.128656288647019
-8.334935657855818
-8.548442790357846
-8.767699586810318
-8.988645737693194
-9.205500891702432
-9.436355726982686
-9.677007453343103
-9.913893593383436
-10.1480257285263
-10.398813491305159
-4.9498220276192075
-5.08133573327317
-5.206290791762274
-5.329514058729392
-5.454331641422965
-5.599745246290321
-5.732619904335708
-5.866674083363137
-6.016083989543521
-6.156800052313206
-6.2955313890716935
-6.457378748376376
-6.61860412355645
-6.78634353359569
-6.953942683608674
-7.140408629287362
-7.334839286720702
-7.532368223446809
-7.721678952188919
-7.918129280005695
-8.128656288647019
-8.334935657855818
-8.548442790357846
-8.767699586810318
-8.988645737693194
-9.205500891702432
-9.436355726982686
-9.677007453343103
-9.913893593383436
-10.1480257285263
-10.398813491305159
-4.9498220276192075
-5.08133573327317
-5.206290791762274
-5.329514058729392
-5.454331641422965
-5.599745246290321
-5.732619904335708
-5.866674083363137
-6.016083989543521
-6.156800052313206
-6.2955313890716935
-6.457378748376376
-6.61860412355645
-6.78634353359569
-6.953942683608674
-7.140408629287362
-7.334839286720702
-7.532368223446809
-7.721678952188919
-7.918129280005695
-8.128656288647019
-8.334935657855818
-8.548442790357846
-8.767699586810318
-8.988645737693194
-9.205500891702432
-9.436355726982686
-9.677007453343103
-9.913893593383436
-10.1480257285263
-10.398813491305159
-4.9498220276192075
-5.08133573327317
-5.206290791762274
-5.329514058729392
-5.454331641422965
-5.599745246290321
-5.732619904335708
-5.866674083363137
-6.016083989543521
-6.156800052313206
-6.2955313890716935
-6.457378748376376
-6.61860412355645
-6.78634353359569
-6.953942683608674
-7.140408629287362
-7.334839286720702
-7.532368223446809
-7.721678952188919
-7.918129280005695
-8.128656288647019
-8.334935657855818
-8.548442790357846
-8.767699586810318
-8.988645737693194
-9.205500891702432
-9.436355726982686
-9.677007453343103
-9.913893593383436
-10.1480257285263
-10.398813491305159
-4.9498220276192075
-5.08133573327317
-5.206290791762274
-5.329514058729392
-5.454331641422965
-5.599745246290321
-5.732619904335708
-5.866674083363137
-6.016083989543521
-6.156800052313206
-6.2955313890716935
-6.457378748376376
-6.61860412355645
-6.78634353359569
-6.953942683608674
-7.140408629287362
-7.334839286720702
-7.532368223446809
-7.721678952188919
-7.918129280005695
-8.128656288647019
-8.334935657855818
-8.548442790357846
-8.767699586810318
-8.988645737693194
-9.205500891702432
-9.436355726982686
-9.677007453343103
-9.913893593383436
-10.1480257285263
-10.398813491305159
-8.911420670514627
-8.911616258044974
-8.911844111102623
-8.912115793705091
-8.912447000099545
-8.91285901953068
-8.91338071172056
-8.914051163744821
-8.914923249779184
-8.916078011401899
-8.9176438663159
-8.919774595897906
-8.922648351886169
-8.92651079469958
-8.931695031058325
-8.938692841016815
-8.948007313987818
-8.960311359001965
-8.976411870962522
-8.997539013537969
-9.008056232896529
-9.023242247856341
-9.068442784596781
-9.123226390923472
-9.187808821219162
-9.261937132747049
-9.343434971080084
-9.42331798000195
-9.52570838143339
-9.63593760470696
-9.748395172052286
-8.54771753407498
-8.547860752302793
-8.548016674126396
-8.54818986082432
-8.548386507885752
-8.5486150288924
-8.548886846645825
-8.549217463946647
-8.549627910748134
-8.5501565984228
-8.55087536674432
-8.551862211530873
-8.55319411811531
-8.554984183339972
-8.557394140608702
-8.560701661928302
-8.565138150579516
-8.57105190995952
-8.578875944994463
-8.589486028293779
-8.595340836572364
-8.60011293379665
-8.622773157672707
-8.65170982779627
-8.676301474054119
-8.725038146266774
-8.779337425162867
-8.832987750723612
-8.900429094042508
-8.99197191321308
-9.093034649800245
-8.332221183478937
-8.332305552101111
-8.332399608976779
-8.332506869277141
-8.332632108842763
-8.332781815328074
-8.332964799980196
-8.333193026560338
-8.31753891972402
-8.317981856840357
-8.318584416846903
-8.31941406121764
-8.3205334246533
-8.322036582394302
-8.324060274984484
-8.326850877514428
-8.330597672953246
-8.335596427819082
-8.342214770238089
-8.351267237622851
-8.35632345080754
-8.36596474982412
-8.386461305173041
-8.413220323955414
-8.44708166284419
-8.488783358439388
-8.536746719747663
-8.581396150034225
-8.650715600680266
-8.72996183079945
-8.815993722216527
-8.174899599082233
-8.174991955306085
-8.17509394369308
-8.175209050855228
-8.175342013790086
-8.175499267341651
-8.175689550989269
-8.175924731020887
-8.176220913294527
-8.176605902352188
-8.177129262488826
-8.177846509802974
-8.178815630051064
-8.180120491740261
-8.181879789892463
-8.184289156580535
-8.187526719984247
-8.191854083514725
-8.197601163127013
-8.19182825950886
-8.214606266567843
-8.239486366598037
-8.25912666399658
-8.284845503254772
-8.317430735733852
-8.357544921875007
-8.405304938662686
-8.460047854312108
-8.516900398772043
-8.59974537546496
-8.688727484104906
-8.118680489903461
-8.118805650758214
-8.11894032520942
-8.119087936791681
-8.119253136495775
-8.119442241937746
-8.119663832886454
-8.119929558167328
-8.12025522776438
-8.120671357529496
-8.121237466945958
-8.122016659437016
-8.123068341123034
-8.124481395292152
-8.126384733521363
-8.129008929923147
-8.13253508263941
-8.137244528499592
-8.143488211888206
-8.153118609377545
-8.164664444710663
-8.179351623890826
-8.198375406479045
-8.223255530071453
-8.264309456859698
-8.297247226362035
-8.348138592575195
-8.409439928888618
-8.480597224449685
-8.558437601582604
-8.640961931671129
-8.153271536732904
-8.153400936096464
-8.153539403653415
-8.153690201733763
-8.153857762397577
-8.154048106017312
-8.154269408947608
-8.154532772792114
-8.154853265768182
-8.155260910001724
-8.155815589948848
-8.156579940263049
-8.157611298011277
-8.15899628980198
-8.160861404802757
-8.163437475832234
-8.166898980772265
-8.171521321933291
-8.177647376907922
-8.20097423929724
-8.215385948239476
-8.228709589160252
-8.24684848256126
-8.270601211392487
-8.3006726607043
-8.337599535633082
-8.372726866451986
-8.434233459616939
-8.50330001922333
-8.583040851233033
-8.661207129481147
-8.226022982338561
-8.22616362599147
-8.226313289731545
-8.226475218403879
-8.226653820270064
-8.226855083319217
-8.227087139857236
-8.227361031601045
-8.227691745404377
-8.228110240060818
-8.228679771276363
-8.229465511305724
-8.230525240935744
-8.231947202430147
-8.233861147193988
-8.236508812981901
-8.240064766787642
-8.244809352200468
-8.251090176800687
-8.259726219605403
-8.271148341357309
-8.286086409555159
-8.305359779332695
-8.33068555303828
-8.362858344773421
-8.402544557437272
-8.450157986891593
-8.498269384995073
-8.569823158153527
-8.649959314778686
-8.739840767791433
-7.93454995093903
-7.934826922206491
-7.935123248175922
-7.935445887352387
-7.935804287198403
-7.936211270604431
-7.936684234910606
-7.937246770997041
-7.937930844682528
-7.938800158997047
-7.939981702037516
-7.941607365218388
-7.9437963026595515
-7.946727536307924
-7.950660199692117
-7.956064328132539
-7.963276373363506
-7.972820700320826
-7.985323492100115
-8.002219642070314
-8.02413587624898
-8.052107988434267
-8.087131448696267
-8.13133732196453
-8.184803295659318
-8.243599743839019
-8.336058038409176
-8.426126922431402
-8.517811718894803
-8.627833879386534
-8.733674567044444
-7.729443028679978
-7.729818342043209
-7.7302293067520305
-7.730688951530975
-7.731214953474
-7.731831282922301
-7.732570419303247
-7.733476326771681
-7.734608433043508
-7.736071379757603
-7.738054412549738
-7.740763061210244
-7.744401466082997
-7.749261760584979
-7.75574857805734
-7.764520310930483
-7.776092481232261
-7.778060824031122
-7.800357003356687
-7.829809085813822
-7.8670029535438495
-7.913005019222929
-7.968579067252169
-8.035900793613942
-8.113543072634396
-8.200683418481777
-8.317716832629872
-8.422253710399875
-8.541669109311908
-8.663776051681419
-8.802444542881435
-7.496978664743345
-7.497861750684916
-7.498815143956285
-7.499864267726782
-7.501043540223639
-7.502399505947464
-7.50399501496945
-7.5059147661080585
-7.50827259535944
-7.511281914879691
-7.5153480786748075
-7.52088851036566
-7.528277624255248
-7.538052083757888
-7.5509457527918125
-7.568192767914122
-7.590518890299991
-7.618955517227501
-7.654495037798458
-7.699301408526245
-7.752925325777157
-7.811182884100158
-7.893179302457857
-7.987542840718218
-8.081056079898355
-8.208604511784914
-8.338487734222964
-8.474049489102956
-8.614158486680884
-8.766569013150248
-8.929258994402836
-7.215179977385065
-7.216827448227079
-7.218622839305504
-7.220620536290228
-7.222893884260116
-7.225541557230817
-7.228695878545063
-7.232533533623957
-7.2372890832066625
-7.243374184786679
-7.251525241114061
-7.262483223259849
-7.276892509912436
-7.295616123008689
-7.3197342265739715
-7.350862550853773
-7.389568064458389
-7.428014261519915
-7.491692275252228
-7.568563909099202
-7.665249776828431
-7.759172369561738
-7.870859788348085
-7.982859352379456
-8.106181218507372
-8.246974819051406
-8.402850059341963
-8.558555504676118
-8.729501341265312
-8.905924409565712
-9.083718918839171
-6.865171285187636
-6.8690862917265045
-6.873347242582931
-6.878079641242618
-6.883450937558355
-6.889683260930402
-6.897069047885477
-6.9059894411759295
-6.91693459059152
-6.9307477596076215
-6.948896271625481
-6.972681363791998
-7.002982919376476
-7.040856965201212
-7.08740044477321
-7.144010894229966
-7.204434605239979
-7.289831251267455
-7.385522652224357
-7.491956857486436
-7.603803708008329
-7.734832360964725
-7.868479770025697
-8.027270601136198
-8.175188259364605
-8.336124100097225
-8.51651882001128
-8.68520448254435
-8.877813516644117
-9.074902157283647
-9.271358453668304
-6.412126526861429
-6.4219464531637
-6.4326124493136145
-6.444432962528881
-6.457809606522634
-6.473257139170251
-6.491422145244394
-6.513095731461304
-6.539213051727888
-6.572534361456815
-6.620204297191769
-6.6599319011345415
-6.724961878159755
-6.800792904941074
-6.887453487701055
-6.985137479272041
-7.084593500935522
-7.207962715773861
-7.328279076259352
-7.475312815355384
-7.626963521434132
-7.784652104763219
-7.94270844449229
-8.1226955189828
-8.296941455772414
-8.48183200335281
-8.682226565059333
-8.871407973178268
-9.074411897647023
-9.282160619689794
-9.493901952137202
-5.875530289309546
-5.897597308821286
-5.904699294612454
-5.939839979093192
-5.978605097185243
-6.021757928753632
-6.0701251640692675
-6.124547213689539
-6.185807079808873
-6.256798332925632
-6.332996265304588
-6.421676058486631
-6.525731956890858
-6.645361899650291
-6.772802257698337
-6.912014366841787
-7.052495576869462
-7.200368359289685
-7.357923172946012
-7.525051014760163
-7.70401400622807
-7.89133127976692
-8.08302643520619
-8.26735237422853
-8.463483530802762
-8.66703429971931
-8.878202161536446
-9.08255120020854
-9.299247544298414
-9.51976954695434
-9.743400139304953
-5.052966467166726
-5.161374635295134
-5.248860046589052
-5.3630878695120865
-5.460646038279895
-5.581127108032344
-5.688539127142822
-5.815301138577051
-5.931795916652618
-6.063210266192415
-6.180204923872855
-6.31800158768506
-6.453705637385867
-6.607406360202744
-6.764404238200432
-6.92895060194668
-7.105892013182634
-7.280925271623653
-7.455788480495042
-7.64863950713413
-7.843635260927243
-8.051394038680378
-8.255983657141869
-8.456271602947732
-8.66904430968252
-8.885170044022345
-9.096932304510876
-9.321519843266499
-9.555636719968108
-9.780449798477322
-10.012672324421866
-4.720656000086298
-4.856015464007839
-4.992574544136652
-5.140918251194629
-5.283890411231107
-5.427639884865966
-5.572233214273311
-5.718302248800954
-5.866274288006742
-6.024331002168497
-6.172647387241347
-6.332765573397264
-6.4993588253177785
-6.672151061961901
-6.852137826831565
-7.034915683748457
-7.233334440132701
-7.427615154688748
-7.629571931609353
-7.828231939205792
-8.03420657101798
-8.253430477071962
-8.460995463170425
-8.682936434361798
-8.906526413415298
-9.125806797992034
-9.358504846756464
-9.600757375825745
-9.831349440158435
-10.074451213504892
-10.325817008973361
-4.720656000086298
-4.856015464007839
-4.992574544136652
-5.140918251194629
-5.283890411231107
-5.427639884865966
-5.572233214273311
-5.718302248800954
-5.866274288006742
-6.024331002168497
-6.172647387241347
-6.332765573397264
-6.4993588253177785
-6.672151061961901
-6.852137826831565
-7.034915683748457
-7.233334440132701
-7.427615154688748
-7.629571931609353
-7.828231939205792
-8.03420657101798
-8.253430477071962
-8.460995463170425
-8.682936434361798
-8.906526413415298
-9.125806797992034
-9.358504846756464
-9.600757375825745
-9.831349440158435
-10.074451213504892
-10.325817008973361
-4.720656000086298
-4.856015464007839
-4.992574544136652
-5.140918251194629
-5.283890411231107
-5.427639884865966
-5.572233214273311
-5.718302248800954
-5.866274288006742
-6.024331002168497
-6.172647387241347
-6.332765573397264
-6.4993588253177785
-6.672151061961901
-6.852137826831565
-7.034915683748457
-7.233334440132701
-7.427615154688748
-7.629571931609353
-7.828231939205792
-8.03420657101798
-8.253430477071962
-8.460995463170425
-8.682936434361798
-8.906526413415298
-9.125806797992034
-9.358504846756464
-9.600757375825745
-9.831349440158435
-10.074451213504892
-10.325817008973361
-4.720656000086298
-4.856015464007839
-4.992574544136652
-5.140918251194629
-5.283890411231107
-5.427639884865966
-5.572233214273311
-5.718302248800954
-5.866274288006742
-6.024331002168497
-6.172647387241347
-6.332765573397264
-6.4993588253177785
-6.672151061961901
-6.852137826831565
-7.034915683748457
-7.233334440132701
-7.427615154688748
-7.629571931609353
-7.828231939205792
-8.03420657101798
-8.253430477071962
-8.460995463170425
-8.682936434361798
-8.906526413415298
-9.125806797992034
-9.358504846756464
-9.600757375825745
-9.831349440158435
-10.074451213504892
-10.325817008973361
-4.720656000086298
-4.856015464007839
-4.992574544136652
-5.140918251194629
-5.283890411231107
-5.427639884865966
-5.572233214273311
-5.718302248800954
-5.866274288006742
-6.024331002168497
-6.172647387241347
-6.332765573397264
-6.4993588253177785
-6.672151061961901
-6.852137826831565
-7.034915683748457
-7.233334440132701
-7.427615154688748
-7.629571931609353
-7.828231939205792
-8.03420657101798
-8.253430477071962
-8.460995463170425
-8.682936434361798
-8.906526413415298
-9.125806797992034
-9.358504846756464
-9.600757375825745
-9.831349440158435
-10.074451213504892
-10.325817008973361
-4.720656000086298
-4.856015464007839
-4.992574544136652
-5.140918251194629
-5.283890411231107
-5.427639884865966
-5.572233214273311
-5.718302248800954
-5.866274288006742
-6.024331002168497
-6.172647387241347
-6.332765573397264
-6.4993588253177785
-6.672151061961901
-6.852137826831565
-7.034915683748457
-7.233334440132701
-7.427615154688748
-7.629571931609353
-7.828231939205792
-8.03420657101798
-8.253430477071962
-8.460995463170425
-8.682936434361798
-8.906526413415298
-9.125806797992034
-9.358504846756464
-9.600757375825745
-9.831349440158435
-10.074451213504892
-10.325817008973361
-4.720656000086298
-4.856015464007839
-4.992574544136652
-5.140918251194629
-5.283890411231107
-5.427639884865966
-5.572233214273311
-5.718302248800954
-5.866274288006742
-6.024331002168497
-6.172647387241347
-6.332765573397264
-6.4993588253177785
-6.672151061961901
-6.852137826831565
-7.034915683748457
-7.233334440132701
-7.427615154688748
-7.629571931609353
-7.828231939205792
-8.03420657101798
-8.253430477071962
-8.460995463170425
-8.682936434361798
-8.906526413415298
-9.125806797992034
-9.358504846756464
-9.600757375825745
-9.831349440158435
-10.074451213504892
-10.325817008973361
-4.720656000086298
-4.856015464007839
-4.992574544136652
-5.140918251194629
-5.283890411231107
-5.427639884865966
-5.572233214273311
-5.718302248800954
-5.866274288006742
-6.024331002168497
-6.172647387241347
-6.332765573397264
-6.4993588253177785
-6.672151061961901
-6.852137826831565
-7.034915683748457
-7.233334440132701
-7.427615154688748
-7.629571931609353
-7.828231939205792
-8.03420657101798
-8.253430477071962
-8.460995463170425
-8.682936434361798
-8.906526413415298
-9.125806797992034
-9.358504846756464
-9.600757375825745
-9.831349440158435
-10.074451213504892
-10.325817008973361
-4.720656000086298
-4.856015464007839
-4.992574544136652
-5.140918251194629
-5.283890411231107
-5.427639884865966
-5.572233214273311
-5.718302248800954
-5.866274288006742
-6.024331002168497
-6.172647387241347
-6.332765573397264
-6.4993588253177785
-6.672151061961901
-6.852137826831565
-7.034915683748457
-7.233334440132701
-7.427615154688748
-7.629571931609353
-7.828231939205792
-8.03420657101798
-8.253430477071962
-8.460995463170425
-8.682936434361798
-8.906526413415298
-9.125806797992034
-9.358504846756464
-9.600757375825745
-9.831349440158435
-10.074451213504892
-10.325817008973361
-4.720656000086298
-4.856015464007839
-4.992574544136652
-5.140918251194629
-5.283890411231107
-5.427639884865966
-5.572233214273311
-5.718302248800954
-5.866274288006742
-6.024331002168497
-6.172647387241347
-6.332765573397264
-6.4993588253177785
-6.672151061961901
-6.852137826831565
-7.034915683748457
-7.233334440132701
-7.427615154688748
-7.629571931609353
-7.828231939205792
-8.03420657101798
-8.253430477071962
-8.460995463170425
-8.682936434361798
-8.906526413415298
-9.125806797992034
-9.358504846756464
-9.600757375825745
-9.831349440158435
-10.074451213504892
-10.325817008973361
-4.720656000086298
-4.856015464007839
-4.992574544136652
-5.140918251194629
-5.283890411231107
-5.427639884865966
-5.572233214273311
-5.718302248800954
-5.866274288006742
-6.024331002168497
-6.172647387241347
-6.332765573397264
-6.4993588253177785
-6.672151061961901
-6.852137826831565
-7.034915683748457
-7.233334440132701
-7.427615154688748
-7.629571931609353
-7.828231939205792
-8.03420657101798
-8.253430477071962
-8.460995463170425
-8.682936434361798
-8.906526413415298
-9.125806797992034
-9.358504846756464
-9.600757375825745
-9.831349440158435
-10.074451213504892
-10.325817008973361
-4.720656000086298
-4.856015464007839
-4.992574544136652
-5.140918251194629
-5.283890411231107
-5.427639884865966
-5.572233214273311
-5.718302248800954
-5.866274288006742
-6.024331002168497
-6.172647387241347
-6.332765573397264
-6.4993588253177785
-6.672151061961901
-6.852137826831565
-7.034915683748457
-7.233334440132701
-7.427615154688748
-7.629571931609353
-7.828231939205792
-8.03420657101798
-8.253430477071962
-8.460995463170425
-8.682936434361798
-8.906526413415298
-9.125806797992034
-9.358504846756464
-9.600757375825745
-9.831349440158435
-10.074451213504892
-10.325817008973361
-4.720656000086298
-4.856015464007839
-4.992574544136652
-5.140918251194629
-5.283890411231107
-5.427639884865966
-5.572233214273311
-5.718302248800954
-5.866274288006742
-6.024331002168497
-6.172647387241347
-6.332765573397264
-6.4993588253177785
-6.672151061961901
-6.852137826831565
-7.034915683748457
-7.233334440132701
-7.427615154688748
-7.629571931609353
-7.828231939205792
-8.03420657101798
-8.253430477071962
-8.460995463170425
-8.682936434361798
-8.906526413415298
-9.125806797992034
-9.358504846756464
-9.600757375825745
-9.831349440158435
-10.074451213504892
-10.325817008973361
-4.720656000086298
-4.856015464007839
-4.992574544136652
-5.140918251194629
-5.283890411231107
-5.427639884865966
-5.572233214273311
-5.718302248800954
-5.866274288006742
-6.024331002168497
-6.172647387241347
-6.332765573397264
-6.4993588253177785
-6.672151061961901
-6.852137826831565
-7.034915683748457
-7.233334440132701
-7.427615154688748
-7.629571931609353
-7.828231939205792
-8.03420657101798
-8.253430477071962
-8.460995463170425
-8.682936434361798
-8.906526413415298
-9.125806797992034
-9.358504846756464
-9.600757375825745
-9.831349440158435
-10.074451213504892
-10.325817008973361
-4.720656000086298
-4.856015464007839
-4.992574544136652
-5.140918251194629
-5.283890411231107
-5.427639884865966
-5.572233214273311
-5.718302248800954
-5.866274288006742
-6.024331002168497
-6.172647387241347
-6.332765573397264
-6.4993588253177785
-6.672151061961901
-6.852137826831565
-7.034915683748457
-7.233334440132701
-7.427615154688748
-7.629571931609353
-7.828231939205792
-8.03420657101798
-8.253430477071962
-8.460995463170425
-8.682936434361798
-8.906526413415298
-9.125806797992034
-9.358504846756464
-9.600757375825745
-9.831349440158435
-10.074451213504892
-10.325817008973361
-4.720656000086298
-4.856015464007839
-4.992574544136652
-5.140918251194629
-5.283890411231107
-5.427639884865966
-5.572233214273311
-5.718302248800954
-5.866274288006742
-6.024331002168497
-6.172647387241347
-6.332765573397264
-6.4993588253177785
-6.672151061961901
-6.852137826831565
-7.034915683748457
-7.233334440132701
-7.427615154688748
-7.629571931609353
-7.828231939205792
-8.03420657101798
-8.253430477071962
-8.460995463170425
-8.682936434361798
-8.906526413415298
-9.125806797992034
-9.358504846756464
-9.600757375825745
-9.831349440158435
-10.074451213504892
-10.325817008973361
-8.782920497205263
-8.783146850795456
-8.78341833284149
-8.783751117478936
-8.784167144167654
-8.78469615243179
-8.785378417609822
-8.786268414735467
-8.787439699065063
-8.789000449665442
-8.791114011337024
-8.79398107483447
-8.797842439304219
-8.803023647197353
-8.809957412199248
-8.819251740273597
-8.831553326874744
-8.847689441280014
-8.8686210350698
-8.89566502157101
-8.899777708652177
-8.929894142370799
-8.976695815773859
-9.044860297594434
-9.122965377656028
-9.210322136437078
-9.303516058970771
-9.401093329815222
-9.510849016239199
-9.621526129589407
-9.744399381431176
-8.410426593087031
-8.410584687866564
-8.410760787445449
-8.410961364131882
-8.411195207244797
-8.411474249310439
-8.411814684112025
-8.412238477367532
-8.412775403638419
-8.413475647862775
-8.414426785478694
-8.415727897101993
-8.417484194800853
-8.419846116418572
-8.423024245641871
-8.427358179928174
-8.43315937562718
-8.440874725470957
-8.451055663028216
-8.464694046661153
-8.459830253324457
-8.46316183287447
-8.494979551490982
-8.535058052372666
-8.584063959145778
-8.64235278529982
-8.706797662030635
-8.762781638058913
-8.850803553897917
-8.949989856948198
-9.052971531974526
-8.167704320191989
-8.167857216539682
-8.168024492901154
-8.168211318280141
-8.168424713146736
-8.168674210522502
-8.16897275135691
-8.169337895746892
-8.169793458680028
-8.170382059088107
-8.171182080930466
-8.172279463381011
-8.173760558116305
-8.175751327488921
-8.178430895685871
-8.182102403770761
-8.187023995698826
-8.193579395308271
-8.202243626664211
-8.213955677453232
-8.222290161355717
-8.236249056635407
-8.262302807787382
-8.295647444947901
-8.336992271852221
-8.386771494356575
-8.443342978215606
-8.499670571731508
-8.577746475205675
-8.66219661528421
-8.765829926626317
-7.994737819519475
-7.994895115795354
-7.99506696715643
-7.9952586015419325
-7.995477119384222
-7.995732162149816
-7.996036817775439
-7.996408845426011
-7.996872329394301
-7.9974706305052266
-7.998283900568847
-7.999399795375621
-8.000905914641466
-8.002930278506504
-8.005655222489079
-8.009391312856781
-8.01440090934774
-8.021075396262255
-8.02989869773056
-8.041845734872082
-8.068635693545712
-8.097820870180815
-8.122619340629962
-8.154406659991999
-8.193810897212552
-8.24112877835399
-8.287209330474592
-8.35683913675197
-8.439105525479201
-8.528799226749216
-8.618108550502992
-7.9416877935346015
-7.941821616997519
-7.9419695264623105
-7.942136596020783
-7.942329717763074
-7.942558251137065
-7.942834902556428
-7.9431769154691345
-7.943607677828039
-7.944167538867045
-7.944928413311825
-7.945970793675525
-7.947378547440755
-7.949272719663753
-7.9518242013959854
-7.955314866629851
-7.959998248809276
-7.96624490105344
-7.974516476901064
-7.986688148770998
-8.001542752402306
-8.020422540059043
-8.044593026338372
-8.07545399815433
-8.117375732679509
-8.177761965507278
-8.2376056493702
-8.307247713881202
-8.376117836230927
-8.470410938811622
-8.571109336526108
-7.967613524927765
-7.967752154684969
-7.967904147172307
-7.968074314922085
-7.968269194919552
-7.968497664708445
-7.968771777093919
-7.969107889716327
-7.969528191291414
-7.970072047083806
-7.970811335352633
-7.9718253116852935
-7.973194401940161
-7.975035713642417
-7.977515676875544
-7.980914710875705
-7.985475912663073
-7.991559928716511
-7.9996156644880445
-8.02426661554476
-8.041092695089704
-8.058163849869153
-8.08076913384762
-8.100291599551197
-8.141576331066503
-8.191934872369343
-8.251853044152076
-8.322378171843571
-8.399534844269446
-8.479441768387478
-8.582561173003969
-8.031687422893436
-8.031836886600418
-8.031999550431001
-8.032180169501327
-8.032385202783685
-8.03262342186483
-8.032906735717296
-8.033251306877801
-8.03367905967808
-8.034230036732582
-8.034979111033158
-8.036007585804617
-8.037395704296713
-8.03926133653329
-8.041773016128468
-8.045220394089382
-8.049844659850317
-8.056008719571151
-8.064162810479937
-8.07522179080943
-8.089749509672862
-8.108597166489583
-8.132683972039928
-8.163623612971286
-8.202044449289467
-8.241487724404953
-8.30386503860794
-8.377606366643766
-8.458096453999199
-8.545672171752074
-8.637685471044284
-7.7227801259598685
-7.723091036012562
-7.723430863570624
-7.72381001119898
-7.724242596524297
-7.724747770530199
-7.725351496565859
-7.726088945102391
-7.727007706394644
-7.728193060577532
-7.729801887993908
-7.732004579744515
-7.73496951500782
-7.738940410819423
-7.744259802233503
-7.7515032858129045
-7.7611309476450545
-7.773812525473627
-7.790333368303461
-7.8122611399209445
-7.840327578019932
-7.875589322586808
-7.918935901682507
-7.971960475279606
-8.02764144511706
-8.11466826900001
-8.215142591311043
-8.3061871490889
-8.421047969286155
-8.527729589505997
-8.654573617340558
-7.490969810165068
-7.491384346674991
-7.493971837709241
-7.494520657321879
-7.49517212376601
-7.4959632426187905
-7.4802828199743026
-7.481735744953916
-7.483546035444208
-7.485879031870712
-7.489036494765897
-7.493342079872637
-7.499108558029908
-7.506780452911388
-7.516967494457988
-7.5306750763605725
-7.548621612511752
-7.571813660073888
-7.601320965634663
-7.639376642163237
-7.6864600113244315
-7.743384930049971
-7.8104868004318515
-7.889070868190546
-7.9687222992937015
-8.081371246954067
-8.19622561715956
-8.323484436607508
-8.439664615896003
-8.580281469745003
-8.726306060531279
-7.242201059503483
-7.243263146983011
-7.244436594932057
-7.245761408804412
-7.247291646080291
-7.249100226395297
-7.251285285160055
-7.253978480337553
-7.257355698151702
-7.2617163723425175
-7.267585249945347
-7.27551895886275
-7.2860480640390435
-7.299894401920614
-7.317995739540369
-7.34179355693716
-7.372146783754918
-7.410146983262482
-7.456716819735384
-7.513701840053024
-7.571282671948518
-7.655415207062901
-7.7499987655273594
-7.855498629159569
-7.96340784613549
-8.098179063300131
-8.23856521672093
-8.372090766236031
-8.517740041973267
-8.683784593940612
-8.844372310874489
-6.939093182044345
-6.941214445743701
-6.943579190422056
-6.946274786085248
-6.94941851252278
-6.953167196361378
-6.957729473390969
-6.963380999702643
-6.970482628284048
-6.979618946252158
-6.991762580585057
-7.0078933488689525
-7.0288688417314145
-7.05575819237834
-7.0897980181552684
-7.132692358720002
-7.184841241447281
-7.235602399705475
-7.313855819070634
-7.405088777942246
-7.51518965922584
-7.6234297849074055
-7.745455143238433
-7.866226358288483
-7.999938722957778
-8.148809175188864
-8.311246994278012
-8.462138157232266
-8.638494254106808
-8.82031741929735
-9.002811210986431
-6.5633120103616935
-6.568488278013228
-6.5742624220182275
-6.580839790252336
-6.588490867188551
-6.597568630882372
-6.608528044053279
-6.6219459414457855
-6.638537841170841
-6.659424838449669
-6.686403241522271
-6.720975241155374
-6.764030198159245
-6.816504982572376
-6.879233808605827
-6.953353274607419
-7.037353284017078
-7.126149579083772
-7.236158302026166
-7.356338513126195
-7.478397231630716
-7.61830811865538
-7.760181118670023
-7.925599279738731
-8.079799137006109
-8.245818918200342
-8.430706832488221
-8.603157619042472
-8.790865457337215
-8.991629203901436
-9.191875736700768
-6.083735568704829
-6.0975373289340835
-6.112934096892431
-6.1304130866631015
-6.150581834960521
-6.17417914193683
-6.202074423036056
-6.235247633048662
-6.274742000764185
-6.323848088794496
-6.38951286953885
-6.457847169762904
-6.535437696339448
-6.613849072306964
-6.717512126974964
-6.831910938698829
-6.953064519770281
-7.07736513412775
-7.216937684212587
-7.362029005713038
-7.520111861482073
-7.683654770861562
-7.846925141653732
-8.030931810148616
-8.208617726814502
-8.38917134844848
-8.594550702165906
-8.794725706705448
-8.992407323331205
-9.202978194574825
-9.417533185960693
-5.541364047520178
-5.578096394947562
-5.618201627439819
-5.662397935122758
-5.71147530648496
-5.76625212416632
-5.827509204842915
-5.895905979416185
-5.966082669064082
-6.058639263473881
-6.16761723210382
-6.2700157174936475
-6.384359410924637
-6.507514809511775
-6.652184982457647
-6.793194401574657
-6.939376240733465
-7.093582517790797
-7.256409556697631
-7.427792274259184
-7.610615071237937
-7.800926008537762
-7.989042903576494
-8.185212383848247
-8.383291314979132
-8.581960783671585
-8.797074410688337
-9.003768501464783
-9.222539034692014
-9.44503960396798
-9.6638453301754
-4.802348078187518
-4.911393356760821
-5.0311356837566485
-5.14971908782749
-5.2663544997469725
-5.399769756193839
-5.524526067383864
-5.660568627604513
-5.792563945974821
-5.9233802201545895
-6.0615683327756456
-6.196968674005641
-6.348672853182814
-6.500172038029161
-6.6608654913682415
-6.829396411581641
-7.009977309749796
-7.188761350391274
-7.366558706733319
-7.56146912174656
-7.760954195546166
-7.963706865382137
-8.171230689141705
-8.38189036672587
-8.589088137938944
-8.80768961481343
-9.021838043435562
-9.248058234619865
-9.483712779208563
-9.710617919290597
-9.943449271228365
-4.558776031484431
-4.705459275320742
-4.852468282976399
-5.000667257182768
-5.149664819970526
-5.29997432096715
-5.451224207394541
-5.603706868201308
-5.757438263474973
-5.911818565730189
-6.071534883797282
-6.228863770199103
-6.398453261050332
-6.574171403795337
-6.757667026360995
-6.943062780886633
-7.143810629474306
-7.341955706116098
-7.545314313954666
-7.739649658397503
-7.955451596523501
-8.170190432982556
-8.387427382609228
-8.603934874443908
-8.829547460235872
-9.050693451566715
-9.284780748482557
-9.521079585744515
-9.760487274923966
-10.003914992466457
-10.254816223665154
-4.558776031484431
-4.705459275320742
-4.852468282976399
-5.000667257182768
-5.149664819970526
-5.29997432096715
-5.451224207394541
-5.603706868201308
-5.757438263474973
-5.911818565730189
-6.071534883797282
-6.228863770199103
-6.398453261050332
-6.574171403795337
-6.757667026360995
-6.943062780886633
-7.143810629474306
-7.341955706116098
-7.545314313954666
-7.739649658397503
-7.955451596523501
-8.170190432982556
-8.387427382609228
-8.603934874443908
-8.829547460235872
-9.050693451566715
-9.284780748482557
-9.521079585744515
-9.760487274923966
-10.003914992466457
-10.254816223665154
-4.558776031484431
-4.705459275320742
-4.852468282976399
-5.000667257182768
-5.149664819970526
-5.29997432096715
-5.451224207394541
-5.603706868201308
-5.757438263474973
-5.911818565730189
-6.071534883797282
-6.228863770199103
-6.398453261050332
-6.574171403795337
-6.757667026360995
-6.943062780886633
-7.143810629474306
-7.341955706116098
-7.545314313954666
-7.739649658397503
-7.955451596523501
-8.170190432982556
-8.387427382609228
-8.603934874443908
-8.829547460235872
-9.050693451566715
-9.284780748482557
-9.521079585744515
-9.760487274923966
-10.003914992466457
-10.254816223665154
-4.558776031484431
-4.705459275320742
-4.852468282976399
-5.000667257182768
-5.149664819970526
-5.29997432096715
-5.451224207394541
-5.603706868201308
-5.757438263474973
-5.911818565730189
-6.071534883797282
-6.228863770199103
-6.398453261050332
-6.574171403795337
-6.757667026360995
-6.943062780886633
-7.143810629474306
-7.341955706116098
-7.545314313954666
-7.739649658397503
-7.955451596523501
-8.170190432982556
-8.387427382609228
-8.603934874443908
-8.829547460235872
-9.050693451566715
-9.284780748482557
-9.521079585744515
-9.760487274923966
-10.003914992466457
-10.254816223665154
-4.558776031484431
-4.705459275320742
-4.852468282976399
-5.000667257182768
-5.149664819970526
-5.29997432096715
-5.451224207394541
-5.603706868201308
-5.757438263474973
-5.911818565730189
-6.071534883797282
-6.228863770199103
-6.398453261050332
-6.574171403795337
-6.757667026360995
-6.943062780886633
-7.143810629474306
-7.341955706116098
-7.545314313954666
-7.739649658397503
-7.955451596523501
-8.170190432982556
-8.387427382609228
-8.603934874443908
-8.829547460235872
-9.050693451566715
-9.284780748482557
-9.521079585744515
-9.760487274923966
-10.003914992466457
-10.254816223665154
-4.558776031484431
-4.705459275320742
-4.852468282976399
-5.000667257182768
-5.149664819970526
-5.29997432096715
-5.451224207394541
-5.603706868201308
-5.757438263474973
-5.911818565730189
-6.071534883797282
-6.228863770199103
-6.398453261050332
-6.574171403795337
-6.757667026360995
-6.943062780886633
-7.143810629474306
-7.341955706116098
-7.545314313954666
-7.739649658397503
-7.955451596523501
-8.170190432982556
-8.387427382609228
-8.603934874443908
-8.829547460235872
-9.050693451566715
-9.284780748482557
-9.521079585744515
-9.760487274923966
-10.003914992466457
-10.254816223665154
-4.558776031484431
-4.705459275320742
-4.852468282976399
-5.000667257182768
-5.149664819970526
-5.29997432096715
-5.451224207394541
-5.603706868201308
-5.757438263474973
-5.911818565730189
-6.071534883797282
-6.228863770199103
-6.398453261050332
-6.574171403795337
-6.757667026360995
-6.943062780886633
-7.143810629474306
-7.341955706116098
-7.545314313954666
-7.739649658397503
-7.955451596523501
-8.170190432982556
-8.387427382609228
-8.603934874443908
-8.829547460235872
-9.050693451566715
-9.284780748482557
-9.521079585744515
-9.760487274923966
-10.003914992466457
-10.254816223665154
-4.558776031484431
-4.705459275320742
-4.852468282976399
-5.000667257182768
-5.149664819970526
-5.29997432096715
-5.451224207394541
-5.603706868201308
-5.757438263474973
-5.911818565730189
-6.071534883797282
-6.228863770199103
-6.398453261050332
-6.574171403795337
-6.757667026360995
-6.943062780886633
-7.143810629474306
-7.341955706116098
-7.545314313954666
-7.739649658397503
-7.955451596523501
-8.170190432982556
-8.387427382609228
-8.603934874443908
-8.829547460235872
-9.050693451566715
-9.284780748482557
-9.521079585744515
-9.760487274923966
-10.003914992466457
-10.254816223665154
-4.558776031484431
-4.705459275320742
-4.852468282976399
-5.000667257182768
-5.149664819970526
-5.29997432096715
-5.451224207394541
-5.603706868201308
-5.757438263474973
-5.911818565730189
-6.071534883797282
-6.228863770199103
-6.398453261050332
-6.574171403795337
-6.757667026360995
-6.943062780886633
-7.143810629474306
-7.341955706116098
-7.545314313954666
-7.739649658397503
-7.955451596523501
-8.170190432982556
-8.387427382609228
-8.603934874443908
-8.829547460235872
-9.050693451566715
-9.284780748482557
-9.521079585744515
-9.760487274923966
-10.003914992466457
-10.254816223665154
-4.558776031484431
-4.705459275320742
-4.852468282976399
-5.000667257182768
-5.149664819970526
-5.29997432096715
-5.451224207394541
-5.603706868201308
-5.757438263474973
-5.911818565730189
-6.071534883797282
-6.228863770199103
-6.398453261050332
-6.574171403795337
-6.757667026360995
-6.943062780886633
-7.143810629474306
-7.341955706116098
-7.545314313954666
-7.739649658397503
-7.955451596523501
-8.170190432982556
-8.387427382609228
-8.603934874443908
-8.829547460235872
-9.050693451566715
-9.284780748482557
-9.521079585744515
-9.760487274923966
-10.003914992466457
-10.254816223665154
-4.558776031484431
-4.705459275320742
-4.852468282976399
-5.000667257182768
-5.149664819970526
-5.29997432096715
-5.451224207394541
-5.603706868201308
-5.757438263474973
-5.911818565730189
-6.071534883797282
-6.228863770199103
-6.398453261050332
-6.574171403795337
-6.757667026360995
-6.943062780886633
-7.143810629474306
-7.341955706116098
-7.545314313954666
-7.739649658397503
-7.955451596523501
-8.170190432982556
-8.387427382609228
-8.603934874443908
-8.829547460235872
-9.050693451566715
-9.284780748482557
-9.521079585744515
-9.760487274923966
-10.003914992466457
-10.254816223665154
-4.558776031484431
-4.705459275320742
-4.852468282976399
-5.000667257182768
-5.149664819970526
-5.29997432096715
-5.451224207394541
-5.603706868201308
-5.757438263474973
-5.911818565730189
-6.071534883797282
-6.228863770199103
-6.398453261050332
-6.574171403795337
-6.757667026360995
-6.943062780886633
-7.143810629474306
-7.341955706116098
-7.545314313954666
-7.739649658397503
-7.955451596523501
-8.170190432982556
-8.387427382609228
-8.603934874443908
-8.829547460235872
-9.050693451566715
-9.284780748482557
-9.521079585744515
-9.760487274923966
-10.003914992466457
-10.254816223665154
-4.558776031484431
-4.705459275320742
-4.852468282976399
-5.000667257182768
-5.149664819970526
-5.29997432096715
-5.451224207394541
-5.603706868201308
-5.757438263474973
-5.911818565730189
-6.071534883797282
-6.228863770199103
-6.398453261050332
-6.574171403795337
-6.757667026360995
-6.943062780886633
-7.143810629474306
-7.341955706116098
-7.545314313954666
-7.739649658397503
-7.955451596523501
-8.170190432982556
-8.387427382609228
-8.603934874443908
-8.829547460235872
-9.050693451566715
-9.284780748482557
-9.521079585744515
-9.760487274923966
-10.003914992466457
-10.254816223665154
-4.558776031484431
-4.705459275320742
-4.852468282976399
-5.000667257182768
-5.149664819970526
-5.29997432096715
-5.451224207394541
-5.603706868201308
-5.757438263474973
-5.911818565730189
-6.071534883797282
-6.228863770199103
-6.398453261050332
-6.574171403795337
-6.757667026360995
-6.943062780886633
-7.143810629474306
-7.341955706116098
-7.545314313954666
-7.739649658397503
-7.955451596523501
-8.170190432982556
-8.387427382609228
-8.603934874443908
-8.829547460235872
-9.050693451566715
-9.284780748482557
-9.521079585744515
-9.760487274923966
-10.003914992466457
-10.254816223665154
-4.558776031484431
-4.705459275320742
-4.852468282976399
-5.000667257182768
-5.149664819970526
-5.29997432096715
-5.451224207394541
-5.603706868201308
-5.757438263474973
-5.911818565730189
-6.071534883797282
-6.228863770199103
-6.398453261050332
-6.574171403795337
-6.757667026360995
-6.943062780886633
-7.143810629474306
-7.341955706116098
-7.545314313954666
-7.739649658397503
-7.955451596523501
-8.170190432982556
-8.387427382609228
-8.603934874443908
-8.829547460235872
-9.050693451566715
-9.284780748482557
-9.521079585744515
-9.760487274923966
-10.003914992466457
-10.254816223665154
-4.558776031484431
-4.705459275320742
-4.852468282976399
-5.000667257182768
-5.149664819970526
-5.29997432096715
-5.451224207394541
-5.603706868201308
-5.757438263474973
-5.911818565730189
-6.071534883797282
-6.228863770199103
-6.398453261050332
-6.574171403795337
-6.757667026360995
-6.943062780886633
-7.143810629474306
-7.341955706116098
-7.545314313954666
-7.739649658397503
-7.955451596523501
-8.170190432982556
-8.387427382609228
-8.603934874443908
-8.829547460235872
-9.050693451566715
-9.284780748482557
-9.521079585744515
-9.760487274923966
-10.003914992466457
-10.254816223665154
-8.629604510437664
-8.629919558146897
-8.630300688320851
-8.630771518451162
-8.631364053497688
-8.632121621289816
-8.633102798904059
-8.634386634087562
-8.636079533271333
-8.638336041626095
-8.641385944099365
-8.645511244472576
-8.65104940054958
-8.658449332337707
-8.66829585193985
-8.68138756204548
-8.698547570324713
-8.72078254774511
-8.749192318571737
-8.785206109745767
-8.814191355312204
-8.847047834435239
-8.91611554627694
-8.995311135616737
-9.083840147129129
-9.180603449999232
-9.28265702851044
-9.382163772257394
-9.49899725336316
-9.621151687728055
-9.739854457430226
-8.26540712439318
-8.265567966317036
-8.265754838391034
-8.265977112543743
-8.266247512040035
-8.266583303047407
-8.267007904102764
-8.267553055183654
-8.268261732019953
-8.269200013088618
-8.27047292049433
-8.272206229610012
-8.274545817356195
-8.277693657146129
-8.281924912881605
-8.287647469416047
-8.295283365338324
-8.305402815376103
-8.318700645065881
-8.336228806691567
-8.341045112835777
-8.353223238605292
-8.393273123099089
-8.442497611449989
-8.501190069441957
-8.569161563462481
-8.643933981843727
-8.716074155666393
-8.813058230557903
-8.912725645258906
-9.03071115228375
-8.015643256556567
-8.015806459648767
-8.015990552278142
-8.016203052423311
-8.01645416833707
-8.016757756839327
-8.01713261925034
-8.017604250795738
-8.018207196398912
-8.0189977696735
-8.020071136811724
-8.021537070937796
-8.02351584208987
-8.02617741981815
-8.029757434042288
-8.034625264752773
-8.041133930075198
-8.04977914955289
-8.061169163876547
-8.076340726826796
-8.089952183383545
-8.110236709328465
-8.14307263743115
-8.184068736257148
-8.233616298493189
-8.283333245423659
-8.354222929976808
-8.422447470074365
-8.51497118660832
-8.617206853254979
-8.719761236158314
-7.831964927298417
-7.832141300086786
-7.832339002247869
-7.832565698908586
-7.83283179770532
-7.833151425449656
-7.833543748749614
-7.834034756464574
-7.834659659512096
-7.835476800299987
-7.836586364172372
-7.83810278275699
-7.840149366540126
-7.842901232310396
-7.846602068744992
-7.851639946675201
-7.858376207749819
-7.867322693860558
-7.879105324492226
-7.894835381016263
-7.925515859162482
-7.958764928502299
-7.989882796607156
-8.017136455392427
-8.069443783755698
-8.13147668973655
-8.20281380008092
-8.282056488634025
-8.371540277887576
-8.463624694145874
-8.571860128817931
-7.760522144598881
-7.7606583618885985
-7.760815718810758
-7.761001837260922
-7.7612270672971135
-7.761505459116963
-7.761856077512999
-7.76230477625837
-7.7628865874255135
-7.763655917667431
-7.764700202804285
-7.766123736129779
-7.768046736919546
-7.770636673235674
-7.774123245021497
-7.7788519781714545
-7.785179802421945
-7.795417007579031
-7.79183218467078
-7.809612846748558
-7.831147923146963
-7.858196035529996
-7.892346189683233
-7.935367011055983
-8.000533094461447
-8.069071763848232
-8.137556589542
-8.209486289009568
-8.3037845829039
-8.404806146160789
-8.505501994013212
-7.778595612934402
-7.778736835253538
-7.7788980192118515
-7.779086361333061
-7.779311634465748
-7.779587106053441
-7.779930780300043
-7.780367075604132
-7.7809290844981875
-7.781669374113125
-7.782674482348455
-7.784046072460358
-7.785898707901126
-7.788393180566258
-7.791751396681991
-7.796314258412968
-7.802422680780992
-7.8105505452283
-7.821284107013912
-7.841865476527724
-7.866662758169656
-7.891182552295224
-7.923407451427492
-7.964222885011642
-8.014296388302974
-8.073955947197621
-8.143071904842555
-8.211854350387595
-8.303580778842955
-8.405659126249791
-8.513760158463905
-7.833990351911577
-7.834139571296386
-7.83430841009496
-7.834503945988124
-7.834735790530353
-7.835016992384938
-7.835365259241435
-7.835804608075126
-7.8363675887899555
-7.8371068486934155
-7.838110664555265
-7.839481477110916
-7.841332599819805
-7.843823955475574
-7.84717716203566
-7.851737717560595
-7.8578417574427
-7.86596078152373
-7.876677112303206
-7.87814933383622
-7.898833070027524
-7.925379540293164
-7.958877491873335
-8.0013038903205
-8.053359115617766
-8.115432064033788
-8.187530316442023
-8.269922428501657
-8.350451069363983
-8.45204707874516
-8.562565246357783
-7.512597973561441
-7.512945031651847
-7.513335556029815
-7.513785185069832
-7.514315129379037
-7.514954138196003
-7.515741143738858
-7.516728803794318
-7.517988223053341
-7.5196355836913655
-7.521867513558323
-7.5249075392099645
-7.528994873805758
-7.534463447141785
-7.541767894736852
-7.551612126351631
-7.564615475116046
-7.581616441127055
-7.603566768455317
-7.632087376038427
-7.6679556659243815
-7.71210903029022
-7.756389480492754
-7.825725902947138
-7.906312157002575
-8.002869417792832
-8.103284616499469
-8.21681691643554
-8.328411009903824
-8.455083871122056
-8.577625136322148
-7.247953892831986
-7.248678416555589
-7.249491193505071
-7.250423707534752
-7.251518558033183
-7.252833307199083
-7.254445594746042
-7.256459884026998
-7.259016262769679
-7.262344664058621
-7.266835498914177
-7.272920164416124
-7.281038940961534
-7.291792177339308
-7.30597012317851
-7.324775636815935
-7.3490952773645235
-7.380064967933338
-7.418796543021783
-7.467384413585788
-7.526021429016371
-7.595064301922072
-7.674254670908352
-7.763823842772602
-7.859991285093875
-7.9807780708272595
-8.106531551123863
-8.23823855099205
-8.364432175439008
-8.500647207966677
-8.651494074866688
-6.9929811253460885
-6.994287910124672
-6.995770782661523
-6.997492514850486
-6.999537681084713
-7.002019923793922
-7.005091389073289
-7.008954773612235
-7.0138783356156456
-7.020283927326034
-7.028855871794123
-7.040332173118982
-7.055439141056023
-7.075107885878241
-7.10047156261475
-7.133108312609512
-7.173890910032705
-7.223780834445297
-7.283398253209003
-7.353999087152778
-7.42831122240379
-7.525087317480716
-7.631198784745029
-7.746236722124729
-7.86587479373115
-7.998409190430153
-8.1531288203864
-8.29421857009838
-8.44484896726417
-8.607374893573368
-8.778968184682515
-6.668639548161112
-6.671402361084748
-6.6745632734151386
-6.678261906358609
-6.682684328388506
-6.688076991494759
-6.694763653266916
-6.703164958677438
-6.713819415995354
-6.727533783455375
-6.7455473991138275
-6.76907890378417
-6.799154532914714
-6.8369311595318205
-6.883595195588375
-6.940631789821589
-7.008002256987942
-7.085528057179689
-7.166280916052643
-7.2706823894469474
-7.3922010790934145
-7.5119171069392845
-7.642163893375195
-7.7638497228579935
-7.910937088260976
-8.06536757245982
-8.231970396941831
-8.387207393085403
-8.56606926060377
-8.743179612037556
-8.928789049705383
-6.29004101512216
-6.2952158012762744
-6.301326828663494
-6.308707783254989
-6.302338884192094
-6.315653393326243
-6.331958107911899
-6.352072362324103
-6.376954145895273
-6.407945676855844
-6.446977820449019
-6.4954653101019515
-6.5539822625862145
-6.622978910153837
-6.702691769845257
-6.793698094403836
-6.894167680113665
-6.994497069307931
-7.115619169356667
-7.246036214252735
-7.376140339390522
-7.522313777540482
-7.66973681837399
-7.8391036562596375
-7.997581397289655
-8.166840601219388
-8.346946538841888
-8.522058148852524
-8.721008442281247
-8.916279060408865
-9.11887804073831
-5.803441809409431
-5.819619304399862
-5.838216860679583
-5.859966184360814
-5.8857442782528455
-5.916559620757834
-5.953510046001658
-5.9977056155369795
-6.038403779232694
-6.1056309999468
-6.190379247705109
-6.277699418660712
-6.373915653708801
-6.479012062828593
-6.591641373718593
-6.7084878537686246
-6.841031201146106
-6.971945679269847
-7.118721226512533
-7.268071479236362
-7.4303022230632045
-7.597474742776226
-7.764013956245284
-7.943212378579047
-8.12367364730794
-8.314648900911097
-8.514623263346692
-8.717581847944809
-8.91759359367431
-9.129803767157147
-9.346492525421759
-5.259105208564841
-5.304599942046603
-5.354627263854474
-5.4099629336077015
-5.45993997291203
-5.536446552712494
-5.62014117150751
-5.710977275860138
-5.8086795638999815
-5.91472706196601
-6.025121878477426
-6.141250873990805
-6.267988289172157
-6.405805503110526
-6.550400449978162
-6.695082781987819
-6.846118661917291
-7.004306801713965
-7.170080516044086
-7.343895460967713
-7.529009709142966
-7.714645861366738
-7.912798359764265
-8.103222061629399
-8.304001681008799
-8.504648117509847
-8.721736277706372
-8.937605738464782
-9.150931051609874
-9.374884231105359
-9.595569112599371
-4.604675239454335
-4.727514672859365
-4.863364321505676
-4.993382720950488
-5.123604424102708
-5.265717850745553
-5.401356716757461
-5.537785963722657
-5.684597523249901
-5.823583438343042
-5.9660594099549265
-6.1076877711171
-6.255136569956596
-6.409974425186815
-6.573237907885854
-6.7440510329849515
-6.927223913350969
-7.108092063277356
-7.287680254640064
-7.477503544602046
-7.685898680973019
-7.891642663631025
-8.09352177240569
-8.306434855124678
-8.515157782662616
-8.73531509537383
-8.95138263017453
-9.178799107681094
-9.415587383213111
-9.644250917356722
-9.877240022220715
-4.442994778144944
-4.593066906864866
-4.7441093125843885
-4.895668770392094
-5.048700807771814
-5.2022310543362105
-5.356926850177507
-5.512438880242314
-5.6691611455286255
-5.826158184763019
-5.981470404238223
-6.147526005623251
-6.319158247727721
-6.489644797270986
-6.6747309208702
-6.86196981113549
-7.057902956189933
-7.264771010389044
-7.463391884744176
-7.665731078873989
-7.876845632219725
-8.093016590045874
-8.312619234053352
-8.530121225324484
-8.757190338320378
-8.979746708091321
-9.214839848622152
-9.45281476898738
-9.692793812281105
-9.93582372438634
-10.180257416917676
-4.442994778144944
-4.593066906864866
-4.7441093125843885
-4.895668770392094
-5.048700807771814
-5.2022310543362105
-5.356926850177507
-5.512438880242314
-5.6691611455286255
-5.826158184763019
-5.981470404238223
-6.147526005623251
-6.319158247727721
-6.489644797270986
-6.6747309208702
-6.86196981113549
-7.057902956189933
-7.264771010389044
-7.463391884744176
-7.665731078873989
-7.876845632219725
-8.093016590045874
-8.312619234053352
-8.530121225324484
-8.757190338320378
-8.979746708091321
-9.214839848622152
-9.45281476898738
-9.692793812281105
-9.93582372438634
-10.180257416917676
-4.442994778144944
-4.593066906864866
-4.7441093125843885
-4.895668770392094
-5.048700807771814
-5.2022310543362105
-5.356926850177507
-5.512438880242314
-5.6691611455286255
-5.826158184763019
-5.981470404238223
-6.147526005623251
-6.319158247727721
-6.489644797270986
-6.6747309208702
-6.86196981113549
-7.057902956189933
-7.264771010389044
-7.463391884744176
-7.665731078873989
-7.876845632219725
-8.093016590045874
-8.312619234053352
-8.530121225324484
-8.757190338320378
-8.979746708091321
-9.214839848622152
-9.45281476898738
-9.692793812281105
-9.93582372438634
-10.180257416917676
-4.442994778144944
-4.593066906864866
-4.7441093125843885
-4.895668770392094
-5.048700807771814
-5.2022310543362105
-5.356926850177507
-5.512438880242314
-5.6691611455286255
-5.826158184763019
-5.981470404238223
-6.147526005623251
-6.319158247727721
-6.489644797270986
-6.6747309208702
-6.86196981113549
-7.057902956189933
-7.264771010389044
-7.463391884744176
-7.665731078873989
-7.876845632219725
-8.093016590045874
-8.312619234053352
-8.530121225324484
-8.757190338320378
-8.979746708091321
-9.214839848622152
-9.45281476898738
-9.692793812281105
-9.93582372438634
-10.180257416917676
-4.442994778144944
-4.593066906864866
-4.7441093125843885
-4.895668770392094
-5.048700807771814
-5.2022310543362105
-5.356926850177507
-5.512438880242314
-5.6691611455286255
-5.826158184763019
-5.981470404238223
-6.147526005623251
-6.319158247727721
-6.489644797270986
-6.6747309208702
-6.86196981113549
-7.057902956189933
-7.264771010389044
-7.463391884744176
-7.665731078873989
-7.876845632219725
-8.093016590045874
-8.312619234053352
-8.530121225324484
-8.757190338320378
-8.979746708091321
-9.214839848622152
-9.45281476898738
-9.692793812281105
-9.93582372438634
-10.180257416917676
-4.442994778144944
-4.593066906864866
-4.7441093125843885
-4.895668770392094
-5.048700807771814
-5.2022310543362105
-5.356926850177507
-5.512438880242314
-5.6691611455286255
-5.826158184763019
-5.981470404238223
-6.147526005623251
-6.319158247727721
-6.489644797270986
-6.6747309208702
-6.86196981113549
-7.057902956189933
-7.264771010389044
-7.463391884744176
-7.665731078873989
-7.876845632219725
-8.093016590045874
-8.312619234053352
-8.530121225324484
-8.757190338320378
-8.979746708091321
-9.214839848622152
-9.45281476898738
-9.692793812281105
-9.93582372438634
-10.180257416917676
-4.442994778144944
-4.593066906864866
-4.7441093125843885
-4.895668770392094
-5.048700807771814
-5.2022310543362105
-5.356926850177507
-5.512438880242314
-5.6691611455286255
-5.826158184763019
-5.981470404238223
-6.147526005623251
-6.319158247727721
-6.489644797270986
-6.6747309208702
-6.86196981113549
-7.057902956189933
-7.264771010389044
-7.463391884744176
-7.665731078873989
-7.876845632219725
-8.093016590045874
-8.312619234053352
-8.530121225324484
-8.757190338320378
-8.979746708091321
-9.214839848622152
-9.45281476898738
-9.692793812281105
-9.93582372438634
-10.180257416917676
-4.442994778144944
-4.593066906864866
-4.7441093125843885
-4.895668770392094
-5.048700807771814
-5.2022310543362105
-5.356926850177507
-5.512438880242314
-5.6691611455286255
-5.826158184763019
-5.981470404238223
-6.147526005623251
-6.319158247727721
-6.489644797270986
-6.6747309208702
-6.86196981113549
-7.057902956189933
-7.264771010389044
-7.463391884744176
-7.665731078873989
-7.876845632219725
-8.093016590045874
-8.312619234053352
-8.530121225324484
-8.757190338320378
-8.979746708091321
-9.214839848622152
-9.45281476898738
-9.692793812281105
-9.93582372438634
-10.180257416917676
-4.442994778144944
-4.593066906864866
-4.7441093125843885
-4.895668770392094
-5.048700807771814
-5.2022310543362105
-5.356926850177507
-5.512438880242314
-5.6691611455286255
-5.826158184763019
-5.981470404238223
-6.147526005623251
-6.319158247727721
-6.489644797270986
-6.6747309208702
-6.86196981113549
-7.057902956189933
-7.264771010389044
-7.463391884744176
-7.665731078873989
-7.876845632219725
-8.093016590045874
-8.312619234053352
-8.530121225324484
-8.757190338320378
-8.979746708091321
-9.214839848622152
-9.45281476898738
-9.692793812281105
-9.93582372438634
-10.180257416917676
-4.442994778144944
-4.593066906864866
-4.7441093125843885
-4.895668770392094
-5.048700807771814
-5.2022310543362105
-5.356926850177507
-5.512438880242314
-5.6691611455286255
-5.826158184763019
-5.981470404238223
-6.147526005623251
-6.319158247727721
-6.489644797270986
-6.6747309208702
-6.86196981113549
-7.057902956189933
-7.264771010389044
-7.463391884744176
-7.665731078873989
-7.876845632219725
-8.093016590045874
-8.312619234053352
-8.530121225324484
-8.757190338320378
-8.979746708091321
-9.214839848622152
-9.45281476898738
-9.692793812281105
-9.93582372438634
-10.180257416917676
-4.442994778144944
-4.593066906864866
-4.7441093125843885
-4.895668770392094
-5.048700807771814
-5.2022310543362105
-5.356926850177507
-5.512438880242314
-5.6691611455286255
-5.826158184763019
-5.981470404238223
-6.147526005623251
-6.319158247727721
-6.489644797270986
-6.6747309208702
-6.86196981113549
-7.057902956189933
-7.264771010389044
-7.463391884744176
-7.665731078873989
-7.876845632219725
-8.093016590045874
-8.312619234053352
-8.530121225324484
-8.757190338320378
-8.979746708091321
-9.214839848622152
-9.45281476898738
-9.692793812281105
-9.93582372438634
-10.180257416917676
-4.442994778144944
-4.593066906864866
-4.7441093125843885
-4.895668770392094
-5.048700807771814
-5.2022310543362105
-5.356926850177507
-5.512438880242314
-5.6691611455286255
-5.826158184763019
-5.981470404238223
-6.147526005623251
-6.319158247727721
-6.489644797270986
-6.6747309208702
-6.86196981113549
-7.057902956189933
-7.264771010389044
-7.463391884744176
-7.665731078873989
-7.876845632219725
-8.093016590045874
-8.312619234053352
-8.530121225324484
-8.757190338320378
-8.979746708091321
-9.214839848622152
-9.45281476898738
-9.692793812281105
-9.93582372438634
-10.180257416917676
-4.442994778144944
-4.593066906864866
-4.7441093125843885
-4.895668770392094
-5.048700807771814
-5.2022310543362105
-5.356926850177507
-5.512438880242314
-5.6691611455286255
-5.826158184763019
-5.981470404238223
-6.147526005623251
-6.319158247727721
-6.489644797270986
-6.6747309208702
-6.86196981113549
-7.057902956189933
-7.264771010389044
-7.463391884744176
-7.665731078873989
-7.876845632219725
-8.093016590045874
-8.312619234053352
-8.530121225324484
-8.757190338320378
-8.979746708091321
-9.214839848622152
-9.45281476898738
-9.692793812281105
-9.93582372438634
-10.180257416917676
-4.442994778144944
-4.593066906864866
-4.7441093125843885
-4.895668770392094
-5.048700807771814
-5.2022310543362105
-5.356926850177507
-5.512438880242314
-5.6691611455286255
-5.826158184763019
-5.981470404238223
-6.147526005623251
-6.319158247727721
-6.489644797270986
-6.6747309208702
-6.86196981113549
-7.057902956189933
-7.264771010389044
-7.463391884744176
-7.665731078873989
-7.876845632219725
-8.093016590045874
-8.312619234053352
-8.530121225324484
-8.757190338320378
-8.979746708091321
-9.214839848622152
-9.45281476898738
-9.692793812281105
-9.93582372438634
-10.180257416917676
-4.442994778144944
-4.593066906864866
-4.7441093125843885
-4.895668770392094
-5.048700807771814
-5.2022310543362105
-5.356926850177507
-5.512438880242314
-5.6691611455286255
-5.826158184763019
-5.981470404238223
-6.147526005623251
-6.319158247727721
-6.489644797270986
-6.6747309208702
-6.86196981113549
-7.057902956189933
-7.264771010389044
-7.463391884744176
-7.665731078873989
-7.876845632219725
-8.093016590045874
-8.312619234053352
-8.530121225324484
-8.757190338320378
-8.979746708091321
-9.214839848622152
-9.45281476898738
-9.692793812281105
-9.93582372438634
-10.180257416917676
-4.442994778144944
-4.593066906864866
-4.7441093125843885
-4.895668770392094
-5.048700807771814
-5.2022310543362105
-5.356926850177507
-5.512438880242314
-5.6691611455286255
-5.826158184763019
-5.981470404238223
-6.147526005623251
-6.319158247727721
-6.489644797270986
-6.6747309208702
-6.86196981113549
-7.057902956189933
-7.264771010389044
-7.463391884744176
-7.665731078873989
-7.876845632219725
-8.093016590045874
-8.312619234053352
-8.530121225324484
-8.757190338320378
-8.979746708091321
-9.214839848622152
-9.45281476898738
-9.692793812281105
-9.93582372438634
-10.180257416917676
-8.503117310427065
-8.503501515892795
-8.503977492603497
-8.50457799940296
-8.505347381678366
-8.506345586157483
-8.507653497214593
-8.509379971449528
-8.511671005274824
-8.514732913457843
-8.518861932796682
-8.524425396171052
-8.531868318556851
-8.541769300514328
-8.554862080112093
-8.572100136925304
-8.594461197698678
-8.623069476374713
-8.659071520190098
-8.703789567722268
-8.727682304220853
-8.786933808377503
-8.867257297844782
-8.956924850990196
-9.054718783048513
-9.152727782161305
-9.263037836683333
-9.379069696778897
-9.500525289292227
-9.6191277403999
-9.74649076793846
-8.10731135584268
-8.107557836013374
-8.10784265610506
-8.108179553942374
-8.108587167827364
-8.109090769937088
-8.109724600510281
-8.110535000659683
-8.111584597992923
-8.112970562409826
-8.114848906012568
-8.117404078623776
-8.120845775585238
-8.125463094158114
-8.131646970673035
-8.139978323902207
-8.151027556074999
-8.165553388469695
-8.184444245642204
-8.209080412107891
-8.213865706799849
-8.249214189058035
-8.298883309040315
-8.35921593703793
-8.420505380148379
-8.502723253394834
-8.590842564216418
-8.680727252862424
-8.780051698964838
-8.895763241827574
-9.010152017271206
-7.855200438718232
-7.855362096971167
-7.85555472022752
-7.857723280645827
-7.858015956422623
-7.858386089773138
-7.858861417356083
-7.859479513565104
-7.860291220079109
-7.861372083460157
-7.862837510389291
-7.849127449162402
-7.85206767228155
-7.856014754691442
-7.861308579911127
-7.868472175860129
-7.8780009487173706
-7.8905731148425575
-7.906994478349133
-7.928614278654851
-7.947900593142942
-7.976196677724899
-8.020451941806419
-8.074521931555337
-8.138602260147362
-8.212467402796845
-8.293621347806889
-8.373636991721618
-8.474311181858726
-8.575332060567114
-8.694135973513076
-7.665754195922971
-7.665947577758282
-7.666172563107506
-7.66644051356408
-7.666766849548121
-7.667172490234344
-7.667685795857628
-7.668345180541046
-7.669202614029578
-7.670337825816444
-7.671877238359017
-7.673972181220183
-7.676797851116712
-7.680595943780473
-7.685694300995962
-7.692577580468458
-7.7017411927464225
-7.713848090936993
-7.729692509279036
-7.750485664261483
-7.773386529153814
-7.819835086997971
-7.8625546206276224
-7.915019654560675
-7.977451392204796
-8.049607001633182
-8.130424567081619
-8.218671586142936
-8.312041436784401
-8.421535217659567
-8.527427281691255
-7.573905681507364
-7.574130877544986
-7.574387966676543
-7.574688382536471
-7.575047642025149
-7.5754867933903345
-7.57603436929005
-7.576729013720311
-7.577623002060558
-7.5787993913915175
-7.580394972603728
-7.582569497400149
-7.585501137821853
-7.589438308547229
-7.594720768836062
-7.601868211030425
-7.611381025335727
-7.623941816576178
-7.640363613416199
-7.663444862425465
-7.691460798530406
-7.726261122551012
-7.769380295261067
-7.822295553299095
-7.895506500598972
-7.963812007035225
-8.0477542104533
-8.141528056280592
-8.242856544129385
-8.344635437723515
-8.462159025292827
-7.582360007733051
-7.582584749021041
-7.582839640915995
-7.583135493270917
-7.583486977528346
-7.583913997103779
-7.584443536427845
-7.585112149383453
-7.585969296385927
-7.587094671025797
-7.588621427185969
-7.590703760366157
-7.593511412534067
-7.5972823025463985
-7.602343359380488
-7.609201422156696
-7.6183361979310655
-7.630408963470335
-7.64621028233253
-7.686712765589011
-7.717185852399462
-7.748774898181196
-7.789188660522824
-7.8390709090554545
-7.898682330275204
-7.967737357127586
-8.040320467526332
-8.134449771092363
-8.234783609455615
-8.342957898528708
-8.453718872742813
-7.630821911439455
-7.631056341899925
-7.63132020533962
-7.6316240563210265
-7.63198222008591
-7.63241413098726
-7.632946138708759
-7.633613939611039
-7.634465838257931
-7.635581044324507
-7.637094225359152
-7.6391595895861855
-7.641943928719159
-7.645682368017446
-7.650699440916479
-7.65750573086806
-7.666572094234174
-7.6785542595056295
-7.694235952165402
-7.714992837723114
-7.741689941137971
-7.775463762431302
-7.817375521946799
-7.869144721716865
-7.931079605322513
-8.003000362405738
-8.084118767769503
-8.170809344915344
-8.27351879780406
-8.382444713005887
-8.491221807643813
-7.302497776047118
-7.302885821321134
-7.303339729020412
-7.303883183320503
-7.304548278634529
-7.3053784623895925
-7.306432470965321
-7.307789563335306
-7.309556424385103
-7.311894297895096
-7.315054379713116
-7.319334704951672
-7.325075823865304
-7.3327360878721874
-7.342917549957989
-7.35647397351519
-7.374215042922748
-7.397150405397124
-7.427931440872349
-7.45365337876001
-7.50268110355439
-7.5616757759053215
-7.63100910688786
-7.711837444833018
-7.803104439687898
-7.90791375831474
-8.021355208852393
-8.140429279916702
-8.262240863653462
-8.384915680879121
-8.52237721855857
-7.024676480812096
-7.025560098556608
-7.026578731182512
-7.027780389602145
-7.029229902873552
-7.031014630614631
-7.033251967544803
-7.036099079521721
-7.03976531337004
-7.044572396462153
-7.051030639311036
-7.059715142605642
-7.071232645311467
-7.086373160708623
-7.106125070897694
-7.131867484603191
-7.164598452357921
-7.205462820591249
-7.2554357480047225
-7.3162104879402685
-7.38750978251124
-7.469088714899531
-7.5600391326509015
-7.655325133441719
-7.770377183876058
-7.8973045800250095
-8.031528248336295
-8.162104180547653
-8.300052178551498
-8.441653729568246
-8.595848980335893
-6.7489014806306065
-6.750557535156072
-6.752491354034371
-6.754800986636131
-6.757617944072329
-6.76111787362789
-6.765534035310881
-6.771173823718605
-6.778438154721311
-6.787915979828011
-6.800493903807
-6.817125217578512
-6.838745991774495
-6.86646942576022
-6.901534228058783
-6.945478215880143
-6.998965895437788
-7.062569557756861
-7.1363774818070915
-7.21163987062504
-7.310514653159855
-7.418542583989441
-7.534409926679838
-7.6507439140556235
-7.785600322030768
-7.924293242713304
-8.07524669365022
-8.226917784198132
-8.381177698043382
-8.539360951202001
-8.713344396746521
-6.403722947914338
-6.407400095154262
-6.411723493584584
-6.416913979431077
-6.4232625185819545
-6.431148721004829
-6.441061356562235
-6.453618742716346
-6.469584894258484
-6.490014351992165
-6.516386755856903
-6.550066637268024
-6.592081883455564
-6.643422552235082
-6.704909537179345
-6.777473002315188
-6.860460989000077
-6.95313237731193
-7.047044075883993
-7.162364322499084
-7.29277479716726
-7.420999081855875
-7.557358577402014
-7.685805862274024
-7.836009290915028
-7.993820003565737
-8.156308452570947
-8.314247329694457
-8.495628957447067
-8.68223261894542
-8.8621181633477
-6.015005005581248
-6.022984486536177
-6.032511868766496
-6.044088672159813
-6.058347508076399
-6.076067040045665
-6.098175082526939
-6.125730524052087
-6.159874213917497
-6.201919318154151
-6.253359670878161
-6.315051756937726
-6.378053128949784
-6.46374899424841
-6.559306076750466
-6.664799136582849
-6.778430309197755
-6.898695133239946
-7.019018528628054
-7.156308635210825
-7.292251334179859
-7.442549573723962
-7.593519425018413
-7.765003630041634
-7.925832291726256
-8.090644911949358
-8.28050226408957
-8.457139098102134
-8.650287543821385
-8.85490939916838
-9.051822665598657
-5.505157861290106
-5.529420939487754
-5.557664767760565
-5.590813890634141
-5.629868615143319
-5.6758382128482
-5.729646552976324
-5.7920222963983425
-5.863396604825443
-5.945545647756563
-6.042068014690286
-6.133677155630636
-6.244402626802934
-6.3624196540931175
-6.487001176337507
-6.61075140466617
-6.749415091212625
-6.886338514538673
-7.036721414328327
-7.189075293567433
-7.353829418326011
-7.523113112107993
-7.691417818265941
-7.8729159756611535
-8.05512122791197
-8.240207315328147
-8.449605433071088
-8.646552240756847
-8.855620281929136
-9.062003184708106
-9.28022699816093
-5.000533708381224
-5.056973486002497
-5.113869240805658
-5.192258679098887
-5.277527950650915
-5.369605602738145
-5.468204367602123
-5.5728397848369005
-5.67519976247208
-5.7947292303382145
-5.925490385874874
-6.049456289106852
-6.181168442493131
-6.317898775603963
-6.465483288186652
-6.6140420522988
-6.774284672296437
-6.934427962181498
-7.095491122871551
-7.270594140585559
-7.4568566775272656
-7.6445551405237495
-7.837042918375139
-8.036288101117279
-8.230995066662928
-8.440502176033188
-8.651872539448062
-8.869533662879958
-9.08389714069367
-9.308872395403363
-9.531015856849294
-4.464988098930626
-4.598669169643072
-4.74342473346136
-4.880862270393959
-5.019066962681254
-5.166263623407693
-5.308007034075552
-5.449896552972934
-5.593182514234689
-5.7433378764241
-5.882545674446946
-6.02718121354035
-6.183500068121669
-6.340075810746015
-6.504493970300058
-6.669927309945518
-6.854481779206562
-7.036635871172017
-7.217170291197159
-7.408450168027827
-7.611441068367572
-7.818635032913766
-8.029204539445004
-8.236022939598106
-8.452939886736193
-8.667538458257868
-8.885104085545642
-9.113369765365501
-9.344604281856519
-9.581025394453746
-9.81352678436853
-4.3640796100201955
-4.515767257808286
-4.668053323073956
-4.815210969472485
-4.9692264282143785
-5.124341116205439
-5.280131585496213
-5.437443809811899
-5.595375205867597
-5.753901276847456
-5.9104881338532635
-6.071518556998819
-6.243342550330121
-6.4216044311472205
-6.6010192190131
-6.789476758157719
-6.986491714614953
-7.188241693186897
-7.394911123474379
-7.591242023949765
-7.803635754091634
-8.028155258510896
-8.242188905834386
-8.46097572850676
-8.68899649264759
-8.91259546200047
-9.148358349334611
-9.3877941372171
-9.627874046831021
-9.863728180292377
-10.11587764950695
-4.3640796100201955
-4.515767257808286
-4.668053323073956
-4.815210969472485
-4.9692264282143785
-5.124341116205439
-5.280131585496213
-5.437443809811899
-5.595375205867597
-5.753901276847456
-5.9104881338532635
-6.071518556998819
-6.243342550330121
-6.4216044311472205
-6.6010192190131
-6.789476758157719
-6.986491714614953
-7.188241693186897
-7.394911123474379
-7.591242023949765
-7.803635754091634
-8.028155258510896
-8.242188905834386
-8.46097572850676
-8.68899649264759
-8.91259546200047
-9.148358349334611
-9.3877941372171
-9.627874046831021
-9.863728180292377
-10.11587764950695
-4.3640796100201955
-4.515767257808286
-4.668053323073956
-4.815210969472485
-4.9692264282143785
-5.124341116205439
-5.280131585496213
-5.437443809811899
-5.595375205867597
-5.753901276847456
-5.9104881338532635
-6.071518556998819
-6.243342550330121
-6.4216044311472205
-6.6010192190131
-6.789476758157719
-6.986491714614953
-7.188241693186897
-7.394911123474379
-7.591242023949765
-7.803635754091634
-8.028155258510896
-8.242188905834386
-8.46097572850676
-8.68899649264759
-8.91259546200047
-9.148358349334611
-9.3877941372171
-9.627874046831021
-9.863728180292377
-10.11587764950695
-4.3640796100201955
-4.515767257808286
-4.668053323073956
-4.815210969472485
-4.9692264282143785
-5.124341116205439
-5.280131585496213
-5.437443809811899
-5.595375205867597
-5.753901276847456
-5.9104881338532635
-6.071518556998819
-6.243342550330121
-6.4216044311472205
-6.6010192190131
-6.789476758157719
-6.986491714614953
-7.188241693186897
-7.394911123474379
-7.591242023949765
-7.803635754091634
-8.028155258510896
-8.242188905834386
-8.46097572850676
-8.68899649264759
-8.91259546200047
-9.148358349334611
-9.3877941372171
-9.627874046831021
-9.863728180292377
-10.11587764950695
-4.3640796100201955
-4.515767257808286
-4.668053323073956
-4.815210969472485
-4.9692264282143785
-5.124341116205439
-5.280131585496213
-5.437443809811899
-5.595375205867597
-5.753901276847456
-5.9104881338532635
-6.071518556998819
-6.243342550330121
-6.4216044311472205
-6.6010192190131
-6.789476758157719
-6.986491714614953
-7.188241693186897
-7.394911123474379
-7.591242023949765
-7.803635754091634
-8.028155258510896
-8.242188905834386
-8.46097572850676
-8.68899649264759
-8.91259546200047
-9.148358349334611
-9.3877941372171
-9.627874046831021
-9.863728180292377
-10.11587764950695
-4.3640796100201955
-4.515767257808286
-4.668053323073956
-4.815210969472485
-4.9692264282143785
-5.124341116205439
-5.280131585496213
-5.437443809811899
-5.595375205867597
-5.753901276847456
-5.9104881338532635
-6.071518556998819
-6.243342550330121
-6.4216044311472205
-6.6010192190131
-6.789476758157719
-6.986491714614953
-7.188241693186897
-7.394911123474379
-7.591242023949765
-7.803635754091634
-8.028155258510896
-8.242188905834386
-8.46097572850676
-8.68899649264759
-8.91259546200047
-9.148358349334611
-9.3877941372171
-9.627874046831021
-9.863728180292377
-10.11587764950695
-4.3640796100201955
-4.515767257808286
-4.668053323073956
-4.815210969472485
-4.9692264282143785
-5.124341116205439
-5.280131585496213
-5.437443809811899
-5.595375205867597
-5.753901276847456
-5.9104881338532635
-6.071518556998819
-6.243342550330121
-6.4216044311472205
-6.6010192190131
-6.789476758157719
-6.986491714614953
-7.188241693186897
-7.394911123474379
-7.591242023949765
-7.803635754091634
-8.028155258510896
-8.242188905834386
-8.46097572850676
-8.68899649264759
-8.91259546200047
-9.148358349334611
-9.3877941372171
-9.627874046831021
-9.863728180292377
-10.11587764950695
-4.3640796100201955
-4.515767257808286
-4.668053323073956
-4.815210969472485
-4.9692264282143785
-5.124341116205439
-5.280131585496213
-5.437443809811899
-5.595375205867597
-5.753901276847456
-5.9104881338532635
-6.071518556998819
-6.243342550330121
-6.4216044311472205
-6.6010192190131
-6.789476758157719
-6.986491714614953
-7.188241693186897
-7.394911123474379
-7.591242023949765
-7.803635754091634
-8.028155258510896
-8.242188905834386
-8.46097572850676
-8.68899649264759
-8.91259546200047
-9.148358349334611
-9.3877941372171
-9.627874046831021
-9.863728180292377
-10.11587764950695
-4.3640796100201955
-4.515767257808286
-4.668053323073956
-4.815210969472485
-4.9692264282143785
-5.124341116205439
-5.280131585496213
-5.437443809811899
-5.595375205867597
-5.753901276847456
-5.9104881338532635
-6.071518556998819
-6.243342550330121
-6.4216044311472205
-6.6010192190131
-6.789476758157719
-6.986491714614953
-7.188241693186897
-7.394911123474379
-7.591242023949765
-7.803635754091634
-8.028155258510896
-8.242188905834386
-8.46097572850676
-8.68899649264759
-8.91259546200047
-9.148358349334611
-9.3877941372171
-9.627874046831021
-9.863728180292377
-10.11587764950695
-4.3640796100201955
-4.515767257808286
-4.668053323073956
-4.815210969472485
-4.9692264282143785
-5.124341116205439
-5.280131585496213
-5.437443809811899
-5.595375205867597
-5.753901276847456
-5.9104881338532635
-6.071518556998819
-6.243342550330121
-6.4216044311472205
-6.6010192190131
-6.789476758157719
-6.986491714614953
-7.188241693186897
-7.394911123474379
-7.591242023949765
-7.803635754091634
-8.028155258510896
-8.242188905834386
-8.46097572850676
-8.68899649264759
-8.91259546200047
-9.148358349334611
-9.3877941372171
-9.627874046831021
-9.863728180292377
-10.11587764950695
-4.3640796100201955
-4.515767257808286
-4.668053323073956
-4.815210969472485
-4.9692264282143785
-5.124341116205439
-5.280131585496213
-5.437443809811899
-5.595375205867597
-5.753901276847456
-5.9104881338532635
-6.071518556998819
-6.243342550330121
-6.4216044311472205
-6.6010192190131
-6.789476758157719
-6.986491714614953
-7.188241693186897
-7.394911123474379
-7.591242023949765
-7.803635754091634
-8.028155258510896
-8.242188905834386
-8.46097572850676
-8.68899649264759
-8.91259546200047
-9.148358349334611
-9.3877941372171
-9.627874046831021
-9.863728180292377
-10.11587764950695
-4.3640796100201955
-4.515767257808286
-4.668053323073956
-4.815210969472485
-4.9692264282143785
-5.124341116205439
-5.280131585496213
-5.437443809811899
-5.595375205867597
-5.753901276847456
-5.9104881338532635
-6.071518556998819
-6.243342550330121
-6.4216044311472205
-6.6010192190131
-6.789476758157719
-6.986491714614953
-7.188241693186897
-7.394911123474379
-7.591242023949765
-7.803635754091634
-8.028155258510896
-8.242188905834386
-8.46097572850676
-8.68899649264759
-8.91259546200047
-9.148358349334611
-9.3877941372171
-9.627874046831021
-9.863728180292377
-10.11587764950695
-4.3640796100201955
-4.515767257808286
-4.668053323073956
-4.815210969472485
-4.9692264282143785
-5.124341116205439
-5.280131585496213
-5.437443809811899
-5.595375205867597
-5.753901276847456
-5.9104881338532635
-6.071518556998819
-6.243342550330121
-6.4216044311472205
-6.6010192190131
-6.789476758157719
-6.986491714614953
-7.188241693186897
-7.394911123474379
-7.591242023949765
-7.803635754091634
-8.028155258510896
-8.242188905834386
-8.46097572850676
-8.68899649264759
-8.91259546200047
-9.148358349334611
-9.3877941372171
-9.627874046831021
-9.863728180292377
-10.11587764950695
-4.3640796100201955
-4.515767257808286
-4.668053323073956
-4.815210969472485
-4.9692264282143785
-5.124341116205439
-5.280131585496213
-5.437443809811899
-5.595375205867597
-5.753901276847456
-5.9104881338532635
-6.071518556998819
-6.243342550330121
-6.4216044311472205
-6.6010192190131
-6.789476758157719
-6.986491714614953
-7.188241693186897
-7.394911123474379
-7.591242023949765
-7.803635754091634
-8.028155258510896
-8.242188905834386
-8.46097572850676
-8.68899649264759
-8.91259546200047
-9.148358349334611
-9.3877941372171
-9.627874046831021
-9.863728180292377
-10.11587764950695
-4.3640796100201955
-4.515767257808286
-4.668053323073956
-4.815210969472485
-4.9692264282143785
-5.124341116205439
-5.280131585496213
-5.437443809811899
-5.595375205867597
-5.753901276847456
-5.9104881338532635
-6.071518556998819
-6.243342550330121
-6.4216044311472205
-6.6010192190131
-6.789476758157719
-6.986491714614953
-7.188241693186897
-7.394911123474379
-7.591242023949765
-7.803635754091634
-8.028155258510896
-8.242188905834386
-8.46097572850676
-8.68899649264759
-8.91259546200047
-9.148358349334611
-9.3877941372171
-9.627874046831021
-9.863728180292377
-10.11587764950695
-4.3640796100201955
-4.515767257808286
-4.668053323073956
-4.815210969472485
-4.9692264282143785
-5.124341116205439
-5.280131585496213
-5.437443809811899
-5.595375205867597
-5.753901276847456
-5.9104881338532635
-6.071518556998819
-6.243342550330121
-6.4216044311472205
-6.6010192190131
-6.789476758157719
-6.986491714614953
-7.188241693186897
-7.394911123474379
-7.591242023949765
-7.803635754091634
-8.028155258510896
-8.242188905834386
-8.46097572850676
-8.68899649264759
-8.91259546200047
-9.148358349334611
-9.3877941372171
-9.627874046831021
-9.863728180292377
-10.11587764950695
-8.367514860710974
-8.367977037574974
-8.368569663905875
-8.369339224378825
-8.37034854626699
-8.37168237748369
-8.373454729094531
-8.37581842438234
-8.378977308124888
-8.383209964359509
-8.388898802873333
-8.39652322310264
-8.406671003930036
-8.4200822384008
-8.437659817187074
-8.46049592533031
-8.489700835558171
-8.52643795942425
-8.571772797715335
-8.627682080000007
-8.67024133667675
-8.730021571509846
-8.822411389854235
-8.922918787710014
-9.030250797745476
-9.143175716162366
-9.259329759222902
-9.381701801878958
-9.506371330214137
-9.626888169584772
-9.749172822084773
-7.967712559283004
-7.9679943116873355
-7.968330774831519
-7.968741551748816
-7.969253220642635
-7.969901786934732
-7.9707359722247295
-7.971821604736971
-7.973247441627424
-7.975144442831658
-7.977711078327495
-7.981189145130409
-7.985865361476994
-7.99212543204422
-8.000478146209458
-8.011635002566267
-8.02632804232816
-8.045477947095533
-8.07012026600725
-8.101662858209362
-8.118373523605564
-8.149069948012784
-8.212360913786027
-8.286001097654498
-8.369350325913796
-8.461398328648292
-8.558886492413244
-8.652478193235861
-8.766463040252326
-8.886087965010192
-9.005080440186177
-7.693424199601377
-7.693697493097177
-7.6940163510377575
-7.6943970951257725
-7.694861862370608
-7.695440656334982
-7.696174104512537
-7.697117150276802
-7.69834396935044
-7.699967739784487
-7.702166831548273
-7.705153978893236
-7.709174011693325
-7.714561397447061
-7.721764147296572
-7.731435099549105
-7.744220756558568
-7.760963169237621
-7.782629187573167
-7.8106703385379905
-7.838198581364943
-7.876068695558928
-7.9304662052303305
-7.995161003623796
-8.069815602889577
-8.153584632857111
-8.244014357813498
-8.336288414876906
-8.436990675464349
-8.55437004214152
-8.66915066551868
-7.481370903882625
-7.481660165816582
-7.481997799827711
-7.482401116105901
-7.482893589075227
-7.483507029224105
-7.48428450055872
-7.48528422321116
-7.486584763755157
-7.488305926623611
-7.4906364082053205
-7.493801112620059
-7.4980584873768965
-7.50376100628353
-7.511379807480601
-7.521600944234244
-7.535098986405308
-7.552748788995347
-7.575546384278923
-7.60500078388731
-7.654740970501346
-7.709476574274777
-7.762138858229508
-7.825028120392354
-7.897795990972081
-7.979486903764671
-8.063659061812858
-8.164571262857802
-8.274293009756091
-8.381602822103432
-8.502870919147789
-7.40421143320924
-7.404477259099638
-7.404789978362971
-7.405166393863475
-7.405629295003976
-7.406209568672286
-7.406949036089319
-7.407904249660227
-7.409151546286816
-7.410805980065043
-7.413046385499353
-7.416088070391051
-7.42018206397283
-7.425669911552503
-7.433007633208681
-7.442852606309035
-7.455869033469898
-7.472915644242773
-7.494978360358901
-7.524834432884863
-7.5609954310374565
-7.605219047515048
-7.658762307577539
-7.722538504686273
-7.797236098201485
-7.890573719407568
-7.984077514163031
-8.08528766557416
-8.188202487232582
-8.30611868713589
-8.420679369004532
-7.405602243424738
-7.405865123321425
-7.406172179682773
-7.406539244939677
-7.40698779479932
-7.4075469402384515
-7.408256106252719
-7.409168620338018
-7.410356494402203
-7.411929450726017
-7.414060175207678
-7.4169551627988115
-7.420852860895706
-7.426079304032054
-7.433071925693861
-7.442469378188497
-7.45490938875119
-7.471225581351702
-7.49238155275178
-7.537440515382277
-7.574591119953552
-7.614969675659092
-7.6650096056484305
-7.71568498852932
-7.789911498302887
-7.874227425988934
-7.967839714814554
-8.070207386964295
-8.169669950855917
-8.287939389213404
-8.41147714914094
-7.446842752640435
-7.4471115020805705
-7.447423170493871
-7.447793146054702
-7.448242302878182
-7.448798938367757
-7.449501379249288
-7.450401474061278
-7.4515692497635895
-7.453112626300182
-7.455203621341902
-7.458046293067661
-7.461873605240647
-7.467005432772354
-7.473872505781022
-7.483110751358164
-7.495344734023301
-7.511397653969108
-7.532222991333847
-7.559297375084253
-7.593565105091846
-7.636116099874677
-7.687822404064665
-7.749856010397173
-7.8219373894223505
-7.898124286818853
-7.993962394677726
-8.099224065284949
-8.20888796294083
-8.317462126398064
-8.442113375021794
-7.080927543754519
-7.081528838875894
-7.082232301125574
-7.083074330169834
-7.084104161399103
-7.085388289397911
-7.0870163301284395
-7.089108718292622
-7.091826684918892
-7.095413275744339
-7.100246097648553
-7.106765600627004
-7.115461550703833
-7.126979526155506
-7.1421442595369955
-7.162103605430465
-7.187837769777693
-7.2205059120622215
-7.261226844250737
-7.311693322583277
-7.372245944433708
-7.443207372676158
-7.524405712073041
-7.616212417701867
-7.716893817659942
-7.824991953636137
-7.953052195533873
-8.072262963933836
-8.206439700511504
-8.335207988087546
-8.468008096819782
-6.804978952669723
-6.806086656648921
-6.807400943850498
-6.808994905041754
-6.810966929811035
-6.8134490494070565
-6.816617691253952
-6.820707262805926
-6.826026811165376
-6.833025377345908
-6.8423707800558615
-6.854819671207683
-6.871177307786711
-6.892434677959743
-6.919751182999537
-6.954590071950034
-6.997917657688397
-7.050680592146695
-7.113483990099647
-7.187377188073889
-7.271519381184534
-7.3650582025965825
-7.460364620720521
-7.575070798851454
-7.697411812609356
-7.823611649864051
-7.961745729059148
-8.105336103222786
-8.239611795813492
-8.383813300256543
-8.540252069883985
-6.509665933298669
-6.511836242166024
-6.514443176884436
-6.517638800591881
-6.521625647411671
-6.526671690396133
-6.5331283314744475
-6.541450875045361
-6.552219825700008
-6.566234901777562
-6.584611555810029
-6.608513731409399
-6.639034271771799
-6.677343971008651
-6.724582305159547
-6.781969386375884
-6.849699547404894
-6.927747734119069
-7.015584765178411
-7.105810976558561
-7.215466239147934
-7.332745736876302
-7.456274576625572
-7.580212787799152
-7.719482185306388
-7.862532552435266
-8.016485595489337
-8.163804562969121
-8.320103758493785
-8.48720700862491
-8.662257190418362
-6.144485176331546
-6.149517507458709
-6.155589244763107
-6.163043374782398
-6.172323684616735
-6.183995388012531
-6.198763336162476
-6.217482195641294
-6.241150344324106
-6.271020033104501
-6.308665921564874
-6.355362328847011
-6.411841481732875
-6.478601325838883
-6.5558219040464545
-6.643715469577082
-6.7410943211458525
-6.846860159232542
-6.9522170442298385
-7.07578813823717
-7.212597048305308
-7.346723879302659
-7.487348332192615
-7.620471400864875
-7.766624656597163
-7.9264535246688235
-8.097704309975537
-8.257147746050025
-8.439452996702691
-8.620610866632788
-8.80890260108427
-5.742718948496986
-5.75453841109625
-5.768846199641313
-5.7863656179644565
-5.807965283630652
-5.834648043370781
-5.867512640250596
-5.9076808026194705
-5.956190037599246
-6.014069081652953
-6.082354335887234
-6.161245422080198
-6.250067709712166
-6.347945389607334
-6.4466002152679485
-6.563103865364226
-6.686132367662857
-6.814731997484682
-6.941137742516123
-7.082569981420143
-7.222487175350205
-7.3753362727107445
-7.528454188273335
-7.694944304145765
-7.857364761854986
-8.030132482392624
-8.21418651379431
-8.391722570307056
-8.586593638275087
-8.792388750200642
-8.99015700906192
-5.252179801263325
-5.283135689690457
-5.3197726323763765
-5.3631747283607245
-5.414365812095057
-5.463946205359943
-5.536560389448635
-5.617940242911485
-5.707778898220344
-5.807148220554751
-5.9196034273836435
-6.033477627538504
-6.152774298939719
-6.270677020019119
-6.402000428343496
-6.539306144153797
-6.674234404340716
-6.821598712113205
-6.9672733146472146
-7.121549347897922
-7.287739473863983
-7.458100497701426
-7.6212611856306705
-7.810522505888256
-7.986668763627678
-8.179792713137708
-8.383371744497488
-8.581709388414163
-8.791591936566787
-8.999004592942697
-9.218243083430249
-4.770159265593558
-4.850930084324668
-4.938253985739728
-5.032010908054138
-5.131879336964416
-5.237351026171179
-5.342749336572931
-5.461263133457561
-5.58350484667976
-5.710434854733287
-5.838999181619641
-5.968669332796118
-6.105480855194465
-6.244846422893152
-6.401109834404311
-6.551403510566536
-6.706562098181923
-6.867913696695581
-7.030053340386013
-7.205752514777606
-7.386458037640441
-7.581570343895396
-7.775116679071528
-7.968260126804781
-8.170963968834771
-8.37432924606647
-8.587096187050495
-8.805902784007257
-9.020971719037187
-9.246613572062738
-9.469881240804746
-4.367859430938486
-4.515230980808819
-4.656379091936946
-4.797700245023138
-4.940476003538719
-5.084163151675011
-5.23486291413376
-5.379776148899409
-5.525161528642505
-5.670735578258602
-5.81879263618521
-5.964289594752073
-6.115406862414003
-6.2729244176099614
-6.4384183412860425
-6.604767556785363
-6.78969940782517
-6.972652061641854
-7.1475885952407
-7.345853192477334
-7.5500037214323354
-7.758333493960808
-7.962832059219114
-8.170774583156001
-8.388977690625385
-8.603906106773374
-8.822595195416053
-9.051434350979596
-9.283709867529979
-9.520590294616758
-9.746123140451896
-4.296566629420677
-4.448530515953271
-4.601560936028331
-4.755535814249884
-4.910122919152988
-5.0594264275431575
-5.215835851797687
-5.373533611557486
-5.532300549857772
-5.685385974121736
-5.842414649870353
-6.009679556990711
-6.176788214597625
-6.354853711748735
-6.534836520905957
-6.7239951133728395
-6.921753475484758
-7.124259886230874
-7.325294209653119
-7.528993086286416
-7.742538762600694
-7.96175003777602
-8.17603905912454
-8.396039307307806
-8.6245632159128
-8.848910111903248
-9.085031894794882
-9.325749271907872
-9.565265509225885
-9.801636826596841
-10.053744135776029
-4.296566629420677
-4.448530515953271
-4.601560936028331
-4.755535814249884
-4.910122919152988
-5.0594264275431575
-5.215835851797687
-5.373533611557486
-5.532300549857772
-5.685385974121736
-5.842414649870353
-6.009679556990711
-6.176788214597625
-6.354853711748735
-6.534836520905957
-6.7239951133728395
-6.921753475484758
-7.124259886230874
-7.325294209653119
-7.528993086286416
-7.742538762600694
-7.96175003777602
-8.17603905912454
-8.396039307307806
-8.6245632159128
-8.848910111903248
-9.085031894794882
-9.325749271907872
-9.565265509225885
-9.801636826596841
-10.053744135776029
-4.296566629420677
-4.448530515953271
-4.601560936028331
-4.755535814249884
-4.910122919152988
-5.0594264275431575
-5.215835851797687
-5.373533611557486
-5.532300549857772
-5.685385974121736
-5.842414649870353
-6.009679556990711
-6.176788214597625
-6.354853711748735
-6.534836520905957
-6.7239951133728395
-6.921753475484758
-7.124259886230874
-7.325294209653119
-7.528993086286416
-7.742538762600694
-7.96175003777602
-8.17603905912454
-8.396039307307806
-8.6245632159128
-8.848910111903248
-9.085031894794882
-9.325749271907872
-9.565265509225885
-9.801636826596841
-10.053744135776029
-4.296566629420677
-4.448530515953271
-4.601560936028331
-4.755535814249884
-4.910122919152988
-5.0594264275431575
-5.215835851797687
-5.373533611557486
-5.532300549857772
-5.685385974121736
-5.842414649870353
-6.009679556990711
-6.176788214597625
-6.354853711748735
-6.534836520905957
-6.7239951133728395
-6.921753475484758
-7.124259886230874
-7.325294209653119
-7.528993086286416
-7.742538762600694
-7.96175003777602
-8.17603905912454
-8.396039307307806
-8.6245632159128
-8.848910111903248
-9.085031894794882
-9.325749271907872
-9.565265509225885
-9.801636826596841
-10.053744135776029
-4.296566629420677
-4.448530515953271
-4.601560936028331
-4.755535814249884
-4.910122919152988
-5.0594264275431575
-5.215835851797687
-5.373533611557486
-5.532300549857772
-5.685385974121736
-5.842414649870353
-6.009679556990711
-6.176788214597625
-6.354853711748735
-6.534836520905957
-6.7239951133728395
-6.921753475484758
-7.124259886230874
-7.325294209653119
-7.528993086286416
-7.742538762600694
-7.96175003777602
-8.17603905912454
-8.396039307307806
-8.6245632159128
-8.848910111903248
-9.085031894794882
-9.325749271907872
-9.565265509225885
-9.801636826596841
-10.053744135776029
-4.296566629420677
-4.448530515953271
-4.601560936028331
-4.755535814249884
-4.910122919152988
-5.0594264275431575
-5.215835851797687
-5.373533611557486
-5.532300549857772
-5.685385974121736
-5.842414649870353
-6.009679556990711
-6.176788214597625
-6.354853711748735
-6.534836520905957
-6.7239951133728395
-6.921753475484758
-7.124259886230874
-7.325294209653119
-7.528993086286416
-7.742538762600694
-7.96175003777602
-8.17603905912454
-8.396039307307806
-8.6245632159128
-8.848910111903248
-9.085031894794882
-9.325749271907872
-9.565265509225885
-9.801636826596841
-10.053744135776029
-4.296566629420677
-4.448530515953271
-4.601560936028331
-4.755535814249884
-4.910122919152988
-5.0594264275431575
-5.215835851797687
-5.373533611557486
-5.532300549857772
-5.685385974121736
-5.842414649870353
-6.009679556990711
-6.176788214597625
-6.354853711748735
-6.534836520905957
-6.7239951133728395
-6.921753475484758
-7.124259886230874
-7.325294209653119
-7.528993086286416
-7.742538762600694
-7.96175003777602
-8.17603905912454
-8.396039307307806
-8.6245632159128
-8.848910111903248
-9.085031894794882
-9.325749271907872
-9.565265509225885
-9.801636826596841
-10.053744135776029
-4.296566629420677
-4.448530515953271
-4.601560936028331
-4.755535814249884
-4.910122919152988
-5.0594264275431575
-5.215835851797687
-5.373533611557486
-5.532300549857772
-5.685385974121736
-5.842414649870353
-6.009679556990711
-6.176788214597625
-6.354853711748735
-6.534836520905957
-6.7239951133728395
-6.921753475484758
-7.124259886230874
-7.325294209653119
-7.528993086286416
-7.742538762600694
-7.96175003777602
-8.17603905912454
-8.396039307307806
-8.6245632159128
-8.848910111903248
-9.085031894794882
-9.325749271907872
-9.565265509225885
-9.801636826596841
-10.053744135776029
-4.296566629420677
-4.448530515953271
-4.601560936028331
-4.755535814249884
-4.910122919152988
-5.0594264275431575
-5.215835851797687
-5.373533611557486
-5.532300549857772
-5.685385974121736
-5.842414649870353
-6.009679556990711
-6.176788214597625
-6.354853711748735
-6.534836520905957
-6.7239951133728395
-6.921753475484758
-7.124259886230874
-7.325294209653119
-7.528993086286416
-7.742538762600694
-7.96175003777602
-8.17603905912454
-8.396039307307806
-8.6245632159128
-8.848910111903248
-9.085031894794882
-9.325749271907872
-9.565265509225885
-9.801636826596841
-10.053744135776029
-4.296566629420677
-4.448530515953271
-4.601560936028331
-4.755535814249884
-4.910122919152988
-5.0594264275431575
-5.215835851797687
-5.373533611557486
-5.532300549857772
-5.685385974121736
-5.842414649870353
-6.009679556990711
-6.176788214597625
-6.354853711748735
-6.534836520905957
-6.7239951133728395
-6.921753475484758
-7.124259886230874
-7.325294209653119
-7.528993086286416
-7.742538762600694
-7.96175003777602
-8.17603905912454
-8.396039307307806
-8.6245632159128
-8.848910111903248
-9.085031894794882
-9.325749271907872
-9.565265509225885
-9.801636826596841
-10.053744135776029
-4.296566629420677
-4.448530515953271
-4.601560936028331
-4.755535814249884
-4.910122919152988
-5.0594264275431575
-5.215835851797687
-5.373533611557486
-5.532300549857772
-5.685385974121736
-5.842414649870353
-6.009679556990711
-6.176788214597625
-6.354853711748735
-6.534836520905957
-6.7239951133728395
-6.921753475484758
-7.124259886230874
-7.325294209653119
-7.528993086286416
-7.742538762600694
-7.96175003777602
-8.17603905912454
-8.396039307307806
-8.6245632159128
-8.848910111903248
-9.085031894794882
-9.325749271907872
-9.565265509225885
-9.801636826596841
-10.053744135776029
-4.296566629420677
-4.448530515953271
-4.601560936028331
-4.755535814249884
-4.910122919152988
-5.0594264275431575
-5.215835851797687
-5.373533611557486
-5.532300549857772
-5.685385974121736
-5.842414649870353
-6.009679556990711
-6.176788214597625
-6.354853711748735
-6.534836520905957
-6.7239951133728395
-6.921753475484758
-7.124259886230874
-7.325294209653119
-7.528993086286416
-7.742538762600694
-7.96175003777602
-8.17603905912454
-8.396039307307806
-8.6245632159128
-8.848910111903248
-9.085031894794882
-9.325749271907872
-9.565265509225885
-9.801636826596841
-10.053744135776029
-4.296566629420677
-4.448530515953271
-4.601560936028331
-4.755535814249884
-4.910122919152988
-5.0594264275431575
-5.215835851797687
-5.373533611557486
-5.532300549857772
-5.685385974121736
-5.842414649870353
-6.009679556990711
-6.176788214597625
-6.354853711748735
-6.534836520905957
-6.7239951133728395
-6.921753475484758
-7.124259886230874
-7.325294209653119
-7.528993086286416
-7.742538762600694
-7.96175003777602
-8.17603905912454
-8.396039307307806
-8.6245632159128
-8.848910111903248
-9.085031894794882
-9.325749271907872
-9.565265509225885
-9.801636826596841
-10.053744135776029
-4.296566629420677
-4.448530515953271
-4.601560936028331
-4.755535814249884
-4.910122919152988
-5.0594264275431575
-5.215835851797687
-5.373533611557486
-5.532300549857772
-5.685385974121736
-5.842414649870353
-6.009679556990711
-6.176788214597625
-6.354853711748735
-6.534836520905957
-6.7239951133728395
-6.921753475484758
-7.124259886230874
-7.325294209653119
-7.528993086286416
-7.742538762600694
-7.96175003777602
-8.17603905912454
-8.396039307307806
-8.6245632159128
-8.848910111903248
-9.085031894794882
-9.325749271907872
-9.565265509225885
-9.801636826596841
-10.053744135776029
-4.296566629420677
-4.448530515953271
-4.601560936028331
-4.755535814249884
-4.910122919152988
-5.0594264275431575
-5.215835851797687
-5.373533611557486
-5.532300549857772
-5.685385974121736
-5.842414649870353
-6.009679556990711
-6.176788214597625
-6.354853711748735
-6.534836520905957
-6.7239951133728395
-6.921753475484758
-7.124259886230874
-7.325294209653119
-7.528993086286416
-7.742538762600694
-7.96175003777602
-8.17603905912454
-8.396039307307806
-8.6245632159128
-8.848910111903248
-9.085031894794882
-9.325749271907872
-9.565265509225885
-9.801636826596841
-10.053744135776029
-4.296566629420677
-4.448530515953271
-4.601560936028331
-4.755535814249884
-4.910122919152988
-5.0594264275431575
-5.215835851797687
-5.373533611557486
-5.532300549857772
-5.685385974121736
-5.842414649870353
-6.009679556990711
-6.176788214597625
-6.354853711748735
-6.534836520905957
-6.7239951133728395
-6.921753475484758
-7.124259886230874
-7.325294209653119
-7.528993086286416
-7.742538762600694
-7.96175003777602
-8.17603905912454
-8.396039307307806
-8.6245632159128
-8.848910111903248
-9.085031894794882
-9.325749271907872
-9.565265509225885
-9.801636826596841
-10.053744135776029
-8.223868546663907
-8.224543644503527
-8.225404478241575
-8.226516883775547
-8.227969621918328
-8.229882025567488
-8.232413920609035
-8.235778267402166
-8.240256858842038
-8.246232555606408
-8.254227210313353
-8.264878730455537
-8.278942709519507
-8.297339677453103
-8.321143775312514
-8.35159380931377
-8.389805882944122
-8.436829205338302
-8.493452348883496
-8.560313057320583
-8.622707658448936
-8.698595233397036
-8.800078049689397
-8.908379424630366
-9.022175729151844
-9.140219898487038
-9.260896484693786
-9.381900365219233
-9.508979656128462
-9.637886067876954
-9.760844555810374
-7.81759633882358
-7.8179077998328985
-7.81829929206149
-7.818799483596302
-7.819447205095685
-7.822199544084703
-7.823315749480701
-7.824796965045935
-7.826771103092145
-7.829417183458918
-7.832988817680454
-7.8224564525756906
-7.829275512691407
-7.838355384621795
-7.850383389970498
-7.866287908301258
-7.886983544447182
-7.913557800090031
-7.947140691012932
-7.989187752270945
-8.031073711829725
-8.077433659330667
-8.152052763858697
-8.23649961010022
-8.329626491051181
-8.429935174465166
-8.529261550575846
-8.641248007330274
-8.760156116354345
-8.876996418648096
-8.998064181393877
-7.54248967791423
-7.542808037802314
-7.5431925788493865
-7.543666995426154
-7.544263397172303
-7.545025254143878
-7.546011336117687
-7.547300950955656
-7.549000854447609
-7.551266249134841
-7.554328129369768
-7.558469714026252
-7.564029488235439
-7.571457814708283
-7.581341364629236
-7.59448189265701
-7.611703569845023
-7.634013997746803
-7.66251155397019
-7.698621048724209
-7.737127183181024
-7.7867958950988925
-7.852232884548598
-7.927780230212184
-8.012467874939931
-8.09980079944156
-8.202068656130242
-8.303379220775083
-8.419613672257562
-8.540489747660542
-8.66025905637368
-7.322536640663895
-7.3228902787951915
-7.323314453749987
-7.323834379455651
-7.32448421674486
-7.325310198710051
-7.3263748064321
-7.327762313409048
-7.329586084090057
-7.332012209814175
-7.335290294365803
-7.339723761413612
-7.345670815881801
-7.353608042093213
-7.364155473262641
-7.378166711420807
-7.396495020813382
-7.420181734374157
-7.450345563725725
-7.488493748882387
-7.546538548437309
-7.609694865332693
-7.673304718429609
-7.747781894842859
-7.824182564615602
-7.919704189217084
-8.022597504361402
-8.130841550161719
-8.23877573839258
-8.360814012512803
-8.477980062496664
-7.231854571630177
-7.232170989632199
-7.232557037615412
-7.233037641231046
-7.233646575256724
-7.234429556970718
-7.235448380410613
-7.236786407828214
-7.238555802011809
-7.240917888172755
-7.244109609773853
-7.248423837997283
-7.254214181328607
-7.261948874008155
-7.272235071724889
-7.285892526525378
-7.303776156322322
-7.326920187168727
-7.356445504841572
-7.394805286566485
-7.440912360330834
-7.496155492562873
-7.552520502703013
-7.63099019106566
-7.729339544761586
-7.830771700079876
-7.932544885785386
-8.0361488253964
-8.15428082567053
-8.269092539367561
-8.396884077095057
-7.226568796968181
-7.226877793964944
-7.227252197651918
-7.22771543022055
-7.228299234954753
-7.229046589814861
-7.230015605445463
-7.231284710217659
-7.232959492516316
-7.2351930013368015
-7.238212235248909
-7.242296565493465
-7.247781436501655
-7.255113204906994
-7.264873801895771
-7.277858382751321
-7.294892180221102
-7.316986070615643
-7.345248148361236
-7.384925787647732
-7.434872554903906
-7.487974933216338
-7.552087609113231
-7.62698429363064
-7.712045466243897
-7.806266607179333
-7.90826293194558
-8.011007003196655
-8.127898679417036
-8.250872946528967
-8.372070946592235
-7.25996675075808
-7.260273581680599
-7.260643827319241
-7.26110021257389
-7.261673538546505
-7.262405512619947
-7.263352536594172
-7.264590748947918
-7.266222684846344
-7.2683976392865945
-7.271338281743921
-7.27531786721004
-7.280663317406749
-7.28781075845256
-7.297330304960241
-7.310005494599974
-7.326646520642639
-7.34825185279462
-7.375921666132169
-7.411107289337931
-7.4547234510419695
-7.497841815443538
-7.563486755771638
-7.64006375803184
-7.726961887629164
-7.823251479386297
-7.927748204622293
-8.039332815105407
-8.150138640261813
-8.273331110485055
-8.394512358755879
-6.884006634077607
-6.884756245460887
-6.885657740753159
-6.886765066681538
-6.888151038940201
-6.889913716424135
-6.892184741955524
-6.895140101305858
-6.8990137233638045
-6.904142835578108
-6.911024253008686
-6.920242985825876
-6.932458027165391
-6.948502830048284
-6.969391324165278
-6.99642549274888
-7.0306760921908795
-7.073275477895921
-7.12516368812031
-7.187604042638956
-7.260462503768649
-7.343489153690216
-7.435953595176565
-7.537438931819464
-7.6413228423061685
-7.7654074502536385
-7.890773596288577
-8.023522069903226
-8.154269834165635
-8.293352035236026
-8.42967999852987
-6.588501357724943
-6.589934755317946
-6.5916841282038865
-6.593860406528228
-6.596612213895958
-6.600137724822639
-6.604699482783044
-6.610642290110024
-6.618413701845663
-6.628631327960172
-6.642157049926283
-6.659954173794146
-6.683027659679205
-6.712524913204538
-6.749667433660789
-6.795813573945914
-6.851671261747093
-6.917745169456897
-6.994077374486323
-7.080966984421803
-7.17707529907724
-7.27436120785404
-7.3886468257596905
-7.510571728656587
-7.638177438608751
-7.770112412874752
-7.91156715752256
-8.050628294292126
-8.195221229858168
-8.341342484603356
-8.499245814120908
-6.275127217024235
-6.278069956196979
-6.281695521504591
-6.286237111268861
-6.292001951401612
-6.299390621189608
-6.308918202008835
-6.321234780281646
-6.337140669644838
-6.357664753948982
-6.384124658742917
-6.417805373933352
-6.459792447270592
-6.51107270570039
-6.572398718539297
-6.644396699075074
-6.7266347180990556
-6.818473765191572
-6.918897527956495
-7.021384372419442
-7.13963721924364
-7.264017460902827
-7.393159264894013
-7.522465753357429
-7.664545879156667
-7.810577629697486
-7.966205510021064
-8.115727755284038
-8.273310246206018
-8.434428036528253
-8.610813233438316
-5.891409421165473
-5.898498859879258
-5.907237441749927
-5.918141702077606
-5.931860935200545
-5.94919099156706
-5.971075201663265
-5.9985829569275415
-6.032856331027415
-6.075157742091646
-6.1268597096260535
-6.188800980972332
-6.2611109896467205
-6.3435910767705606
-6.435743212553213
-6.537192638743054
-6.646515079933408
-6.762570327373417
-6.884055247248806
-7.006335775869273
-7.147452944680303
-7.285461684558361
-7.422728080389973
-7.565167640683506
-7.713057470458279
-7.874204214591344
-8.046283062477091
-8.206647462333047
-8.383250013673136
-8.565089740056276
-8.754173754597925
-5.477754669716796
-5.495153073478619
-5.516403879961843
-5.542464303234544
-5.574395491450625
-5.6132995791996185
-5.660222787777272
-5.716034232401942
-5.781303965352651
-5.8564116563295725
-5.941636965609439
-6.036476578526905
-6.139763338401064
-6.250384747582892
-6.367324368231742
-6.483389954435914
-6.612426447615224
-6.746190771888577
-6.883553138230919
-7.020983098441872
-7.163472252760255
-7.3177904671660166
-7.472107296722019
-7.639543144402731
-7.80290160367224
-7.976321688520773
-8.161061155219967
-8.33920035874057
-8.534676712899472
-8.734397976139173
-8.933354931168664
-5.000754845210184
-5.046773258569428
-5.100255960174032
-5.161946175108982
-5.232324325656712
-5.311535843187222
-5.399367158277961
-5.4952774120577
-5.5984758942152
-5.7091233300710105
-5.823401614570962
-5.9465511433537594
-6.073742352416131
-6.204974464265519
-6.333395327117666
-6.473505115825051
-6.6118325597986685
-6.760412307929807
-6.907518065665309
-7.062878846436868
-7.229812910060266
-7.394706905574342
-7.564509877598679
-7.748035052678261
-7.931079727430004
-8.11806825624148
-8.32270957598009
-8.528254780787444
-8.73189912473216
-8.940302436769754
-9.160106222300158
-4.602355375238939
-4.698324674909547
-4.799957504040936
-4.899316218289045
-5.0147657854794065
-5.134305601801492
-5.257313751914539
-5.383164410412619
-5.5112330112423695
-5.636471613784313
-5.776085348303092
-5.909144572944247
-6.0418219954117
-6.18898919662531
-6.339895997814123
-6.490941601242727
-6.646891291839603
-6.80896357985182
-6.971893023592564
-7.147776537988781
-7.328686671661158
-7.5180736422275185
-7.71266192744572
-7.912582089783462
-8.108848981477138
-8.313005103296698
-8.527005370629514
-8.74610090189241
-8.96174623908118
-9.18169523837205
-9.411877575593484
-4.3044714918813884
-4.4470831467345375
-4.5901905039237025
-4.733930048224889
-4.8784026954233095
-5.023770326548269
-5.175557348842868
-5.32170701198063
-5.468744046276575
-5.6148735731136545
-5.7577150351546695
-5.910485043689671
-6.062190936143301
-6.214338799627929
-6.379248490975694
-6.5523188092388205
-6.7313910346813515
-6.914828515665559
-7.089621045892952
-7.282284468818632
-7.486867744124723
-7.6958978916705405
-7.9013882315577115
-8.116352671353537
-8.328557224826895
-8.544018910086065
-8.76350034268409
-8.992690415711706
-9.225792641795866
-9.462557280905841
-9.68831254483238
-4.2467205472120115
-4.399099691535093
-4.5458412684725635
-4.699394991493547
-4.854388565196753
-5.003982014008681
-5.1602451265153855
-5.318174181047621
-5.4711655441167775
-5.629876618218818
-5.787595185901196
-5.949659994024324
-6.12210295378508
-6.294378582781388
-6.474938382666165
-6.664378564517765
-6.862679361192099
-7.065930562484577
-7.26746566488152
-7.464791420164061
-7.67891369169419
-7.898916510472253
-8.113983538001914
-8.334911491621064
-8.563540717445639
-8.788399163395969
-9.024707331108495
-9.266399477775863
-9.499159958278359
-9.742152404940619
-9.986983286559104
-4.2467205472120115
-4.399099691535093
-4.5458412684725635
-4.699394991493547
-4.854388565196753
-5.003982014008681
-5.1602451265153855
-5.318174181047621
-5.4711655441167775
-5.629876618218818
-5.787595185901196
-5.949659994024324
-6.12210295378508
-6.294378582781388
-6.474938382666165
-6.664378564517765
-6.862679361192099
-7.065930562484577
-7.26746566488152
-7.464791420164061
-7.67891369169419
-7.898916510472253
-8.113983538001914
-8.334911491621064
-8.563540717445639
-8.788399163395969
-9.024707331108495
-9.266399477775863
-9.499159958278359
-9.742152404940619
-9.986983286559104
-4.2467205472120115
-4.399099691535093
-4.5458412684725635
-4.699394991493547
-4.854388565196753
-5.003982014008681
-5.1602451265153855
-5.318174181047621
-5.4711655441167775
-5.629876618218818
-5.787595185901196
-5.949659994024324
-6.12210295378508
-6.294378582781388
-6.474938382666165
-6.664378564517765
-6.862679361192099
-7.065930562484577
-7.26746566488152
-7.464791420164061
-7.67891369169419
-7.898916510472253
-8.113983538001914
-8.334911491621064
-8.563540717445639
-8.788399163395969
-9.024707331108495
-9.266399477775863
-9.499159958278359
-9.742152404940619
-9.986983286559104
-4.2467205472120115
-4.399099691535093
-4.5458412684725635
-4.699394991493547
-4.854388565196753
-5.003982014008681
-5.1602451265153855
-5.318174181047621
-5.4711655441167775
-5.629876618218818
-5.787595185901196
-5.949659994024324
-6.12210295378508
-6.294378582781388
-6.474938382666165
-6.664378564517765
-6.862679361192099
-7.065930562484577
-7.26746566488152
-7.464791420164061
-7.67891369169419
-7.898916510472253
-8.113983538001914
-8.334911491621064
-8.563540717445639
-8.788399163395969
-9.024707331108495
-9.266399477775863
-9.499159958278359
-9.742152404940619
-9.986983286559104
-4.2467205472120115
-4.399099691535093
-4.5458412684725635
-4.699394991493547
-4.854388565196753
-5.003982014008681
-5.1602451265153855
-5.318174181047621
-5.4711655441167775
-5.629876618218818
-5.787595185901196
-5.949659994024324
-6.12210295378508
-6.294378582781388
-6.474938382666165
-6.664378564517765
-6.862679361192099
-7.065930562484577
-7.26746566488152
-7.464791420164061
-7.67891369169419
-7.898916510472253
-8.113983538001914
-8.334911491621064
-8.563540717445639
-8.788399163395969
-9.024707331108495
-9.266399477775863
-9.499159958278359
-9.742152404940619
-9.986983286559104
-4.2467205472120115
-4.399099691535093
-4.5458412684725635
-4.699394991493547
-4.854388565196753
-5.003982014008681
-5.1602451265153855
-5.318174181047621
-5.4711655441167775
-5.629876618218818
-5.787595185901196
-5.949659994024324
-6.12210295378508
-6.294378582781388
-6.474938382666165
-6.664378564517765
-6.862679361192099
-7.065930562484577
-7.26746566488152
-7.464791420164061
-7.67891369169419
-7.898916510472253
-8.113983538001914
-8.334911491621064
-8.563540717445639
-8.788399163395969
-9.024707331108495
-9.266399477775863
-9.499159958278359
-9.742152404940619
-9.986983286559104
-4.2467205472120115
-4.399099691535093
-4.5458412684725635
-4.699394991493547
-4.854388565196753
-5.003982014008681
-5.1602451265153855
-5.318174181047621
-5.4711655441167775
-5.629876618218818
-5.787595185901196
-5.949659994024324
-6.12210295378508
-6.294378582781388
-6.474938382666165
-6.664378564517765
-6.862679361192099
-7.065930562484577
-7.26746566488152
-7.464791420164061
-7.67891369169419
-7.898916510472253
-8.113983538001914
-8.334911491621064
-8.563540717445639
-8.788399163395969
-9.024707331108495
-9.266399477775863
-9.499159958278359
-9.742152404940619
-9.986983286559104
-4.2467205472120115
-4.399099691535093
-4.5458412684725635
-4.699394991493547
-4.854388565196753
-5.003982014008681
-5.1602451265153855
-5.318174181047621
-5.4711655441167775
-5.629876618218818
-5.787595185901196
-5.949659994024324
-6.12210295378508
-6.294378582781388
-6.474938382666165
-6.664378564517765
-6.862679361192099
-7.065930562484577
-7.26746566488152
-7.464791420164061
-7.67891369169419
-7.898916510472253
-8.113983538001914
-8.334911491621064
-8.563540717445639
-8.788399163395969
-9.024707331108495
-9.266399477775863
-9.499159958278359
-9.742152404940619
-9.986983286559104
-4.2467205472120115
-4.399099691535093
-4.5458412684725635
-4.699394991493547
-4.854388565196753
-5.003982014008681
-5.1602451265153855
-5.318174181047621
-5.4711655441167775
-5.629876618218818
-5.787595185901196
-5.949659994024324
-6.12210295378508
-6.294378582781388
-6.474938382666165
-6.664378564517765
-6.862679361192099
-7.065930562484577
-7.26746566488152
-7.464791420164061
-7.67891369169419
-7.898916510472253
-8.113983538001914
-8.334911491621064
-8.563540717445639
-8.788399163395969
-9.024707331108495
-9.266399477775863
-9.499159958278359
-9.742152404940619
-9.986983286559104
-4.2467205472120115
-4.399099691535093
-4.5458412684725635
-4.699394991493547
-4.854388565196753
-5.003982014008681
-5.1602451265153855
-5.318174181047621
-5.4711655441167775
-5.629876618218818
-5.787595185901196
-5.949659994024324
-6.12210295378508
-6.294378582781388
-6.474938382666165
-6.664378564517765
-6.862679361192099
-7.065930562484577
-7.26746566488152
-7.464791420164061
-7.67891369169419
-7.898916510472253
-8.113983538001914
-8.334911491621064
-8.563540717445639
-8.788399163395969
-9.024707331108495
-9.266399477775863
-9.499159958278359
-9.742152404940619
-9.986983286559104
-4.2467205472120115
-4.399099691535093
-4.5458412684725635
-4.699394991493547
-4.854388565196753
-5.003982014008681
-5.1602451265153855
-5.318174181047621
-5.4711655441167775
-5.629876618218818
-5.787595185901196
-5.949659994024324
-6.12210295378508
-6.294378582781388
-6.474938382666165
-6.664378564517765
-6.862679361192099
-7.065930562484577
-7.26746566488152
-7.464791420164061
-7.67891369169419
-7.898916510472253
-8.113983538001914
-8.334911491621064
-8.563540717445639
-8.788399163395969
-9.024707331108495
-9.266399477775863
-9.499159958278359
-9.742152404940619
-9.986983286559104
-4.2467205472120115
-4.399099691535093
-4.5458412684725635
-4.699394991493547
-4.854388565196753
-5.003982014008681
-5.1602451265153855
-5.318174181047621
-5.4711655441167775
-5.629876618218818
-5.787595185901196
-5.949659994024324
-6.12210295378508
-6.294378582781388
-6.474938382666165
-6.664378564517765
-6.862679361192099
-7.065930562484577
-7.26746566488152
-7.464791420164061
-7.67891369169419
-7.898916510472253
-8.113983538001914
-8.334911491621064
-8.563540717445639
-8.788399163395969
-9.024707331108495
-9.266399477775863
-9.499159958278359
-9.742152404940619
-9.986983286559104
-4.2467205472120115
-4.399099691535093
-4.5458412684725635
-4.699394991493547
-4.854388565196753
-5.003982014008681
-5.1602451265153855
-5.318174181047621
-5.4711655441167775
-5.629876618218818
-5.787595185901196
-5.949659994024324
-6.12210295378508
-6.294378582781388
-6.474938382666165
-6.664378564517765
-6.862679361192099
-7.065930562484577
-7.26746566488152
-7.464791420164061
-7.67891369169419
-7.898916510472253
-8.113983538001914
-8.334911491621064
-8.563540717445639
-8.788399163395969
-9.024707331108495
-9.266399477775863
-9.499159958278359
-9.742152404940619
-9.986983286559104
-4.2467205472120115
-4.399099691535093
-4.5458412684725635
-4.699394991493547
-4.854388565196753
-5.003982014008681
-5.1602451265153855
-5.318174181047621
-5.4711655441167775
-5.629876618218818
-5.787595185901196
-5.949659994024324
-6.12210295378508
-6.294378582781388
-6.474938382666165
-6.664378564517765
-6.862679361192099
-7.065930562484577
-7.26746566488152
-7.464791420164061
-7.67891369169419
-7.898916510472253
-8.113983538001914
-8.334911491621064
-8.563540717445639
-8.788399163395969
-9.024707331108495
-9.266399477775863
-9.499159958278359
-9.742152404940619
-9.986983286559104
-4.2467205472120115
-4.399099691535093
-4.5458412684725635
-4.699394991493547
-4.854388565196753
-5.003982014008681
-5.1602451265153855
-5.318174181047621
-5.4711655441167775
-5.629876618218818
-5.787595185901196
-5.949659994024324
-6.12210295378508
-6.294378582781388
-6.474938382666165
-6.664378564517765
-6.862679361192099
-7.065930562484577
-7.26746566488152
-7.464791420164061
-7.67891369169419
-7.898916510472253
-8.113983538001914
-8.334911491621064
-8.563540717445639
-8.788399163395969
-9.024707331108495
-9.266399477775863
-9.499159958278359
-9.742152404940619
-9.986983286559104
-4.2467205472120115
-4.399099691535093
-4.5458412684725635
-4.699394991493547
-4.854388565196753
-5.003982014008681
-5.1602451265153855
-5.318174181047621
-5.4711655441167775
-5.629876618218818
-5.787595185901196
-5.949659994024324
-6.12210295378508
-6.294378582781388
-6.474938382666165
-6.664378564517765
-6.862679361192099
-7.065930562484577
-7.26746566488152
-7.464791420164061
-7.67891369169419
-7.898916510472253
-8.113983538001914
-8.334911491621064
-8.563540717445639
-8.788399163395969
-9.024707331108495
-9.266399477775863
-9.499159958278359
-9.742152404940619
-9.986983286559104
-8.092826272750154
-8.093687306877563
-8.094809016171675
-8.0962833786908
-8.098234012621086
-8.100826406443783
-8.104280921743305
-8.10888888047378
-8.115031689367303
-8.123213112842523
-8.134093794158428
-8.148471752066603
-8.16727558107105
-8.191581430792846
-8.222566333783334
-8.26146044184529
-8.30927012771546
-8.366771729758858
-8.434346432426105
-8.512051848026998
-8.581331112356564
-8.677383034961881
-8.786526290273997
-8.901003263990454
-9.01339859064034
-9.135630640758192
-9.25994025397861
-9.39137542764947
-9.520461731625096
-9.644547710426178
-9.767917534229376
-7.666337366898572
-7.666827638049925
-7.66743357979549
-7.668196402545626
-7.669171831080014
-7.670435084819829
-7.672087457208373
-7.674264916193243
-7.677149181263443
-7.680996505684681
-7.686173837351024
-7.693130893863763
-7.70240365270948
-7.7146789059547825
-7.730810484363958
-7.7518856222440435
-7.778957471758899
-7.813184196078477
-7.855661490445155
-7.907615443981968
-7.94752561996626
-8.017450731411975
-8.103170053150665
-8.190558762443985
-8.29446624903799
-8.404587205494094
-8.518268328899964
-8.636493743189277
-8.753119042540126
-8.880014478314525
-9.002564125456214
-7.383232639946785
-7.383601574800903
-7.3840685531639005
-7.384668639012531
-7.385449289501639
-7.386474639848685
-7.387831189970853
-7.391541308285471
-7.393940742010182
-7.397156456287391
-7.40149035330279
-7.407321878462679
-7.400016768495536
-7.410898761996992
-7.425249206597305
-7.444101197974977
-7.468453925296216
-7.499448825106903
-7.538211203231573
-7.586120538018417
-7.6362535892414325
-7.6990909652731485
-7.778437821293141
-7.867481654903138
-7.96506992540774
-8.06991991967394
-8.17958196901106
-8.288896981867175
-8.409463824820868
-8.527576366685967
-8.649521264901354
-7.1614124885710595
-7.161850441594771
-7.162392106949458
-7.16307449082016
-7.163947661564796
-7.165079254061258
-7.166560438638588
-7.168513756763915
-7.17110327313182
-7.17456067284279
-7.17921833752252
-7.185486051784893
-7.193856115654109
-7.2049641472969626
-7.219608559101396
-7.238818465278942
-7.263618890834689
-7.295163629797937
-7.334586199289614
-7.383190019796679
-7.449545154867081
-7.515639788960042
-7.593512317588999
-7.681336885929807
-7.777967352780984
-7.882046963609019
-7.991778059220285
-8.09947634983319
-8.22146245863181
-8.339593057411692
-8.467933904306046
-7.040541956609506
-7.0410138234303705
-7.041592571944175
-7.042316284220753
-7.043236473934862
-7.044422711225579
-7.045968746163567
-7.048000538132676
-7.050686642544343
-7.054266901022317
-7.059088846079376
-7.065577247111527
-7.074236431789135
-7.085717854305485
-7.100839349574054
-7.120663507799658
-7.146220174187349
-7.178669006644402
-7.219135608991583
-7.270392999903002
-7.330263586672274
-7.399874709278588
-7.479540917249367
-7.569144369335707
-7.6752233655087085
-7.776519376678861
-7.888495304856717
-8.006455987266943
-8.121600498241246
-8.249093768667814
-8.37228198228913
-7.029042473484866
-7.0294988836979435
-7.030055429670283
-7.030747807409744
-7.03162431698199
-7.032750214081676
-7.0342134814409505
-7.036132414421296
-7.038665466097386
-7.042039661022572
-7.046586881954894
-7.052711844636237
-7.060893699190725
-7.071755150402335
-7.086083614485701
-7.1049159753837285
-7.129258838790849
-7.16026508432044
-7.1990758250178635
-7.266791049572016
-7.32702683583402
-7.391639605857076
-7.467279147468091
-7.553158037687625
-7.648127652383409
-7.751138207651504
-7.8549339392278075
-7.973570714421683
-8.09533011055323
-8.215545692545474
-8.347773747228427
-7.0596568294246165
-7.0601134130004946
-7.060665819671821
-7.061348221755556
-7.062206865671582
-7.063304247480476
-7.064724656731193
-7.06658147377374
-7.069026660410317
-7.072279879669629
-7.0766658717016195
-7.08257852398332
-7.090480883267748
-7.100977919809165
-7.114839041021916
-7.133091149520449
-7.156722474493607
-7.186880639065742
-7.224714674637908
-7.271709190329411
-7.328456153639646
-7.395410451502931
-7.47256430846526
-7.5601189944560625
-7.656984889377893
-7.761788320478706
-7.866226494354851
-7.986718183818415
-8.110491595874926
-8.230512510420528
-8.362801295173039
-6.6883490845236215
-6.689306954662013
-6.690491415802584
-6.691982563975893
-6.693888168317354
-6.696352735737909
-6.699569137614393
-6.703793187524989
-6.709361323191874
-6.716738820629962
-6.726576004136605
-6.739636230414064
-6.756774510455897
-6.779015559426861
-6.80752531688436
-6.8436580967493
-6.88842586751892
-6.942728388522174
-7.007106885828021
-7.082182602513503
-7.167278995197605
-7.261592497468319
-7.356601166142638
-7.469207085770907
-7.588639587774992
-7.717189587591588
-7.847806905014813
-7.9765218530149395
-8.117857293840945
-8.252371754094867
-8.39049606182692
-6.374961377945722
-6.376878662862659
-6.379278666678329
-6.382328854532291
-6.3862519814936105
-6.3913421881631045
-6.39798406947529
-6.406673874755896
-6.418040651692772
-6.432907450970512
-6.452346964266095
-6.477512609963725
-6.5095420358400995
-6.549601469692777
-6.598764424243618
-6.658020768256555
-6.727583293858956
-6.807348940107263
-6.896757975564715
-6.995450919302583
-7.094963574246224
-7.210295444704301
-7.331555966217083
-7.458847018272396
-7.584142217773112
-7.726192764493627
-7.870086630274623
-8.011073571190408
-8.150568677137718
-8.29829161830586
-8.456587798783389
-6.04533750289918
-6.049452572309389
-6.054627276444728
-6.061212993752974
-6.069664848433827
-6.0805629169482405
-6.094630772358085
-6.112745414938247
-6.135929893238016
-6.165392232728497
-6.202523482132353
-6.248518679658311
-6.304183251406966
-6.370027574524636
-6.446179605690026
-6.532560349687262
-6.628179704452838
-6.731982946462082
-6.8427329626607305
-6.954519012377616
-7.079203597086094
-7.208734437791467
-7.335568343204062
-7.474747529328266
-7.61256734524492
-7.7601332841494
-7.916594997461073
-8.067259594916365
-8.225509048010148
-8.394120867443307
-8.564130167742618
-5.6655340576012465
-5.67456558560459
-5.686100748447043
-5.700882760689153
-5.7198091098722355
-5.730418192549233
-5.762250420963916
-5.801551881259054
-5.849367627350605
-5.906644420925425
-5.97419116456973
-6.052134627408898
-6.139898598114601
-6.236669298244649
-6.341509633755464
-6.4537772330378465
-6.57213831801356
-6.695654454728708
-6.82332355988163
-6.949904199623434
-7.09376198592718
-7.234215991315453
-7.373528466145244
-7.517746058975168
-7.666727498286532
-7.828594677085274
-7.994317068813344
-8.155250342173991
-8.332652295598763
-8.521107716810405
-8.703705925329452
-5.2465000159138295
-5.269549539158082
-5.2981896588562645
-5.3353953499842754
-5.3657196874695146
-5.420049595063512
-5.483658508629583
-5.556804401352778
-5.6393355416269815
-5.730888274007226
-5.831068130192214
-5.9389648632154515
-6.053317677350222
-6.173117693716652
-6.297617789649796
-6.426616674588155
-6.552838361544932
-6.689426149576641
-6.829762617983892
-6.9686244180807115
-7.112694256422446
-7.267828160853548
-7.41688927488852
-7.590698385811286
-7.754487153345415
-7.921489877382294
-8.106923669216458
-8.284909721262265
-8.480593403423503
-8.68099089825007
-8.886809410795845
-4.79618641234799
-4.855514577713479
-4.923609414345996
-4.992810235028293
-5.081865508261236
-5.178678962499965
-5.28249903353665
-5.392447009415344
-5.50760448472516
-5.628262915701771
-5.756822143419017
-5.884906765059748
-6.0098424057543385
-6.144475949436435
-6.282528240581432
-6.4180027585858666
-6.563958551918764
-6.707244667592838
-6.855366628051192
-7.011184216172503
-7.178412654716855
-7.343364346292334
-7.5137438230938765
-7.697067197859793
-7.880550516056524
-8.068017732212324
-8.27309327556491
-8.472259531487444
-8.676307186393393
-8.88545660074307
-9.105436605913862
-4.472573300499115
-4.573944119383807
-4.69087865536119
-4.811613403243945
-4.935539823861389
-5.0620332385054985
-5.19064433871806
-5.315043204480073
-5.447512560544963
-5.582640945960788
-5.717971502088728
-5.8525488372283885
-5.992838181748614
-6.134705519385319
-6.286249412747271
-6.4379011778010575
-6.59402981659517
-6.756228960212952
-6.9196640544259225
-7.095481175847315
-7.276526192262653
-7.465983174253678
-7.660537932309245
-7.854587091199001
-8.051611589124159
-8.26234012190968
-8.476761123401014
-8.68979291140755
-8.9058662116174
-9.126152894691577
-9.356730990290925
-4.2498246929544665
-4.393422286115228
-4.537582659335505
-4.682294438222141
-4.8275466142227375
-4.9733721978980725
-5.119794931142159
-5.266839111767137
-5.4200219718732
-5.567085639132723
-5.709768424639435
-5.856811309683816
-6.008699165708743
-6.166967618444934
-6.326606250746084
-6.4993287299769005
-6.678491600880479
-6.86217543031831
-7.036870187112687
-7.229578079316071
-7.434918313608866
-7.644572837697689
-7.850314764406979
-8.059232021224501
-8.271553766511458
-8.487528302543769
-8.70751058983474
-8.936866916611601
-9.170614327657187
-9.400921870497289
-9.633090389128252
-4.205309414605708
-4.350816757098128
-4.503741969749436
-4.651238045269557
-4.805628082829618
-4.955752546813308
-5.111496033498232
-5.269390105064106
-5.421878659682527
-5.58127681331285
-5.73904954981456
-5.900361932759104
-6.06708445722693
-6.239940813632769
-6.420367617911882
-6.609766864441192
-6.808455815162716
-7.0118628824597025
-7.207729493201142
-7.411366403492898
-7.619821157612302
-7.840099878897363
-8.055804380874067
-8.282951293578718
-8.505624998030878
-8.730804791010693
-8.961000450404073
-9.209445923941441
-9.442145561415458
-9.68472511637776
-9.929360979716074
-4.205309414605708
-4.350816757098128
-4.503741969749436
-4.651238045269557
-4.805628082829618
-4.955752546813308
-5.111496033498232
-5.269390105064106
-5.421878659682527
-5.58127681331285
-5.73904954981456
-5.900361932759104
-6.06708445722693
-6.239940813632769
-6.420367617911882
-6.609766864441192
-6.808455815162716
-7.0118628824597025
-7.207729493201142
-7.411366403492898
-7.619821157612302
-7.840099878897363
-8.055804380874067
-8.282951293578718
-8.505624998030878
-8.730804791010693
-8.961000450404073
-9.209445923941441
-9.442145561415458
-9.68472511637776
-9.929360979716074
-4.205309414605708
-4.350816757098128
-4.503741969749436
-4.651238045269557
-4.805628082829618
-4.955752546813308
-5.111496033498232
-5.269390105064106
-5.421878659682527
-5.58127681331285
-5.73904954981456
-5.900361932759104
-6.06708445722693
-6.239940813632769
-6.420367617911882
-6.609766864441192
-6.808455815162716
-7.0118628824597025
-7.207729493201142
-7.411366403492898
-7.619821157612302
-7.840099878897363
-8.055804380874067
-8.282951293578718
-8.505624998030878
-8.730804791010693
-8.961000450404073
-9.209445923941441
-9.442145561415458
-9.68472511637776
-9.929360979716074
-4.205309414605708
-4.350816757098128
-4.503741969749436
-4.651238045269557
-4.805628082829618
-4.955752546813308
-5.111496033498232
-5.269390105064106
-5.421878659682527
-5.58127681331285
-5.73904954981456
-5.900361932759104
-6.06708445722693
-6.239940813632769
-6.420367617911882
-6.609766864441192
-6.808455815162716
-7.0118628824597025
-7.207729493201142
-7.411366403492898
-7.619821157612302
-7.840099878897363
-8.055804380874067
-8.282951293578718
-8.505624998030878
-8.730804791010693
-8.961000450404073
-9.209445923941441
-9.442145561415458
-9.68472511637776
-9.929360979716074
-4.205309414605708
-4.350816757098128
-4.503741969749436
-4.651238045269557
-4.805628082829618
-4.955752546813308
-5.111496033498232
-5.269390105064106
-5.421878659682527
-5.58127681331285
-5.73904954981456
-5.900361932759104
-6.06708445722693
-6.239940813632769
-6.420367617911882
-6.609766864441192
-6.808455815162716
-7.0118628824597025
-7.207729493201142
-7.411366403492898
-7.619821157612302
-7.840099878897363
-8.055804380874067
-8.282951293578718
-8.505624998030878
-8.730804791010693
-8.961000450404073
-9.209445923941441
-9.442145561415458
-9.68472511637776
-9.929360979716074
-4.205309414605708
-4.350816757098128
-4.503741969749436
-4.651238045269557
-4.805628082829618
-4.955752546813308
-5.111496033498232
-5.269390105064106
-5.421878659682527
-5.58127681331285
-5.73904954981456
-5.900361932759104
-6.06708445722693
-6.239940813632769
-6.420367617911882
-6.609766864441192
-6.808455815162716
-7.0118628824597025
-7.207729493201142
-7.411366403492898
-7.619821157612302
-7.840099878897363
-8.055804380874067
-8.282951293578718
-8.505624998030878
-8.730804791010693
-8.961000450404073
-9.209445923941441
-9.442145561415458
-9.68472511637776
-9.929360979716074
-4.205309414605708
-4.350816757098128
-4.503741969749436
-4.651238045269557
-4.805628082829618
-4.955752546813308
-5.111496033498232
-5.269390105064106
-5.421878659682527
-5.58127681331285
-5.73904954981456
-5.900361932759104
-6.06708445722693
-6.239940813632769
-6.420367617911882
-6.609766864441192
-6.808455815162716
-7.0118628824597025
-7.207729493201142
-7.411366403492898
-7.619821157612302
-7.840099878897363
-8.055804380874067
-8.282951293578718
-8.505624998030878
-8.730804791010693
-8.961000450404073
-9.209445923941441
-9.442145561415458
-9.68472511637776
-9.929360979716074
-4.205309414605708
-4.350816757098128
-4.503741969749436
-4.651238045269557
-4.805628082829618
-4.955752546813308
-5.111496033498232
-5.269390105064106
-5.421878659682527
-5.58127681331285
-5.73904954981456
-5.900361932759104
-6.06708445722693
-6.239940813632769
-6.420367617911882
-6.609766864441192
-6.808455815162716
-7.0118628824597025
-7.207729493201142
-7.411366403492898
-7.619821157612302
-7.840099878897363
-8.055804380874067
-8.282951293578718
-8.505624998030878
-8.730804791010693
-8.961000450404073
-9.209445923941441
-9.442145561415458
-9.68472511637776
-9.929360979716074
-4.205309414605708
-4.350816757098128
-4.503741969749436
-4.651238045269557
-4.805628082829618
-4.955752546813308
-5.111496033498232
-5.269390105064106
-5.421878659682527
-5.58127681331285
-5.73904954981456
-5.900361932759104
-6.06708445722693
-6.239940813632769
-6.420367617911882
-6.609766864441192
-6.808455815162716
-7.0118628824597025
-7.207729493201142
-7.411366403492898
-7.619821157612302
-7.840099878897363
-8.055804380874067
-8.282951293578718
-8.505624998030878
-8.730804791010693
-8.961000450404073
-9.209445923941441
-9.442145561415458
-9.68472511637776
-9.929360979716074
-4.205309414605708
-4.350816757098128
-4.503741969749436
-4.651238045269557
-4.805628082829618
-4.955752546813308
-5.111496033498232
-5.269390105064106
-5.421878659682527
-5.58127681331285
-5.73904954981456
-5.900361932759104
-6.06708445722693
-6.239940813632769
-6.420367617911882
-6.609766864441192
-6.808455815162716
-7.0118628824597025
-7.207729493201142
-7.411366403492898
-7.619821157612302
-7.840099878897363
-8.055804380874067
-8.282951293578718
-8.505624998030878
-8.730804791010693
-8.961000450404073
-9.209445923941441
-9.442145561415458
-9.68472511637776
-9.929360979716074
-4.205309414605708
-4.350816757098128
-4.503741969749436
-4.651238045269557
-4.805628082829618
-4.955752546813308
-5.111496033498232
-5.269390105064106
-5.421878659682527
-5.58127681331285
-5.73904954981456
-5.900361932759104
-6.06708445722693
-6.239940813632769
-6.420367617911882
-6.609766864441192
-6.808455815162716
-7.0118628824597025
-7.207729493201142
-7.411366403492898
-7.619821157612302
-7.840099878897363
-8.055804380874067
-8.282951293578718
-8.505624998030878
-8.730804791010693
-8.961000450404073
-9.209445923941441
-9.442145561415458
-9.68472511637776
-9.929360979716074
-4.205309414605708
-4.350816757098128
-4.503741969749436
-4.651238045269557
-4.805628082829618
-4.955752546813308
-5.111496033498232
-5.269390105064106
-5.421878659682527
-5.58127681331285
-5.73904954981456
-5.900361932759104
-6.06708445722693
-6.239940813632769
-6.420367617911882
-6.609766864441192
-6.808455815162716
-7.0118628824597025
-7.207729493201142
-7.411366403492898
-7.619821157612302
-7.840099878897363
-8.055804380874067
-8.282951293578718
-8.505624998030878
-8.730804791010693
-8.961000450404073
-9.209445923941441
-9.442145561415458
-9.68472511637776
-9.929360979716074
-4.205309414605708
-4.350816757098128
-4.503741969749436
-4.651238045269557
-4.805628082829618
-4.955752546813308
-5.111496033498232
-5.269390105064106
-5.421878659682527
-5.58127681331285
-5.73904954981456
-5.900361932759104
-6.06708445722693
-6.239940813632769
-6.420367617911882
-6.609766864441192
-6.808455815162716
-7.0118628824597025
-7.207729493201142
-7.411366403492898
-7.619821157612302
-7.840099878897363
-8.055804380874067
-8.282951293578718
-8.505624998030878
-8.730804791010693
-8.961000450404073
-9.209445923941441
-9.442145561415458
-9.68472511637776
-9.929360979716074
-4.205309414605708
-4.350816757098128
-4.503741969749436
-4.651238045269557
-4.805628082829618
-4.955752546813308
-5.111496033498232
-5.269390105064106
-5.421878659682527
-5.58127681331285
-5.73904954981456
-5.900361932759104
-6.06708445722693
-6.239940813632769
-6.420367617911882
-6.609766864441192
-6.808455815162716
-7.0118628824597025
-7.207729493201142
-7.411366403492898
-7.619821157612302
-7.840099878897363
-8.055804380874067
-8.282951293578718
-8.505624998030878
-8.730804791010693
-8.961000450404073
-9.209445923941441
-9.442145561415458
-9.68472511637776
-9.929360979716074
-4.205309414605708
-4.350816757098128
-4.503741969749436
-4.651238045269557
-4.805628082829618
-4.955752546813308
-5.111496033498232
-5.269390105064106
-5.421878659682527
-5.58127681331285
-5.73904954981456
-5.900361932759104
-6.06708445722693
-6.239940813632769
-6.420367617911882
-6.609766864441192
-6.808455815162716
-7.0118628824597025
-7.207729493201142
-7.411366403492898
-7.619821157612302
-7.840099878897363
-8.055804380874067
-8.282951293578718
-8.505624998030878
-8.730804791010693
-8.961000450404073
-9.209445923941441
-9.442145561415458
-9.68472511637776
-9.929360979716074
-4.205309414605708
-4.350816757098128
-4.503741969749436
-4.651238045269557
-4.805628082829618
-4.955752546813308
-5.111496033498232
-5.269390105064106
-5.421878659682527
-5.58127681331285
-5.73904954981456
-5.900361932759104
-6.06708445722693
-6.239940813632769
-6.420367617911882
-6.609766864441192
-6.808455815162716
-7.0118628824597025
-7.207729493201142
-7.411366403492898
-7.619821157612302
-7.840099878897363
-8.055804380874067
-8.282951293578718
-8.505624998030878
-8.730804791010693
-8.961000450404073
-9.209445923941441
-9.442145561415458
-9.68472511637776
-9.929360979716074
